t_s,speed_kmh,s_m
0.00,101.0,0.0
0.20,107.0,5.8
0.40,112.0,11.9
0.60,118.0,18.2
0.80,125.0,25.0
1.00,134.0,32.2
1.20,142.0,39.9
1.40,151.0,48.0
1.60,157.0,56.6
1.80,163.0,65.4
2.00,170.0,74.7
2.20,174.0,84.2
2.40,180.0,94.1
2.60,184.0,104.2
2.80,188.0,114.5
3.00,189.0,125.0
3.20,186.0,135.4
3.40,176.0,145.5
3.60,167.0,155.0
3.80,154.0,163.9
4.00,147.0,172.3
4.20,140.0,180.2
4.40,133.0,187.8
4.60,123.0,194.9
4.80,117.0,201.6
5.00,109.0,207.9
5.20,102.0,213.8
5.40,96.0,219.2
5.60,92.0,224.5
5.80,90.0,229.5
6.00,87.0,234.4
6.20,86.0,239.2
6.40,84.0,244.0
6.60,83.0,248.6
6.80,84.0,253.2
7.00,85.0,257.9
7.20,87.0,262.7
7.40,90.0,267.6
7.60,93.0,272.7
7.80,98.0,278.0
8.00,104.0,283.6
8.20,110.0,289.6
8.40,116.0,295.9
8.60,122.0,302.5
8.80,130.0,309.5
9.00,140.0,317.0
9.20,147.0,324.9
9.40,154.0,333.3
9.60,162.0,342.1
9.80,169.0,351.3
10.00,175.0,360.8
10.20,180.0,370.7
10.40,186.0,380.9
10.60,189.0,391.3
10.80,193.0,401.9
11.00,195.0,412.7
11.20,199.0,423.6
11.40,204.0,434.8
11.60,207.0,446.2
11.80,211.0,457.8
12.00,215.0,469.7
12.20,216.0,481.6
12.40,210.0,493.5
12.60,205.0,505.0
12.80,199.0,516.2
13.00,194.0,527.1
13.20,191.0,537.8
13.40,187.0,548.3
13.60,184.0,558.6
13.80,182.0,568.8
14.00,182.0,578.9
14.20,181.0,589.0
14.40,181.0,599.1
14.60,182.0,609.1
14.80,182.0,619.3
15.00,184.0,629.4
15.20,185.0,639.7
15.40,189.0,650.1
15.60,192.0,660.6
15.80,196.0,671.4
16.00,199.0,682.4
16.20,202.0,693.5
16.40,207.0,704.9
16.60,212.0,716.5
16.80,217.0,728.4
17.00,221.0,740.6
17.20,226.0,753.0
17.40,229.0,765.7
17.60,232.0,778.5
17.80,235.0,791.4
18.00,238.0,804.6
18.20,241.0,817.9
18.40,241.0,831.3
18.60,239.0,844.6
18.80,232.0,857.7
19.00,220.0,870.2
19.20,212.0,882.2
19.40,201.0,893.7
19.60,191.0,904.6
19.80,181.0,914.9
20.00,175.0,924.8
20.20,168.0,934.4
20.40,164.0,943.6
20.60,161.0,952.6
20.80,157.0,961.4
21.00,152.0,970.0
21.20,145.0,978.3
21.40,138.0,986.1
21.60,134.0,993.7
21.80,129.0,1001.0
22.00,126.0,1008.1
22.20,122.0,1015.0
22.40,119.0,1021.7
22.60,116.0,1028.2
22.80,114.0,1034.6
23.00,112.0,1040.9
23.20,112.0,1047.1
23.40,115.0,1053.4
23.60,119.0,1059.9
23.80,123.0,1066.6
24.00,126.0,1073.5
24.20,132.0,1080.7
24.40,138.0,1088.2
24.60,144.0,1096.0
24.80,148.0,1104.1
25.00,156.0,1112.6
25.20,161.0,1121.4
25.40,165.0,1130.4
25.60,168.0,1139.7
25.80,166.0,1149.0
26.00,164.0,1158.1
26.20,162.0,1167.2
26.40,161.0,1176.2
26.60,161.0,1185.1
26.80,162.0,1194.1
27.00,161.0,1203.1
27.20,157.0,1211.9
27.40,148.0,1220.4
27.60,140.0,1228.4
27.80,136.0,1236.0
28.00,133.0,1243.5
28.20,131.0,1250.8
28.40,127.0,1258.0
28.60,125.0,1265.0
28.80,124.0,1271.9
29.00,123.0,1278.8
29.20,124.0,1285.6
29.40,124.0,1292.5
29.60,123.0,1299.4
29.80,122.0,1306.2
30.00,122.0,1313.0
30.20,121.0,1319.7
30.40,122.0,1326.5
30.60,121.0,1333.2
30.80,122.0,1340.0
31.00,124.0,1346.8
31.20,127.0,1353.8
31.40,133.0,1361.0
31.60,138.0,1368.5
31.80,146.0,1376.4
32.00,151.0,1384.7
32.20,158.0,1393.2
32.40,163.0,1402.2
32.60,171.0,1411.4
32.80,176.0,1421.1
33.00,171.0,1430.7
33.20,163.0,1440.0
33.40,152.0,1448.7
33.60,144.0,1457.0
33.80,135.0,1464.7
34.00,124.0,1471.9
34.20,118.0,1478.6
34.40,113.0,1485.1
34.60,110.0,1491.2
34.80,106.0,1497.2
35.00,105.0,1503.1
35.20,105.0,1508.9
35.40,104.0,1514.7
35.60,104.0,1520.5
35.80,104.0,1526.3
36.00,106.0,1532.1
36.20,109.0,1538.1
36.40,112.0,1544.2
36.60,117.0,1550.6
36.80,123.0,1557.3
37.00,129.0,1564.3
37.20,137.0,1571.7
37.40,141.0,1579.4
37.60,145.0,1587.3
37.80,151.0,1595.6
38.00,156.0,1604.1
38.20,163.0,1612.9
38.40,168.0,1622.1
38.60,173.0,1631.6
38.80,178.0,1641.4
39.00,184.0,1651.4
39.20,189.0,1661.8
39.40,194.0,1672.4
39.60,200.0,1683.4
39.80,205.0,1694.6
40.00,209.0,1706.1
40.20,214.0,1717.9
40.40,219.0,1729.9
40.60,223.0,1742.2
40.80,227.0,1754.7
41.00,231.0,1767.4
41.20,233.0,1780.3
41.40,237.0,1793.3
41.60,240.0,1806.6
41.80,242.0,1820.0
42.00,246.0,1833.5
42.20,248.0,1847.2
42.40,251.0,1861.1
42.60,254.0,1875.1
42.80,256.0,1889.3
43.00,260.0,1903.6
43.20,262.0,1918.1
43.40,266.0,1932.8
43.60,268.0,1947.6
43.80,272.0,1962.6
44.00,273.0,1977.8
44.20,273.0,1992.9
44.40,275.0,2008.2
44.60,276.0,2023.5
44.80,277.0,2038.8
45.00,280.0,2054.3
45.20,281.0,2069.9
45.40,285.0,2085.6
45.60,285.0,2101.4
45.80,285.0,2117.3
46.00,285.0,2133.1
46.20,277.0,2148.7
46.40,270.0,2163.9
46.60,264.0,2178.8
46.80,255.0,2193.2
47.00,247.0,2207.1
47.20,241.0,2220.7
47.40,232.0,2233.8
47.60,225.0,2246.5
47.80,218.0,2258.8
48.00,214.0,2270.8
48.20,210.0,2282.6
48.40,207.0,2294.2
48.60,206.0,2305.6
48.80,205.0,2317.1
49.00,204.0,2328.4
49.20,204.0,2339.8
49.40,205.0,2351.1
49.60,207.0,2362.6
49.80,208.0,2374.1
50.00,211.0,2385.7
50.20,212.0,2397.5
50.40,215.0,2409.3
50.60,218.0,2421.4
50.80,219.0,2433.5
51.00,221.0,2445.7
51.20,222.0,2458.0
51.40,225.0,2470.4
51.60,227.0,2483.0
51.80,230.0,2495.7
52.00,232.0,2508.5
52.20,235.0,2521.5
52.40,238.0,2534.6
52.60,241.0,2547.9
52.80,243.0,2561.4
53.00,246.0,2575.0
53.20,248.0,2588.7
53.40,250.0,2602.5
53.60,253.0,2616.5
53.80,256.0,2630.6
54.00,258.0,2644.9
54.20,260.0,2659.3
54.40,264.0,2673.9
54.60,265.0,2688.6
54.80,267.0,2703.3
55.00,270.0,2718.3
55.20,272.0,2733.3
55.40,274.0,2748.5
55.60,276.0,2763.8
55.80,279.0,2779.2
56.00,281.0,2794.7
56.20,282.0,2810.4
56.40,285.0,2826.1
56.60,286.0,2842.0
56.80,289.0,2857.9
57.00,290.0,2874.0
57.20,290.0,2890.1
57.40,294.0,2906.4
57.60,297.0,2922.8
57.80,299.0,2939.3
58.00,301.0,2956.0
58.20,303.0,2972.8
58.40,306.0,2989.7
58.60,309.0,3006.8
58.80,310.0,3024.0
59.00,312.0,3041.2
59.20,314.0,3058.6
59.40,316.0,3076.1
59.60,318.0,3093.7
59.80,319.0,3111.4
60.00,319.0,3129.2
60.20,320.0,3146.9
60.40,321.0,3164.7
60.60,322.0,3182.6
60.80,323.0,3200.5
61.00,324.0,3218.5
61.20,325.0,3236.5
61.40,325.0,3254.6
61.60,326.0,3272.6
61.80,327.0,3290.8
62.00,328.0,3309.0
62.20,329.0,3327.2
62.40,330.0,3345.5
62.60,330.0,3363.9
62.80,324.0,3382.0
63.00,312.0,3399.7
63.20,302.0,3416.7
63.40,286.0,3433.1
63.60,276.0,3448.7
63.80,265.0,3463.7
64.00,257.0,3478.2
64.20,250.0,3492.3
64.40,245.0,3506.1
64.60,240.0,3519.5
64.80,235.0,3532.7
65.00,232.0,3545.7
65.20,231.0,3558.6
65.40,234.0,3571.5
65.60,236.0,3584.5
65.80,239.0,3597.7
66.00,241.0,3611.1
66.20,243.0,3624.5
66.40,245.0,3638.1
66.60,249.0,3651.8
66.80,250.0,3665.6
67.00,252.0,3679.6
67.20,253.0,3693.6
67.40,247.0,3707.5
67.60,239.0,3721.0
67.80,225.0,3733.9
68.00,213.0,3746.1
68.20,203.0,3757.6
68.40,194.0,3768.6
68.60,182.0,3779.1
68.80,175.0,3789.0
69.00,164.0,3798.4
69.20,155.0,3807.3
69.40,146.0,3815.6
69.60,138.0,3823.5
69.80,131.0,3831.0
70.00,128.0,3838.2
70.20,125.0,3845.2
70.40,123.0,3852.1
70.60,120.0,3858.9
70.80,117.0,3865.4
71.00,114.0,3871.9
71.20,112.0,3878.1
71.40,111.0,3884.3
71.60,110.0,3890.5
71.80,108.0,3896.5
72.00,108.0,3902.5
72.20,110.0,3908.6
72.40,113.0,3914.8
72.60,117.0,3921.2
72.80,120.0,3927.7
73.00,125.0,3934.6
73.20,131.0,3941.7
73.40,137.0,3949.1
73.60,143.0,3956.9
73.80,147.0,3964.9
74.00,150.0,3973.2
74.20,155.0,3981.7
74.40,163.0,3990.5
74.60,169.0,3999.7
74.80,173.0,4009.2
75.00,180.0,4019.0
75.20,182.0,4029.1
75.40,187.0,4039.3
75.60,195.0,4049.9
75.80,200.0,4060.9
76.00,208.0,4072.2
76.20,213.0,4083.9
76.40,217.0,4095.9
76.60,222.0,4108.1
76.80,226.0,4120.5
77.00,231.0,4133.2
77.20,235.0,4146.2
77.40,239.0,4159.3
77.60,242.0,4172.7
77.80,245.0,4186.2
78.00,249.0,4199.9
78.20,251.0,4213.8
78.40,254.0,4227.9
78.60,256.0,4242.0
78.80,260.0,4256.4
79.00,263.0,4270.9
79.20,267.0,4285.6
79.40,270.0,4300.5
79.60,273.0,4315.6
79.80,275.0,4330.8
80.00,279.0,4346.2
80.20,281.0,4361.8
80.40,283.0,4377.4
80.60,286.0,4393.2
80.80,288.0,4409.2
81.00,288.0,4425.2
81.20,290.0,4441.2
81.40,292.0,4457.4
81.60,294.0,4473.7
81.80,297.0,4490.1
82.00,300.0,4506.7
82.20,302.0,4523.4
82.40,304.0,4540.2
82.60,305.0,4557.2
82.80,307.0,4574.2
83.00,309.0,4591.3
83.20,311.0,4608.5
83.40,313.0,4625.8
83.60,313.0,4643.2
83.80,312.0,4660.6
84.00,312.0,4677.9
84.20,311.0,4695.2
84.40,308.0,4712.4
84.60,306.0,4729.5
84.80,303.0,4746.4
85.00,300.0,4763.1
85.20,295.0,4779.7
85.40,286.0,4795.8
85.60,276.0,4811.4
85.80,261.0,4826.3
86.00,250.0,4840.5
86.20,242.0,4854.2
86.40,231.0,4867.3
86.60,220.0,4879.9
86.80,211.0,4891.8
87.00,203.0,4903.3
87.20,196.0,4914.4
87.40,194.0,4925.2
87.60,193.0,4936.0
87.80,191.0,4946.7
88.00,189.0,4957.2
88.20,189.0,4967.7
88.40,196.0,4978.4
88.60,199.0,4989.4
88.80,194.0,5000.3
89.00,188.0,5010.9
89.20,177.0,5021.1
89.40,167.0,5030.6
89.60,163.0,5039.8
89.80,156.0,5048.6
90.00,153.0,5057.2
90.20,151.0,5065.7
90.40,150.0,5074.0
90.60,145.0,5082.2
90.80,145.0,5090.3
91.00,145.0,5098.3
91.20,144.0,5106.4
91.40,142.0,5114.3
91.60,144.0,5122.2
91.80,147.0,5130.3
92.00,151.0,5138.6
92.20,151.0,5147.0
92.40,144.0,5155.2
92.60,133.0,5162.9
92.80,126.0,5170.1
93.00,117.0,5176.8
93.20,107.0,5183.1
93.40,103.0,5188.9
93.60,97.0,5194.4
93.80,95.0,5199.8
94.00,93.0,5205.0
94.20,91.0,5210.1
94.40,88.0,5215.1
94.60,86.0,5219.9
94.80,85.0,5224.7
95.00,84.0,5229.4
95.20,84.0,5234.0
95.40,84.0,5238.7
95.60,87.0,5243.4
95.80,89.0,5248.3
96.00,92.0,5253.4
96.20,94.0,5258.5
96.40,95.0,5263.8
96.60,92.0,5269.0
96.80,91.0,5274.1
97.00,90.0,5279.1
97.20,92.0,5284.1
97.60,97.0,5294.6
97.80,100.0,5300.1
98.00,104.0,5305.8
98.20,107.0,5311.6
98.40,114.0,5317.8
98.60,121.0,5324.3
98.80,127.0,5331.2
99.00,132.0,5338.4
99.20,142.0,5346.0
99.40,148.0,5354.1
99.60,157.0,5362.5
99.80,163.0,5371.4
100.00,167.0,5380.6
100.20,174.0,5390.1
100.40,178.0,5399.8
100.60,186.0,5409.9
100.80,190.0,5420.4
101.00,196.0,5431.1
101.20,202.0,5442.2
101.40,207.0,5453.5
101.60,211.0,5465.1
101.80,215.0,5477.0
102.00,220.0,5489.1
102.20,225.0,5501.4
102.40,228.0,5514.0
102.60,231.0,5526.8
102.80,235.0,5539.7
103.00,239.0,5552.9
103.20,242.0,5566.2
103.40,245.0,5579.8
103.60,248.0,5593.4
103.80,251.0,5607.3
104.00,254.0,5621.3
104.20,257.0,5635.5
104.40,260.0,5649.9
104.60,263.0,5664.4
104.80,265.0,5679.1
105.00,268.0,5693.9
105.20,271.0,5708.9
105.40,274.0,5724.0
105.60,275.0,5739.3
105.80,277.0,5754.6
106.00,279.0,5770.0
106.20,274.0,5785.4
106.40,267.0,5800.4
106.60,258.0,5815.0
106.80,252.0,5829.2
107.00,242.0,5842.9
107.20,230.0,5856.0
107.40,221.0,5868.5
107.60,214.0,5880.6
107.80,209.0,5892.4
108.00,203.0,5903.8
108.20,199.0,5915.0
108.40,196.0,5925.9
108.60,192.0,5936.7
108.80,189.0,5947.3
109.00,187.0,5957.8
109.20,188.0,5968.2
109.40,188.0,5978.6
109.60,191.0,5989.1
109.80,193.0,5999.8
110.00,197.0,6010.6
110.20,199.0,6021.6
110.40,203.0,6032.8
110.60,209.0,6044.3
110.80,213.0,6056.0
111.00,216.0,6067.9
111.20,209.0,6079.7
111.40,201.0,6091.1
111.60,188.0,6101.9
111.80,179.0,6112.1
112.00,169.0,6121.8
112.20,158.0,6130.8
112.40,146.0,6139.3
112.60,138.0,6147.2
112.80,132.0,6154.7
113.00,127.0,6161.9
113.20,123.0,6168.8
113.40,120.0,6175.6
113.60,118.0,6182.2
113.80,116.0,6188.7
114.00,115.0,6195.1
114.20,116.0,6201.5
114.40,117.0,6208.0
114.60,118.0,6214.5
114.80,119.0,6221.1
115.00,122.0,6227.8
115.20,126.0,6234.7
115.40,135.0,6241.9
115.60,142.0,6249.6
115.80,146.0,6257.6
116.00,149.0,6265.8
116.20,154.0,6274.2
116.40,156.0,6282.8
116.60,158.0,6291.6
116.80,162.0,6300.4
117.00,168.0,6309.6
117.20,176.0,6319.2
117.40,181.0,6329.1
117.60,186.0,6339.3
117.80,192.0,6349.8
118.00,195.0,6360.5
118.20,191.0,6371.3
118.40,184.0,6381.7
118.60,175.0,6391.6
118.80,166.0,6401.1
119.00,156.0,6410.1
119.20,145.0,6418.4
119.40,134.0,6426.2
119.60,126.0,6433.4
119.80,121.0,6440.3
120.00,114.0,6446.8
120.20,110.0,6453.0
120.40,107.0,6459.0
120.60,104.0,6464.9
120.80,103.0,6470.6
121.00,101.0,6476.3
121.20,100.0,6481.9
121.40,101.0,6487.5
121.60,102.0,6493.1
121.80,103.0,6498.8
122.00,106.0,6504.6
122.20,110.0,6510.6
122.40,115.0,6516.9
122.60,121.0,6523.4
122.80,126.0,6530.3
123.00,133.0,6537.5
123.20,138.0,6545.0
123.40,143.0,6552.8
123.60,150.0,6560.9
123.80,155.0,6569.4
124.00,163.0,6578.3
124.20,170.0,6587.5
124.40,177.0,6597.1
124.60,184.0,6607.2
124.80,189.0,6617.5
125.00,195.0,6628.2
125.20,199.0,6639.1
125.40,200.0,6650.2
125.60,196.0,6661.2
125.80,190.0,6671.9
126.00,185.0,6682.4
126.20,182.0,6692.6
126.40,179.0,6702.6
126.60,178.0,6712.5
126.80,178.0,6722.4
127.00,177.0,6732.3
127.20,176.0,6742.1
127.40,175.0,6751.8
127.60,175.0,6761.5
127.80,174.0,6771.2
128.00,175.0,6780.9
128.20,180.0,6790.8
128.40,188.0,6801.0
128.60,197.0,6811.7
128.80,202.0,6822.8
129.00,210.0,6834.2
129.20,212.0,6845.9
129.40,210.0,6857.7
129.60,206.0,6869.2
129.80,200.0,6880.5
130.00,191.0,6891.4
130.20,185.0,6901.8
130.40,179.0,6911.9
130.60,173.0,6921.7
130.80,170.0,6931.2
131.00,167.0,6940.6
131.20,165.0,6949.8
131.40,162.0,6958.9
131.60,161.0,6967.9
131.80,159.0,6976.8
132.00,159.0,6985.6
132.20,158.0,6994.4
132.40,159.0,7003.2
132.60,160.0,7012.1
132.80,161.0,7021.0
133.00,162.0,7029.9
133.20,163.0,7039.0
133.40,163.0,7048.0
133.60,163.0,7057.1
133.80,164.0,7066.2
134.00,171.0,7075.5
134.20,174.0,7085.1
134.40,178.0,7094.8
134.60,182.0,7104.8
134.80,189.0,7115.1
135.00,196.0,7125.8
135.20,200.0,7136.8
135.40,206.0,7148.1
135.60,210.0,7159.7
135.80,212.0,7171.4
136.00,217.0,7183.3
136.20,222.0,7195.5
136.40,225.0,7207.9
136.60,225.0,7220.4
136.80,217.0,7232.7
137.00,207.0,7244.5
137.20,195.0,7255.6
137.40,185.0,7266.2
137.60,174.0,7276.2
137.80,166.0,7285.6
138.00,157.0,7294.6
138.20,151.0,7303.1
138.40,146.0,7311.4
138.60,143.0,7319.4
138.80,141.0,7327.3
139.00,139.0,7335.1
139.20,132.0,7342.6
139.40,124.0,7349.7
139.60,116.0,7356.4
139.80,110.0,7362.7
140.00,102.0,7368.6
140.20,96.0,7374.1
140.40,92.0,7379.3
140.60,89.0,7384.3
140.80,86.0,7389.2
141.00,79.0,7393.7
141.20,76.0,7398.1
141.40,75.0,7402.2
141.60,75.0,7406.4
141.80,76.0,7410.6
142.00,76.0,7414.8
142.20,77.0,7419.1
142.40,79.0,7423.4
142.60,81.0,7427.9
142.80,85.0,7432.5
143.00,90.0,7437.3
143.40,102.0,7448.0
143.60,108.0,7453.8
143.80,113.0,7460.0
144.00,116.0,7466.3
144.20,122.0,7472.9
144.40,129.0,7479.9
144.60,136.0,7487.3
144.80,141.0,7495.0
145.00,146.0,7502.9
145.20,152.0,7511.2
145.40,158.0,7519.8
145.60,164.0,7528.8
145.80,168.0,7538.0
146.00,175.0,7547.5
146.20,178.0,7557.3
146.40,183.0,7567.4
146.60,188.0,7577.7
146.80,192.0,7588.2
147.00,199.0,7599.1
147.20,205.0,7610.3
147.40,210.0,7621.8
147.60,215.0,7633.6
147.80,218.0,7645.7
148.00,223.0,7657.9
148.20,227.0,7670.4
148.40,230.0,7683.1
148.60,232.0,7695.9
148.80,235.0,7708.9
149.00,238.0,7722.1
149.20,242.0,7735.4
149.40,242.0,7748.8
149.60,235.0,7762.1
149.80,229.0,7775.0
150.00,217.0,7787.4
150.20,203.0,7799.0
150.40,191.0,7810.0
150.60,178.0,7820.2
150.80,170.0,7829.9
151.00,157.0,7839.0
151.20,147.0,7847.4
151.40,139.0,7855.4
151.60,130.0,7862.8
151.80,127.0,7870.0
152.00,123.0,7876.9
152.20,121.0,7883.7
152.40,120.0,7890.4
152.60,120.0,7897.1
152.80,120.0,7903.7
153.00,120.0,7910.4
153.20,122.0,7917.1
153.40,127.0,7924.0
153.60,130.0,7931.2
153.80,133.0,7938.5
154.00,136.0,7945.9
154.20,139.0,7953.6
154.40,142.0,7961.4
154.60,145.0,7969.4
154.80,149.0,7977.5
155.00,154.0,7985.9
155.20,158.0,7994.6
155.40,164.0,8003.6
155.60,168.0,8012.8
155.80,171.0,8022.2
156.00,169.0,8031.6
156.20,165.0,8040.9
156.40,155.0,8049.8
156.60,142.0,8058.1
156.80,136.0,8065.8
157.00,127.0,8073.1
157.20,123.0,8080.0
157.40,120.0,8086.8
157.60,118.0,8093.4
157.80,118.0,8099.9
158.00,117.0,8106.5
158.20,117.0,8113.0
158.40,117.0,8119.5
158.60,119.0,8126.0
158.80,122.0,8132.7
159.00,128.0,8139.7
159.20,133.0,8146.9
159.40,138.0,8154.4
159.60,144.0,8162.3
159.80,149.0,8170.4
160.00,157.0,8178.9
160.20,162.0,8187.8
160.40,168.0,8196.9
160.60,173.0,8206.4
160.80,178.0,8216.2
161.00,183.0,8226.2
161.20,188.0,8236.5
161.40,193.0,8247.1
161.60,198.0,8257.9
161.80,202.0,8269.1
162.00,207.0,8280.4
162.20,211.0,8292.0
162.40,215.0,8303.9
162.60,220.0,8315.9
162.80,222.0,8328.2
163.00,227.0,8340.7
163.20,232.0,8353.4
163.40,236.0,8366.4
163.60,239.0,8379.6
163.80,241.0,8393.0
164.00,244.0,8406.4
164.20,246.0,8420.1
164.40,250.0,8433.8
164.60,252.0,8447.8
164.80,254.0,8461.8
165.00,257.0,8476.0
165.20,259.0,8490.4
165.40,261.0,8504.8
165.60,264.0,8519.4
165.80,266.0,8534.1
166.00,267.0,8548.9
166.20,268.0,8563.8
166.40,269.0,8578.7
166.60,269.0,8593.6
166.80,269.0,8608.6
167.00,268.0,8623.5
167.20,267.0,8638.4
167.40,267.0,8653.2
167.60,265.0,8668.0
167.80,263.0,8682.6
168.00,257.0,8697.1
168.20,253.0,8711.2
168.40,246.0,8725.1
168.60,235.0,8738.5
168.80,227.0,8751.3
169.00,216.0,8763.6
169.20,205.0,8775.3
169.40,194.0,8786.4
169.60,185.0,8796.9
169.80,178.0,8807.0
170.00,166.0,8816.6
170.20,156.0,8825.5
170.40,147.0,8833.9
170.60,140.0,8841.9
170.80,135.0,8849.5
171.00,129.0,8856.9
171.20,123.0,8863.9
171.40,118.0,8870.6
171.60,114.0,8877.0
171.80,111.0,8883.2
172.00,111.0,8889.4
172.20,110.0,8895.6
172.40,110.0,8901.7
172.60,110.0,8907.8
172.80,111.0,8913.9
173.00,114.0,8920.2
173.20,115.0,8926.5
173.40,116.0,8932.9
173.60,119.0,8939.5
173.80,121.0,8946.1
174.00,124.0,8952.9
174.20,128.0,8959.9
174.40,136.0,8967.3
174.60,140.0,8974.9
174.80,143.0,8982.8
175.00,147.0,8990.9
175.20,151.0,8999.1
175.40,156.0,9007.7
175.60,164.0,9016.6
175.80,168.0,9025.8
176.00,175.0,9035.3
176.20,179.0,9045.1
176.40,180.0,9055.1
176.60,186.0,9065.3
176.80,190.0,9075.7
177.00,194.0,9086.4
177.20,199.0,9097.3
177.40,202.0,9108.4
177.60,207.0,9119.8
177.80,211.0,9131.4
178.00,215.0,9143.2
178.20,218.0,9155.3
178.40,222.0,9167.5
178.60,226.0,9179.9
178.80,229.0,9192.6
179.00,232.0,9205.4
179.20,235.0,9218.4
179.40,237.0,9231.5
179.60,239.0,9244.7
179.80,241.0,9258.0
180.00,244.0,9271.5
180.20,246.0,9285.1
180.40,247.0,9298.8
180.60,248.0,9312.6
180.80,250.0,9326.4
181.00,252.0,9340.3
181.20,254.0,9354.4
181.40,257.0,9368.6
181.60,259.0,9382.9
181.80,261.0,9397.4
182.00,264.0,9411.9
182.20,265.0,9426.6
182.40,267.0,9441.4
182.60,267.0,9456.2
182.80,267.0,9471.1
183.00,267.0,9485.9
183.20,268.0,9500.8
183.40,268.0,9515.7
183.60,269.0,9530.6
183.80,270.0,9545.6
184.00,272.0,9560.6
184.20,273.0,9575.7
184.40,274.0,9590.9
184.60,275.0,9606.2
184.80,276.0,9621.5
185.00,277.0,9636.9
185.20,277.0,9652.2
185.40,278.0,9667.7
185.60,279.0,9683.1
185.80,281.0,9698.7
186.00,284.0,9714.4
186.20,285.0,9730.2
186.40,288.0,9746.1
186.60,289.0,9762.1
186.80,290.0,9778.2
187.00,290.0,9794.3
187.20,290.0,9810.4
187.40,292.0,9826.6
187.60,293.0,9842.9
187.80,293.0,9859.1
188.00,292.0,9875.4
188.20,289.0,9891.5
188.40,293.0,9907.7
188.60,292.0,9923.9
188.80,290.0,9940.1
189.00,291.0,9956.2
189.20,291.0,9972.4
189.40,292.0,9988.6
189.60,293.0,10004.9
189.80,293.0,10021.1
190.00,294.0,10037.4
190.20,295.0,10053.8
190.40,296.0,10070.2
190.60,297.0,10086.7
190.80,298.0,10103.2
191.00,298.0,10119.8
191.20,299.0,10136.4
191.40,300.0,10153.0
191.60,301.0,10169.7
191.80,303.0,10186.5
192.00,303.0,10203.3
192.20,303.0,10220.1
192.40,304.0,10237.0
192.60,304.0,10253.9
192.80,304.0,10270.8
193.00,304.0,10287.7
193.20,304.0,10304.6
193.40,307.0,10321.5
193.60,309.0,10338.6
193.80,310.0,10355.8
194.00,310.0,10373.1
194.20,311.0,10390.3
194.40,311.0,10407.6
194.60,310.0,10424.8
194.80,308.0,10442.0
195.00,307.0,10459.1
195.20,306.0,10476.1
195.40,304.0,10493.1
195.60,303.0,10509.9
195.80,302.0,10526.7
196.00,304.0,10543.6
196.20,304.0,10560.4
196.40,306.0,10577.4
196.60,304.0,10594.3
196.80,299.0,10611.1
197.00,287.0,10627.4
197.20,277.0,10643.0
197.40,271.0,10658.2
197.60,263.0,10673.1
197.80,254.0,10687.4
198.00,246.0,10701.3
198.20,239.0,10714.8
198.40,227.0,10727.7
198.60,220.0,10740.2
198.80,215.0,10752.2
199.00,210.0,10764.1
199.20,208.0,10775.7
199.40,208.0,10787.2
199.60,207.0,10798.7
199.80,205.0,10810.2
200.00,203.0,10821.5
200.20,204.0,10832.8
200.40,206.0,10844.2
200.60,209.0,10855.7
200.80,211.0,10867.4
201.00,213.0,10879.2
201.20,215.0,10891.1
201.40,218.0,10903.1
201.60,219.0,10915.2
201.80,222.0,10927.5
202.00,225.0,10939.9
202.20,228.0,10952.5
202.40,230.0,10965.2
202.60,233.0,10978.1
202.80,235.0,10991.1
203.00,238.0,11004.2
203.20,240.0,11017.5
203.40,242.0,11030.9
203.60,246.0,11044.4
203.80,247.0,11058.1
204.00,248.0,11071.9
204.20,249.0,11085.7
204.40,252.0,11099.6
204.60,253.0,11113.6
204.80,250.0,11127.6
205.00,243.0,11141.3
205.20,237.0,11154.6
205.40,231.0,11167.6
205.60,223.0,11180.2
205.80,218.0,11192.5
206.00,214.0,11204.5
206.20,212.0,11216.3
206.40,211.0,11228.1
206.60,211.0,11239.8
206.80,212.0,11251.6
207.00,214.0,11263.4
207.20,214.0,11275.3
207.40,215.0,11287.2
207.60,217.0,11299.2
207.80,220.0,11311.3
208.00,222.0,11323.6
208.20,224.0,11336.0
208.40,227.0,11348.5
208.60,231.0,11361.2
208.80,233.0,11374.1
209.00,235.0,11387.1
209.20,228.0,11400.0
209.40,220.0,11412.4
209.60,211.0,11424.4
209.80,203.0,11435.9
210.00,192.0,11446.9
210.20,181.0,11457.2
210.40,169.0,11467.0
210.60,159.0,11476.1
210.80,151.0,11484.7
211.00,141.0,11492.8
211.20,132.0,11500.4
211.40,125.0,11507.5
211.60,120.0,11514.3
211.80,118.0,11520.9
212.00,113.0,11527.4
212.20,111.0,11533.6
212.40,109.0,11539.7
212.60,105.0,11545.6
212.80,102.0,11551.4
213.00,99.0,11557.0
213.20,96.0,11562.4
213.40,94.0,11567.7
213.60,92.0,11572.8
213.80,92.0,11577.9
214.00,92.0,11583.1
214.20,94.0,11588.2
214.40,94.0,11593.4
214.60,97.0,11598.7
214.80,99.0,11604.2
215.00,103.0,11609.8
215.20,107.0,11615.6
215.40,111.0,11621.7
215.60,116.0,11628.0
215.80,120.0,11634.6
216.00,129.0,11641.5
216.20,135.0,11648.8
216.40,141.0,11656.5
216.60,146.0,11664.4
216.80,151.0,11672.7
217.00,157.0,11681.2
217.20,163.0,11690.1
217.40,168.0,11699.3
217.60,172.0,11708.8
217.80,176.0,11718.4
218.00,180.0,11728.3
218.20,184.0,11738.4
218.40,186.0,11748.7
218.60,189.0,11759.1
218.80,193.0,11769.7
219.00,197.0,11780.6
219.20,202.0,11791.7
219.40,206.0,11803.0
219.60,210.0,11814.6
219.80,213.0,11826.3
220.00,217.0,11838.2
220.20,212.0,11850.2
220.40,204.0,11861.7
220.60,193.0,11872.7
220.80,184.0,11883.2
221.00,170.0,11893.1
221.20,159.0,11902.2
221.40,149.0,11910.7
221.60,139.0,11918.7
221.80,131.0,11926.2
222.00,121.0,11933.2
222.20,115.0,11939.8
222.40,111.0,11946.1
222.60,108.0,11952.2
222.80,105.0,11958.1
223.00,99.0,11963.7
223.20,93.0,11969.1
223.40,92.0,11974.2
223.60,93.0,11979.4
223.80,91.0,11984.5
224.00,90.0,11989.5
224.20,91.0,11994.5
224.40,91.0,11999.6
224.60,92.0,12004.7
224.80,91.0,12009.7
225.00,91.0,12014.8
225.20,90.0,12019.8
225.40,89.0,12024.8
225.60,89.0,12029.7
225.80,90.0,12034.7
226.00,91.0,12039.7
226.20,91.0,12044.8
226.40,92.0,12049.9
226.60,94.0,12055.1
226.80,97.0,12060.4
227.00,105.0,12066.0
227.20,111.0,12072.0
227.40,117.0,12078.3
227.60,123.0,12085.0
227.80,128.0,12091.9
228.00,134.0,12099.2
228.20,142.0,12106.9
228.40,149.0,12115.0
228.60,155.0,12123.4
228.80,161.0,12132.2
229.00,168.0,12141.3
229.20,173.0,12150.8
229.40,178.0,12160.6
229.60,183.0,12170.6
229.80,187.0,12180.9
230.00,191.0,12191.4
230.20,195.0,12202.1
230.40,199.0,12213.0
230.60,202.0,12224.2
230.80,206.0,12235.5
231.00,210.0,12247.1
231.20,214.0,12258.8
231.40,218.0,12270.8
231.60,221.0,12283.0
231.80,224.0,12295.4
232.00,228.0,12307.9
232.20,231.0,12320.7
232.40,234.0,12333.6
232.60,236.0,12346.7
232.80,238.0,12359.8
233.00,241.0,12373.1
233.20,240.0,12386.5
233.40,234.0,12399.7
233.60,223.0,12412.4
233.80,213.0,12424.5
234.00,205.0,12436.1
234.20,200.0,12447.3
234.40,196.0,12458.3
234.60,194.0,12469.2
234.80,193.0,12479.9
235.00,193.0,12490.6
235.20,194.0,12501.4
235.40,197.0,12512.2
235.60,201.0,12523.3
235.80,204.0,12534.6
236.00,205.0,12545.9
236.20,204.0,12557.3
236.40,206.0,12568.7
236.60,209.0,12580.2
236.80,211.0,12591.9
237.00,214.0,12603.7
237.20,215.0,12615.6
237.40,216.0,12627.6
237.60,213.0,12639.5
237.80,207.0,12651.1
238.00,195.0,12662.3
238.20,185.0,12672.9
238.40,177.0,12682.9
238.60,170.0,12692.6
238.80,165.0,12701.9
239.00,160.0,12710.9
239.20,156.0,12719.7
239.40,153.0,12728.2
239.60,150.0,12736.7
239.80,150.0,12745.0
240.00,150.0,12753.3
240.20,153.0,12761.7
240.40,160.0,12770.4
240.60,159.0,12779.3
240.80,157.0,12788.1
241.00,154.0,12796.7
241.20,152.0,12805.2
241.40,151.0,12813.6
241.60,149.0,12822.0
241.80,149.0,12830.2
242.00,148.0,12838.5
242.20,150.0,12846.8
242.40,153.0,12855.2
242.60,156.0,12863.8
242.80,160.0,12872.6
243.00,167.0,12881.6
243.20,169.0,12891.0
243.40,162.0,12900.2
243.60,154.0,12908.9
243.80,147.0,12917.3
244.00,140.0,12925.3
244.20,137.0,12933.0
244.40,134.0,12940.5
244.60,132.0,12947.9
244.80,131.0,12955.2
245.00,125.0,12962.3
245.20,122.0,12969.2
245.40,120.0,12975.9
245.60,118.0,12982.5
245.80,120.0,12989.1
246.00,123.0,12995.9
246.20,125.0,13002.7
246.40,131.0,13009.9
246.60,137.0,13017.3
246.80,141.0,13025.0
247.00,149.0,13033.1
247.20,155.0,13041.5
247.40,162.0,13050.3
247.60,168.0,13059.5
247.80,173.0,13069.0
248.00,179.0,13078.7
248.20,185.0,13088.9
248.40,188.0,13099.2
248.60,191.0,13109.7
248.80,194.0,13120.4
249.00,198.0,13131.3
249.20,202.0,13142.4
249.40,206.0,13153.8
249.60,211.0,13165.4
249.80,215.0,13177.2
250.00,215.0,13189.1
250.20,207.0,13200.9
250.40,201.0,13212.2
250.60,196.0,13223.2
250.80,193.0,13234.0
251.00,190.0,13244.7
251.20,189.0,13255.2
251.40,189.0,13265.7
251.60,187.0,13276.1
251.80,186.0,13286.5
252.00,184.0,13296.8
252.20,183.0,13307.0
252.40,184.0,13317.2
252.60,185.0,13327.4
252.80,183.0,13337.6
253.00,178.0,13347.7
253.20,175.0,13357.5
253.40,174.0,13367.2
253.60,173.0,13376.8
253.80,173.0,13386.4
254.00,170.0,13395.9
254.20,168.0,13405.3
254.40,167.0,13414.6
254.60,167.0,13423.9
254.80,167.0,13433.2
255.00,167.0,13442.5
255.20,168.0,13451.8
255.40,167.0,13461.1
255.60,165.0,13470.3
255.80,163.0,13479.4
256.00,161.0,13488.4
256.20,160.0,13497.3
256.40,159.0,13506.2
256.60,159.0,13515.0
256.80,159.0,13523.9
257.00,158.0,13532.7
257.20,158.0,13541.4
257.40,160.0,13550.3
257.60,164.0,13559.3
257.80,168.0,13568.5
258.00,176.0,13578.1
258.20,182.0,13588.0
258.40,187.0,13598.2
258.60,192.0,13608.8
258.80,197.0,13619.6
259.00,193.0,13630.4
259.20,182.0,13640.8
259.40,169.0,13650.6
259.60,157.0,13659.6
259.80,148.0,13668.1
260.00,137.0,13676.0
260.20,131.0,13683.5
260.40,130.0,13690.7
260.60,129.0,13697.9
260.80,129.0,13705.1
261.00,133.0,13712.4
261.20,133.0,13719.7
261.40,133.0,13727.1
261.60,132.0,13734.5
261.80,132.0,13741.8
262.00,135.0,13749.2
262.20,139.0,13756.9
262.40,142.0,13764.7
262.60,146.0,13772.7
262.80,149.0,13780.9
263.00,154.0,13789.3
263.20,159.0,13798.0
263.40,165.0,13807.0
263.60,170.0,13816.3
263.80,175.0,13825.9
264.00,180.0,13835.7
264.20,185.0,13845.9
264.40,181.0,13856.0
264.60,174.0,13865.9
264.80,167.0,13875.4
265.00,157.0,13884.4
265.20,150.0,13892.9
265.40,144.0,13901.1
265.60,142.0,13909.0
265.80,141.0,13916.9
266.00,138.0,13924.6
266.20,136.0,13932.2
266.40,133.0,13939.7
266.60,132.0,13947.1
266.80,131.0,13954.4
267.00,130.0,13961.6
267.20,131.0,13968.9
267.40,133.0,13976.2
267.60,136.0,13983.7
267.80,139.0,13991.3
268.00,144.0,13999.2
268.20,148.0,14007.3
268.40,152.0,14015.6
268.60,156.0,14024.2
268.80,160.0,14032.9
269.00,166.0,14042.0
269.20,169.0,14051.3
269.40,173.0,14060.8
269.60,170.0,14070.3
269.80,162.0,14079.6
270.00,150.0,14088.2
270.20,141.0,14096.3
270.40,135.0,14104.0
270.60,132.0,14111.4
270.80,131.0,14118.7
271.00,128.0,14125.9
271.20,125.0,14132.9
271.40,123.0,14139.8
271.60,121.0,14146.6
271.80,121.0,14153.3
272.00,126.0,14160.2
272.20,129.0,14167.2
272.40,134.0,14174.6
272.60,138.0,14182.1
272.80,143.0,14189.9
273.00,150.0,14198.1
273.20,156.0,14206.6
273.40,163.0,14215.4
273.60,170.0,14224.7
273.80,174.0,14234.2
274.00,182.0,14244.1
274.20,187.0,14254.4
274.40,191.0,14264.9
274.60,188.0,14275.4
274.80,181.0,14285.6
275.00,169.0,14295.4
275.20,158.0,14304.4
275.40,149.0,14313.0
275.60,142.0,14321.1
275.80,138.0,14328.8
276.00,133.0,14336.4
276.20,129.0,14343.6
276.40,122.0,14350.6
276.60,117.0,14357.2
276.80,115.0,14363.7
277.00,116.0,14370.1
277.20,116.0,14376.6
277.40,116.0,14383.0
277.60,119.0,14389.5
277.80,121.0,14396.2
278.00,127.0,14403.1
278.20,130.0,14410.2
278.40,134.0,14417.6
278.60,138.0,14425.1
278.80,142.0,14432.9
279.00,147.0,14440.9
279.20,152.0,14449.2
279.40,156.0,14457.8
279.60,160.0,14466.6
279.80,164.0,14475.6
280.00,169.0,14484.8
280.20,173.0,14494.3
280.40,178.0,14504.1
280.60,182.0,14514.1
280.80,189.0,14524.4
281.00,194.0,14535.0
281.20,191.0,14545.7
281.40,181.0,14556.0
281.60,170.0,14565.8
281.80,156.0,14574.8
282.00,146.0,14583.2
282.20,138.0,14591.1
282.40,133.0,14598.6
282.60,129.0,14605.9
282.80,125.0,14613.0
283.00,122.0,14619.8
283.20,119.0,14626.5
283.40,115.0,14633.0
283.60,112.0,14639.3
283.80,109.0,14645.5
284.00,106.0,14651.4
284.20,107.0,14657.4
284.40,109.0,14663.4
284.60,112.0,14669.5
284.80,115.0,14675.8
285.00,121.0,14682.4
285.20,129.0,14689.3
285.40,137.0,14696.7
285.60,142.0,14704.4
285.80,147.0,14712.5
286.00,153.0,14720.8
286.20,156.0,14729.4
286.40,157.0,14738.1
286.60,159.0,14746.9
286.80,161.0,14755.7
287.00,166.0,14764.8
287.20,170.0,14774.2
287.40,175.0,14783.7
287.60,180.0,14793.6
287.80,184.0,14803.7
288.00,190.0,14814.1
288.20,195.0,14824.8
288.40,199.0,14835.7
288.60,203.0,14846.9
288.80,204.0,14858.2
289.00,207.0,14869.6
289.20,209.0,14881.2
289.40,209.0,14892.8
289.60,210.0,14904.4
289.80,211.0,14916.1
290.00,215.0,14928.0
290.20,217.0,14940.0
290.40,219.0,14952.1
290.60,219.0,14964.2
290.80,220.0,14976.4
291.00,227.0,14988.9
291.20,230.0,15001.6
291.40,232.0,15014.4
291.60,236.0,15027.4
291.80,238.0,15040.6
292.00,240.0,15053.8
292.20,242.0,15067.2
292.40,244.0,15080.7
292.60,241.0,15094.2
292.80,234.0,15107.4
293.00,224.0,15120.1
293.20,220.0,15132.4
293.40,219.0,15144.6
293.60,213.0,15156.6
293.80,206.0,15168.3
294.00,191.0,15179.3
294.20,182.0,15189.7
294.40,175.0,15199.6
294.60,172.0,15209.2
294.80,169.0,15218.7
295.00,164.0,15227.9
295.20,159.0,15236.9
295.40,156.0,15245.7
295.60,151.0,15254.2
295.80,150.0,15262.6
296.00,152.0,15270.9
296.20,153.0,15279.4
296.40,155.0,15288.0
296.60,158.0,15296.7
296.80,160.0,15305.5
297.00,163.0,15314.5
297.20,164.0,15323.6
297.40,166.0,15332.7
297.60,168.0,15342.0
297.80,171.0,15351.4
298.00,177.0,15361.1
298.20,181.0,15371.0
298.40,186.0,15381.2
298.60,189.0,15391.6
298.80,189.0,15402.1
299.00,190.0,15412.7
299.20,190.0,15423.2
299.40,190.0,15433.8
299.60,193.0,15444.4
299.80,195.0,15455.2
300.00,199.0,15466.1
300.20,201.0,15477.2
300.40,203.0,15488.5
300.60,206.0,15499.8
300.80,209.0,15511.4
301.00,213.0,15523.1
301.20,217.0,15535.0
301.40,221.0,15547.2
301.60,225.0,15559.6
301.80,227.0,15572.1
302.00,227.0,15584.7
302.20,227.0,15597.4
302.40,226.0,15609.9
302.60,225.0,15622.5
302.80,225.0,15635.0
303.00,225.0,15647.5
303.20,225.0,15660.0
303.40,225.0,15672.5
303.60,226.0,15685.0
303.80,227.0,15697.6
304.00,231.0,15710.3
304.20,230.0,15723.1
304.40,226.0,15735.8
304.60,222.0,15748.2
304.80,219.0,15760.5
305.00,214.0,15772.5
305.20,211.0,15784.3
305.40,211.0,15796.0
305.60,211.0,15807.7
305.80,212.0,15819.5
306.00,213.0,15831.3
306.20,215.0,15843.2
306.40,217.0,15855.2
306.60,219.0,15867.3
306.80,221.0,15879.5
307.00,223.0,15891.9
307.20,225.0,15904.3
307.40,227.0,15916.9
307.60,229.0,15929.5
307.80,232.0,15942.3
308.00,235.0,15955.3
308.20,239.0,15968.5
308.40,242.0,15981.8
308.60,243.0,15995.3
308.80,246.0,16008.9
309.00,248.0,16022.6
309.20,249.0,16036.4
309.40,249.0,16050.2
309.60,252.0,16064.2
309.80,254.0,16078.2
310.00,256.0,16092.4
310.20,258.0,16106.7
310.40,261.0,16121.1
310.60,263.0,16135.6
310.80,265.0,16150.3
311.00,267.0,16165.1
311.20,269.0,16180.0
311.40,271.0,16195.0
311.60,272.0,16210.1
311.80,274.0,16225.2
312.00,276.0,16240.5
312.20,278.0,16255.9
312.40,275.0,16271.2
312.60,269.0,16286.4
312.80,261.0,16301.1
313.00,248.0,16315.2
313.20,235.0,16328.6
313.40,224.0,16341.4
313.60,214.0,16353.6
313.80,207.0,16365.2
314.00,197.0,16376.5
314.20,192.0,16387.3
314.40,188.0,16397.8
314.60,185.0,16408.2
314.80,183.0,16418.4
315.00,182.0,16428.6
315.20,180.0,16438.6
315.40,178.0,16448.6
315.60,177.0,16458.4
315.80,175.0,16468.2
316.00,174.0,16477.9
316.20,173.0,16487.5
316.40,173.0,16497.1
316.60,174.0,16506.8
316.80,175.0,16516.5
317.00,173.0,16526.1
317.20,168.0,16535.6
317.40,161.0,16544.7
317.60,153.0,16553.5
317.80,148.0,16561.8
318.00,141.0,16569.9
318.20,138.0,16577.6
318.40,136.0,16585.2
318.60,133.0,16592.7
318.80,131.0,16600.0
319.00,130.0,16607.3
319.20,130.0,16614.5
319.40,131.0,16621.7
319.60,132.0,16629.1
319.80,133.0,16636.4
320.00,135.0,16643.9
320.20,138.0,16651.4
320.40,142.0,16659.2
320.60,147.0,16667.2
320.80,150.0,16675.5
321.00,155.0,16684.0
321.20,160.0,16692.7
321.40,164.0,16701.7
321.60,170.0,16711.0
321.80,173.0,16720.5
322.00,178.0,16730.3
322.20,183.0,16740.3
322.40,187.0,16750.6
322.60,193.0,16761.1
322.80,191.0,16771.8
323.00,182.0,16782.2
323.20,171.0,16792.0
323.40,159.0,16801.1
323.60,149.0,16809.7
323.80,140.0,16817.7
324.00,130.0,16825.2
324.20,125.0,16832.3
324.40,119.0,16839.1
324.60,114.0,16845.6
324.80,110.0,16851.8
325.00,108.0,16857.8
325.20,108.0,16863.8
325.40,106.0,16869.8
325.60,105.0,16875.6
325.80,105.0,16881.5
326.00,107.0,16887.4
326.20,109.0,16893.4
326.40,112.0,16899.5
326.60,116.0,16905.8
326.80,120.0,16912.4
327.00,125.0,16919.2
327.20,132.0,16926.3
327.40,139.0,16933.9
327.60,145.0,16941.7
327.80,150.0,16949.9
328.00,157.0,16958.5
328.20,162.0,16967.3
328.40,167.0,16976.5
328.60,172.0,16985.9
328.80,176.0,16995.6
329.00,182.0,17005.5
329.20,188.0,17015.8
329.40,192.0,17026.3
329.60,196.0,17037.1
329.80,200.0,17048.1
330.00,204.0,17059.3
330.20,208.0,17070.8
330.40,212.0,17082.4
330.60,215.0,17094.3
330.80,217.0,17106.3
331.00,220.0,17118.4
331.20,219.0,17130.6
331.40,210.0,17142.6
331.60,203.0,17154.0
331.80,193.0,17165.0
332.00,182.0,17175.4
332.20,174.0,17185.3
332.40,166.0,17194.8
332.60,162.0,17203.9
332.80,158.0,17212.8
333.00,156.0,17221.5
333.20,153.0,17230.1
333.40,152.0,17238.6
333.60,153.0,17247.0
333.80,157.0,17255.6
334.00,159.0,17264.4
334.20,162.0,17273.3
334.40,168.0,17282.5
334.60,170.0,17291.9
334.80,172.0,17301.4
335.00,174.0,17311.0
335.20,177.0,17320.7
335.40,181.0,17330.7
335.60,184.0,17340.8
335.80,185.0,17351.1
336.00,185.0,17361.4
336.20,185.0,17371.6
336.40,184.0,17381.9
336.60,184.0,17392.1
336.80,183.0,17402.3
337.00,184.0,17412.5
337.20,182.0,17422.7
337.40,182.0,17432.8
337.60,183.0,17442.9
337.80,184.0,17453.1
338.00,183.0,17463.3
338.20,185.0,17473.5
338.40,188.0,17483.9
338.60,191.0,17494.4
338.80,193.0,17505.1
339.00,195.0,17515.9
339.20,196.0,17526.7
339.40,199.0,17537.7
339.60,200.0,17548.8
339.80,203.0,17560.0
340.00,205.0,17571.3
340.20,209.0,17582.8
340.40,212.0,17594.5
340.60,215.0,17606.4
340.80,218.0,17618.4
341.00,221.0,17630.6
341.20,224.0,17642.9
341.40,227.0,17655.5
341.60,231.0,17668.2
341.80,234.0,17681.1
342.00,238.0,17694.2
342.20,240.0,17707.5
342.40,243.0,17720.9
342.60,245.0,17734.5
342.80,248.0,17748.2
343.00,251.0,17762.0
343.20,253.0,17776.0
343.40,256.0,17790.2
343.60,258.0,17804.4
343.80,261.0,17818.9
344.00,263.0,17833.4
344.20,266.0,17848.1
344.40,268.0,17862.9
344.60,271.0,17877.9
344.80,273.0,17893.0
345.00,275.0,17908.2
345.20,277.0,17923.6
345.40,279.0,17939.0
345.60,281.0,17954.6
345.80,282.0,17970.2
346.00,285.0,17986.0
346.20,286.0,18001.8
346.40,289.0,18017.8
346.60,290.0,18033.9
346.80,292.0,18050.1
347.00,293.0,18066.3
347.20,295.0,18082.6
347.40,297.0,18099.1
347.60,298.0,18115.6
347.80,300.0,18132.2
348.00,301.0,18148.9
348.20,302.0,18165.7
348.40,304.0,18182.5
348.60,305.0,18199.4
348.80,306.0,18216.4
349.00,307.0,18233.4
349.20,308.0,18250.5
349.40,309.0,18267.6
349.60,309.0,18284.8
349.80,311.0,18302.0
350.00,312.0,18319.3
350.20,312.0,18336.7
350.40,313.0,18354.0
350.60,314.0,18371.4
350.80,315.0,18388.9
351.00,316.0,18406.4
351.20,317.0,18424.0
351.40,318.0,18441.7
351.60,318.0,18459.3
351.80,319.0,18477.0
352.00,320.0,18494.8
352.20,321.0,18512.6
352.40,321.0,18530.4
352.60,322.0,18548.3
352.80,323.0,18566.2
353.00,323.0,18584.1
353.20,324.0,18602.1
353.40,325.0,18620.1
353.60,325.0,18638.2
353.80,326.0,18656.3
354.00,326.0,18674.4
354.20,327.0,18692.5
354.40,327.0,18710.7
354.60,328.0,18728.9
354.80,328.0,18747.1
355.00,329.0,18765.4
355.20,329.0,18783.6
355.40,329.0,18801.9
355.60,330.0,18820.2
355.80,330.0,18838.6
356.00,330.0,18856.9
356.20,331.0,18875.2
356.40,331.0,18893.6
356.60,331.0,18912.0
356.80,332.0,18930.4
357.00,332.0,18948.9
357.20,332.0,18967.3
357.40,332.0,18985.8
357.60,332.0,19004.2
357.80,333.0,19022.7
358.00,333.0,19041.2
358.20,333.0,19059.7
358.40,333.0,19078.2
358.60,333.0,19096.7
358.80,334.0,19115.2
359.00,334.0,19133.8
359.20,334.0,19152.3
359.40,334.0,19170.9
359.60,334.0,19189.4
359.80,334.0,19208.0
360.00,335.0,19226.6
360.20,335.0,19245.2
360.40,335.0,19263.8
360.60,335.0,19282.4
360.80,335.0,19301.0
361.00,336.0,19319.7
361.20,336.0,19338.3
361.40,336.0,19357.0
361.60,336.0,19375.7
361.80,336.0,19394.3
362.00,336.0,19413.0
362.20,336.0,19431.7
362.40,336.0,19450.3
362.60,337.0,19469.0
362.80,337.0,19487.7
363.00,337.0,19506.5
363.20,338.0,19525.2
363.40,338.0,19544.0
363.60,338.0,19562.8
363.80,338.0,19581.6
364.00,339.0,19600.4
364.20,339.0,19619.2
364.40,339.0,19638.0
364.60,339.0,19656.9
364.80,339.0,19675.7
365.00,338.0,19694.5
365.20,339.0,19713.3
365.40,340.0,19732.2
365.60,341.0,19751.1
365.80,341.0,19770.0
366.00,339.0,19788.9
366.20,339.0,19807.7
366.40,340.0,19826.6
366.60,340.0,19845.5
366.80,341.0,19864.4
367.00,341.0,19883.4
367.20,342.0,19902.3
367.40,342.0,19921.3
367.60,342.0,19940.3
367.80,339.0,19959.2
368.00,334.0,19977.9
368.20,325.0,19996.2
368.40,324.0,20014.3
368.60,320.0,20032.2
368.80,309.0,20049.6
369.00,305.0,20066.7
369.20,304.0,20083.6
369.40,301.0,20100.4
369.60,298.0,20117.1
369.80,293.0,20133.5
370.00,287.0,20149.6
370.20,282.0,20165.4
370.40,280.0,20181.0
370.60,278.0,20196.5
370.80,277.0,20211.9
371.00,274.0,20227.2
371.20,272.0,20242.4
371.40,269.0,20257.4
371.60,264.0,20272.2
371.80,255.0,20286.6
372.00,244.0,20300.5
372.20,231.0,20313.7
372.40,219.0,20326.2
372.60,209.0,20338.1
372.80,199.0,20349.4
373.00,191.0,20360.2
373.20,184.0,20370.7
373.40,177.0,20380.7
373.60,170.0,20390.3
373.80,160.0,20399.5
374.00,151.0,20408.1
374.20,141.0,20416.2
374.40,133.0,20423.9
374.60,123.0,20431.0
374.80,115.0,20437.6
375.00,107.0,20443.7
375.20,102.0,20449.6
375.40,99.0,20455.1
375.60,95.0,20460.5
375.80,94.0,20465.8
376.00,91.0,20470.9
376.20,92.0,20476.0
376.40,95.0,20481.2
376.60,98.0,20486.6
376.80,101.0,20492.1
377.00,108.0,20497.9
377.20,115.0,20504.1
377.40,121.0,20510.6
377.60,122.0,20517.4
377.80,122.0,20524.2
378.00,122.0,20530.9
378.20,122.0,20537.7
378.40,121.0,20544.5
378.60,122.0,20551.2
378.80,123.0,20558.0
379.00,126.0,20564.9
379.20,126.0,20571.9
379.40,119.0,20578.7
379.60,112.0,20585.2
379.80,108.0,20591.3
380.00,105.0,20597.2
380.20,102.0,20602.9
380.40,100.0,20608.6
380.60,97.0,20614.0
380.80,95.0,20619.4
381.00,95.0,20624.6
381.20,96.0,20629.9
381.40,94.0,20635.2
381.60,94.0,20640.4
381.80,96.0,20645.7
382.00,98.0,20651.1
