frame,t_lap,ocr
0,0.0,GPSSpeedkm/h 101 Drivin
1,0.2,GPSSpeedkm/h 107 Drivin
2,0.4,GPSSpeedkm/h 112 Drivin
3,0.6,GPSSpeedkm/h 118 Drivin
4,0.8,GPSSpeedkm/h 125 Drivin
5,1.0,GPSSpeedkm/h 134 Drivin
6,1.2,GPSSpeedkm/h 142 Drivin
7,1.4,GPSSpeedkm/h 151 Drivin
8,1.6,GPSSpeedkm/h 157 Drivin
9,1.8,GPSSpeedkm/h 163 Drivin
10,2.0,GPSSpeedkm/h 170 Drivin
11,2.2,GPSSpeedkm/h 174 Drivin
12,2.4,GPSSpeedkm/h 180 Drivin
13,2.6,GPSSpeedkm/h 184 Drivin
14,2.8,GPSSpeedkm/h 188 Drivin
15,3.0,GPSSpeedkm/h 189 Drivin
16,3.2,GPSSpeedkm/h 186 Drivin
17,3.4,GPSSpeedkm/h 176 Drivin
18,3.6,GPSSpeedkm/h 167 Drivin
19,3.8,GPSSpeedkm/h 154 Drivin
20,4.0,GPSSpeedkm/h 147 Drivin
21,4.2,GPSSpeedkm/h 140 Drivin
22,4.4,GPSSpeedkm/h 133 Drivin
23,4.6,GPSSpeedkm/h 123 Drivin
24,4.8,GPSSpeedkm/h 117 Drivin
25,5.0,GPSSpeedkm/h 109 Drivin
26,5.2,GPSSpeedkm/h 102 Drivin
27,5.4,GPSSpeedkm/h 096 Drivin
28,5.6,GPSSpeedkm/h 092 Drivin
29,5.8,GPSSpeedkm/h 090 Drivin
30,6.0,GPSSpeedkm/h 087 Drivin
31,6.2,GPSSpeedkm/h 086 Drivin
32,6.4,GPSSpeedkm/h 084 Drivin
33,6.6,GPSSpeedkm/h 083 Drivin
34,6.8,GPSSpeedkm/h 084 Drivin
35,7.0,GPSSpeedkm/h 085 Drivin
36,7.2,GPSSpeedkm/h 087 Drivin
37,7.4,GPSSpeedkm/h 090 Drivin
38,7.6,GPSSpeedkm/h 093 Drivin
39,7.8,GPSSpeedkm/h 098 Drivin
40,8.0,GPSSpeedkm/h 104 Drivin
41,8.2,GPSSpeedkm/h 110
42,8.4,GPSSpeedkm/h 116
43,8.6,GPSSpeedkm/h 122
44,8.8,GPSSpeedkm/h 130
45,9.0,GPSSpeedkm/h 140
46,9.2,GPSSpeedkm/h 147
47,9.4,GPSSpeedkm/h 154
48,9.6,GPSSpeedkm/h 162
49,9.8,GPSSpeedkm/h 169
50,10.0,GPSSpeedkm/h 175
51,10.2,GPSSpeedkm/h 180
52,10.4,GPSSpeedkm/h 186
53,10.6,GPSSpeedkm/h 189
54,10.8,GPSSpeedkm/h 193
55,11.0,GPSSpeedkm/h 195
56,11.2,GPSSpeedkm/h 199
57,11.4,GPSSpeedkm/h 204
58,11.6,GPSSpeedkm/h 207
59,11.8,GPSSpeedkm/h 211
60,12.0,GPSSpeedkm/h 215
61,12.2,GPSSpeedkm/h 216
62,12.4,GPSSpeedkm/h 210
63,12.6,GPSSpeedkm/h 205
64,12.8,GPSSpeedkm/h 199
65,13.0,GPSSpeedkm/h 194
66,13.2,GPSSpeedkm/h 191
67,13.4,GPSSpeedkm/h 187
68,13.6,GPSSpeedkm/h 184
69,13.8,GPSSpeedkm/h 182
70,14.0,GPSSpeedkm/h 182
71,14.2,GPSSpeedkm/h 181
72,14.4,GPSSpeedkm/h 181
73,14.6,GPSSpeedkm/h 182
74,14.8,GPSSpeedkm/h 182
75,15.0,GPSSpeedkm/h 184
76,15.2,GPSSpeedkm/h 185
77,15.4,GPSSpeedkm/h 189
78,15.6,GPSSpeedkm/h 192
79,15.8,GPSSpeedkm/h 196
80,16.0,GPSSpeedkm/h 199
81,16.2,GPSSpeedkm/h 202
82,16.4,GPSSpeedkm/h 207
83,16.6,GPSSpeedkm/h 212
84,16.8,GPSSpeedkm/h 217
85,17.0,GPSSpeedkm/h 221
86,17.2,GPSSpeedkm/h 226
87,17.4,GPSSpeedkm/h 229
88,17.6,GPSSpeedkm/h 232
89,17.8,GPSSpeedkm/h 235
90,18.0,GPSSpeedkm/h 238
91,18.2,GPSSpeedkm/h 241
92,18.4,GPSSpeedkm/h 241
93,18.6,GPSSpeedkm/h 239
94,18.8,GPSSpeedkm/h 232
95,19.0,GPSSpeedkm/h 220 
96,19.2,GPSSpeedkm/h 212 
97,19.4,GPSSpeedkm/h 201
98,19.6,GPSSpeedkm/h 191
99,19.8,GPSSpeedkm/h 181
100,20.0,GPSSpeedkm/h 175
101,20.2,GPSSpeedkm/h 168
102,20.4,GPSSpeedkm/h 164
103,20.6,GPSSpeedkm/h 161
104,20.8,GPSSpeedkm/h 157
105,21.0,GPSSpeedkm/h 152
106,21.2,GPSSpeedkm/h 145
107,21.4,GPSSpeedkm/h 138
108,21.6,GPSSpeedkm/h 134
109,21.8,GPSSpeedkm/h 129
110,22.0,GPSSpeedkm/h 126
111,22.2,GPSSpeedkm/h 122
112,22.4,GPSSpeedkm/h 119
113,22.6,GPSSpeedkm/h 116
114,22.8,GPSSpeedkm/h 114
115,23.0,GPSSpeedkm/h 112
116,23.2,GPSSpeedkm/h 112
117,23.4,GPSSpeedkm/h 115
118,23.6,GPSSpeedkm/h 119
119,23.8,GPSSpeedkm/h 123
120,24.0,GPSSpeedkm/h 126
121,24.2,GPSSpeedkm/h 132
122,24.4,GPSSpeedkm/h 138
123,24.6,GPSSpeedkm/h 144
124,24.8,GPSSpeedkm/h 148
125,25.0,GPSSpeedkm/h 156
126,25.2,GPSSpeedkm/h 161
127,25.4,GPSSpeedkm/h 165
128,25.6,GPSSpeedkm/h 168
129,25.8,GPSSpeedkm/h 166
130,26.0,GPSSpeedkm/h 164
131,26.2,GPSSpeedkm/h 162
132,26.4,GPSSpeedkm/h 161
133,26.6,GPSSpeedkm/h 161
134,26.8,GPSSpeedkm/h 162
135,27.0,GPSSpeedkm/h 161
136,27.2,GPSSpeedkm/h 157
137,27.4,GPSSpeedkm/h 148
138,27.6,GPSSpeedkm/h 140
139,27.8,GPSSpeedkm/h 136
140,28.0,GPSSpeedkm/h 133
141,28.2,GPSSpeedkm/h 131
142,28.4,GPSSpeedkm/h 127
143,28.6,GPSSpeedkm/h 125
144,28.8,GPSSpeedkm/h 124
145,29.0,GPSSpeedkm/h 123
146,29.2,GPSSpeedkm/h 124
147,29.4,GPSSpeedkm/h 124
148,29.6,GPSSpeedkm/h 123
149,29.8,GPSSpeedkm/h 122
150,30.0,GPSSpeedkm/h 122
151,30.2,GPSSpeedkm/h 121
152,30.4,GPSSpeedkm/h 122
153,30.6,GPSSpeedkm/h 121
154,30.8,GPSSpeedkm/h 122
155,31.0,GPSSpeedkm/h 124
156,31.2,GPSSpeedkm/h 127
157,31.4,GPSSpeedkm/h 133
158,31.6,GPSSpeedkm/h 138
159,31.8,GPSSpeedkm/h 146
160,32.0,GPSSpeedkm/h 151
161,32.2,GPSSpeedkm/h 158
162,32.4,GPSSpeedkm/h 163
163,32.6,GPSSpeedkm/h 171
164,32.8,GPSSpeedkm/h 176
165,33.0,GPSSpeedkm/h 171
166,33.2,GPSSpeedkm/h 163
167,33.4,GPSSpeedkm/h 152
168,33.6,GPSSpeedkm/h 144
169,33.8,GPSSpeedkm/h 135
170,34.0,GPSSpeedkm/h 124
171,34.2,GPSSpeedkm/h 118
172,34.4,GPSSpeedkm/h 113
173,34.6,GPSSpeedkm/h 110
174,34.8,GPSSpeedkm/h 106
175,35.0,GPSSpeedkm/h 105
176,35.2,GPSSpeedkm/h 105
177,35.4,GPSSpeedkm/h 104
178,35.6,GPSSpeedkm/h 104
179,35.8,GPSSpeedkm/h 104
180,36.0,GPSSpeedkm/h 106
181,36.2,GPSSpeedkm/h 109
182,36.4,GPSSpeedkm/h 112
183,36.6,GPSSpeedkm/h 117
184,36.8,GPSSpeedkm/h 123
185,37.0,GPSSpeedkm/h 129
186,37.2,GPSSpeedkm/h 137
187,37.4,GPSSpeedkm/h 141
188,37.6,GPSSpeedkm/h 145
189,37.8,GPSSpeedkm/h 151
190,38.0,GPSSpeedkm/h 156
191,38.2,GPSSpeedkm/h 163
192,38.4,GPSSpeedkm/h 168
193,38.6,GPSSpeedkm/h 173
194,38.8,GPSSpeedkm/h 178
195,39.0,GPSSpeedkm/h 184
196,39.2,GPSSpeedkm/h 189
197,39.4,GPSSpeedkm/h 194
198,39.6,GPSSpeedkm/h 200
199,39.8,GPSSpeedkm/h 205
200,40.0,GPSSpeedkm/h 209
201,40.2,GPSSpeedkm/h 214
202,40.4,GPSSpeedkm/h 219
203,40.6,GPSSpeedkm/h 223
204,40.8,GPSSpeedkm/h 227
205,41.0,GPSSpeedkm/h 231
206,41.2,GPSSpeedkm/h 233
207,41.4,GPSSpeedkm/h 237
208,41.6,GPSSpeedkm/h 240
209,41.8,GPSSpeedkm/h 242
210,42.0,GPSSpeedkm/h 246
211,42.2,GPSSpeedkm/h 248
212,42.4,GPSSpeedkm/h 251
213,42.6,GPSSpeedkm/h 254
214,42.8,GPSSpeedkm/h 256
215,43.0,GPSSpeedkm/h 260
216,43.2,GPSSpeedkm/h 262
217,43.4,GPSSpeedkm/h 266
218,43.6,GPSSpeedkm/h 268
219,43.8,GPSSpeedkm/h 272
220,44.0,GPSSpeedkm/h 273
221,44.2,GPSSpeedkm/h 273
222,44.4,GPSSpeedkm/h 275
223,44.6,GPSSpeedkm/h 276
224,44.8,GPSSpeedkm/h 277
225,45.0,GPSSpeedkm/h 280
226,45.2,GPSSpeedkm/h 281
227,45.4,GPSSpeedkm/h 285
228,45.6,GPSSpeedkm/h 285
229,45.8,GPSSpeedkm/h 285
230,46.0,GPSSpeedkm/h 285
231,46.2,GPSSpeedkm/h 277
232,46.4,GPSSpeedkm/h 270
233,46.6,GPSSpeedkm/h 264
234,46.8,GPSSpeedkm/h 255
235,47.0,GPSSpeedkm/h 247
236,47.2,GPSSpeedkm/h 241
237,47.4,GPSSpeedkm/h 232
238,47.6,GPSSpeedkm/h 225
239,47.8,GPSSpeedkm/h 218
240,48.0,GPSSpeedkm/h 214
241,48.2,GPSSpeedkm/h 210
242,48.4,GPSSpeedkm/h 207
243,48.6,GPSSpeedkm/h 206
244,48.8,GPSSpeedkm/h 205
245,49.0,GPSSpeedkm/h 204 
246,49.2,GPSSpeedkm/h 204 
247,49.4,GPSSpeedkm/h 205
248,49.6,GPSSpeedkm/h 207
249,49.8,GPSSpeedkm/h 208
250,50.0,GPSSpeedkm/h 211
251,50.2,GPSSpeedkm/h 212
252,50.4,GPSSpeedkm/h 215
253,50.6,GPSSpeedkm/h 218
254,50.8,GPSSpeedkm/h 219
255,51.0,GPSSpeedkm/h 221
256,51.2,GPSSpeedkm/h 222 
257,51.4,GPSSpeedkm/h 225
258,51.6,GPSSpeedkm/h 227
259,51.8,GPSSpeedkm/h 230
260,52.0,GPSSpeedkm/h 232
261,52.2,GPSSpeedkm/h 235
262,52.4,GPSSpeedkm/h 238
263,52.6,GPSSpeedkm/h 241
264,52.8,GPSSpeedkm/h 243
265,53.0,GPSSpeedkm/h 246
266,53.2,GPSSpeedkm/h 248
267,53.4,GPSSpeedkm/h 250
268,53.6,GPSSpeedkm/h 253
269,53.8,GPSSpeedkm/h 256
270,54.0,GPSSpeedkm/h 258
271,54.2,GPSSpeedkm/h 260
272,54.4,GPSSpeedkm/h 264
273,54.6,GPSSpeedkm/h 265
274,54.8,GPSSpeedkm/h 267
275,55.0,GPSSpeedkm/h 270
276,55.2,GPSSpeedkm/h 272
277,55.4,GPSSpeedkm/h 274
278,55.6,GPSSpeedkm/h 276
279,55.8,GPSSpeedkm/h 279
280,56.0,GPSSpeedkm/h 281
281,56.2,GPSSpeedkm/h 282
282,56.4,GPSSpeedkm/h 285
283,56.6,GPSSpeedkm/h 286
284,56.8,GPSSpeedkm/h 289
285,57.0,GPSSpeedkm/h 290
286,57.2,GPSSpeedkm/h 290
287,57.4,GPSSpeedkm/h 294
288,57.6,GPSSpeedkm/h 297
289,57.8,GPSSpeedkm/h 299
290,58.0,GPSSpeedkm/h 301
291,58.2,GPSSpeedkm/h 303
292,58.4,GPSSpeedkm/h 306
293,58.6,GPSSpeedkm/h 309
294,58.8,GPSSpeedkm/h 310
295,59.0,GPSSpeedkm/h 312
296,59.2,GPSSpeedkm/h 314
297,59.4,GPSSpeedkm/h 316
298,59.6,GPSSpeedkm/h 318
299,59.8,GPSSpeedkm/h 319
300,60.0,GPSSpeedkm/h 319
301,60.2,GPSSpeedkm/h 320
302,60.4,GPSSpeedkm/h 321
303,60.6,GPSSpeedkm/h 322
304,60.8,GPSSpeedkm/h 323
305,61.0,GPSSpeedkm/h 324
306,61.2,GPSSpeedkm/h 325
307,61.4,GPSSpeedkm/h 325
308,61.6,GPSSpeedkm/h 326
309,61.8,GPSSpeedkm/h 327
310,62.0,GPSSpeedkm/h 328
311,62.2,GPSSpeedkm/h 329
312,62.4,GPSSpeedkm/h 330
313,62.6,GPSSpeedkm/h 330
314,62.8,GPSSpeedkm/h 324
315,63.0,GPSSpeedkm/h 312
316,63.2,GPSSpeedkm/h 302
317,63.4,GPSSpeedkm/h 286
318,63.6,GPSSpeedkm/h 276
319,63.8,GPSSpeedkm/h 265
320,64.0,GPSSpeedkm/h 257
321,64.2,GPSSpeedkm/h 250
322,64.4,GPSSpeedkm/h 245
323,64.6,GPSSpeedkm/h 240
324,64.8,GPSSpeedkm/h 235
325,65.0,GPSSpeedkm/h 232
326,65.2,GPSSpeedkm/h 231
327,65.4,GPSSpeedkm/h 234
328,65.6,GPSSpeedkm/h 236
329,65.8,GPSSpeedkm/h 239
330,66.0,GPSSpeedkm/h 241
331,66.2,GPSSpeedkm/h 243
332,66.4,GPSSpeedkm/h 245
333,66.6,GPSSpeedkm/h 249
334,66.8,GPSSpeedkm/h 250
335,67.0,GPSSpeedkm/h 252
336,67.2,GPSSpeedkm/h 253
337,67.4,GPSSpeedkm/h 247
338,67.6,GPSSpeedkm/h 239
339,67.8,GPSSpeedkm/h 225
340,68.0,GPSSpeedkm/h 213
341,68.2,GPSSpeedkm/h 203
342,68.4,GPSSpeedkm/h 194
343,68.6,GPSSpeedkm/h 182
344,68.8,GPSSpeedkm/h 175
345,69.0,GPSSpeedkm/h 164
346,69.2,GPSSpeedkm/h 155
347,69.4,GPSSpeedkm/h 146
348,69.6,GPSSpeedkm/h 138
349,69.8,GPSSpeedkm/h 131
350,70.0,GPSSpeedkm/h 128
351,70.2,GPSSpeedkm/h 125
352,70.4,GPSSpeedkm/h 123
353,70.6,GPSSpeedkm/h 120
354,70.8,GPSSpeedkm/h 117
355,71.0,GPSSpeedkm/h 114
356,71.2,GPSSpeedkm/h 112
357,71.4,GPSSpeedkm/h 111
358,71.6,GPSSpeedkm/h 110
359,71.8,GPSSpeedkm/h 108
360,72.0,GPSSpeedkm/h 108
361,72.2,GPSSpeedkm/h 110
362,72.4,GPSSpeedkm/h 113
363,72.6,GPSSpeedkm/h 117
364,72.8,GPSSpeedkm/h 120
365,73.0,GPSSpeedkm/h 125
366,73.2,GPSSpeedkm/h 131
367,73.4,GPSSpeedkm/h 137
368,73.6,GPSSpeedkm/h 143
369,73.8,GPSSpeedkm/h 147
370,74.0,GPSSpeedkm/h 150
371,74.2,GPSSpeedkm/h 155
372,74.4,GPSSpeedkm/h 163
373,74.6,GPSSpeedkm/h 169
374,74.8,GPSSpeedkm/h 173
375,75.0,GPSSpeedkm/h 180
376,75.2,GPSSpeedkm/h 182
377,75.4,GPSSpeedkm/h 187
378,75.6,GPSSpeedkm/h 195
379,75.8,GPSSpeedkm/h 200
380,76.0,GPSSpeedkm/h 208
381,76.2,GPSSpeedkm/h 213
382,76.4,GPSSpeedkm/h 217
383,76.6,GPSSpeedkm/h 222 
384,76.8,GPSSpeedkm/h 226
385,77.0,GPSSpeedkm/h 231
386,77.2,GPSSpeedkm/h 235
387,77.4,GPSSpeedkm/h 239
388,77.6,GPSSpeedkm/h 242
389,77.8,GPSSpeedkm/h 245
390,78.0,GPSSpeedkm/h 249
391,78.2,GPSSpeedkm/h 251
392,78.4,GPSSpeedkm/h 254
393,78.6,GPSSpeedkm/h 256
394,78.8,GPSSpeedkm/h 260
395,79.0,GPSSpeedkm/h 263
396,79.2,GPSSpeedkm/h 267
397,79.4,GPSSpeedkm/h 270
398,79.6,GPSSpeedkm/h 273
399,79.8,GPSSpeedkm/h 275
400,80.0,GPSSpeedkm/h 279
401,80.2,GPSSpeedkm/h 281
402,80.4,GPSSpeedkm/h 283
403,80.6,GPSSpeedkm/h 286
404,80.8,GPSSpeedkm/h 288
405,81.0,GPSSpeedkm/h 288
406,81.2,GPSSpeedkm/h 290
407,81.4,GPSSpeedkm/h 292
408,81.6,GPSSpeedkm/h 294
409,81.8,GPSSpeedkm/h 297
410,82.0,GPSSpeedkm/h 300
411,82.2,GPSSpeedkm/h 302
412,82.4,GPSSpeedkm/h 304
413,82.6,GPSSpeedkm/h 305
414,82.8,GPSSpeedkm/h 307
415,83.0,GPSSpeedkm/h 309
416,83.2,GPSSpeedkm/h 311
417,83.4,GPSSpeedkm/h 313
418,83.6,GPSSpeedkm/h 313
419,83.8,GPSSpeedkm/h 312
420,84.0,GPSSpeedkm/h 312
421,84.2,GPSSpeedkm/h 311
422,84.4,GPSSpeedkm/h 308
423,84.6,GPSSpeedkm/h 306
424,84.8,GPSSpeedkm/h 303
425,85.0,GPSSpeedkm/h 300
426,85.2,GPSSpeedkm/h 295
427,85.4,GPSSpeedkm/h 286
428,85.6,GPSSpeedkm/h 276
429,85.8,GPSSpeedkm/h 261
430,86.0,GPSSpeedkm/h 250
431,86.2,GPSSpeedkm/h 242
432,86.4,GPSSpeedkm/h 231
433,86.6,GPSSpeedkm/h 220
434,86.8,GPSSpeedkm/h 211
435,87.0,GPSSpeedkm/h 203
436,87.2,GPSSpeedkm/h 196
437,87.4,GPSSpeedkm/h 194
438,87.6,GPSSpeedkm/h 193
439,87.8,GPSSpeedkm/h 191
440,88.0,GPSSpeedkm/h 189
441,88.2,GPSSpeedkm/h 189
442,88.4,GPSSpeedkm/h 196
443,88.6,GPSSpeedkm/h 199
444,88.8,GPSSpeedkm/h 194
445,89.0,GPSSpeedkm/h 188
446,89.2,GPSSpeedkm/h 177
447,89.4,GPSSpeedkm/h 167
448,89.6,GPSSpeedkm/h 163
449,89.8,GPSSpeedkm/h 156
450,90.0,GPSSpeedkm/h 153
451,90.2,GPSSpeedkm/h 151
452,90.4,GPSSpeedkm/h 150
453,90.6,GPSSpeedkm/h 145
454,90.8,GPSSpeedkm/h 145
455,91.0,GPSSpeedkm/h 145
456,91.2,GPSSpeedkm/h 144
457,91.4,GPSSpeedkm/h 142
458,91.6,GPSSpeedkm/h 144
459,91.8,GPSSpeedkm/h 147
460,92.0,GPSSpeedkm/h 151
461,92.2,GPSSpeedkm/h 151
462,92.4,GPSSpeedkm/h 144
463,92.6,GPSSpeedkm/h 133
464,92.8,GPSSpeedkm/h 126
465,93.0,GPSSpeedkm/h 117
466,93.2,GPSSpeedkm/h 107
467,93.4,GPSSpeedkm/h 103
468,93.6,GPSSpeedkm/h 097
469,93.8,GPSSpeedkm/h 095
470,94.0,GPSSpeedkm/h 093
471,94.2,GPSSpeedkm/h 091
472,94.4,GPSSpeedkm/h 088
473,94.6,GPSSpeedkm/h 086
474,94.8,GPSSpeedkm/h 085
475,95.0,GPSSpeedkm/h 084
476,95.2,GPSSpeedkm/h 084
477,95.4,GPSSpeedkm/h 084
478,95.6,GPSSpeedkm/h 087
479,95.8,GPSSpeedkm/h 089
480,96.0,GPSSpeedkm/h 092
481,96.2,GPSSpeedkm/h 094
482,96.4,GPSSpeedkm/h 095
483,96.6,GPSSpeedkm/h 092
484,96.8,GPSSpeedkm/h 091
485,97.0,GPSSpeedkm/h 090
486,97.2,GPSSpeedkm/h 092
487,97.4,GPSSpeedkm/h 760
488,97.6,GPSSpeedkm/h 097
489,97.8,GPSSpeedkm/h 100
490,98.0,GPSSpeedkm/h 104
491,98.2,GPSSpeedkm/h 107
492,98.4,GPSSpeedkm/h 114
493,98.6,GPSSpeedkm/h 121
494,98.8,GPSSpeedkm/h 127
495,99.0,GPSSpeedkm/h 132
496,99.2,GPSSpeedkm/h 142
497,99.4,GPSSpeedkm/h 148
498,99.6,GPSSpeedkm/h 157
499,99.8,GPSSpeedkm/h 163
500,100.0,GPSSpeedkm/h 167
501,100.2,GPSSpeedkm/h 174
502,100.4,GPSSpeedkm/h 178
503,100.6,GPSSpeedkm/h 186
504,100.8,GPSSpeedkm/h 190
505,101.0,GPSSpeedkm/h 196
506,101.2,GPSSpeedkm/h 202
507,101.4,GPSSpeedkm/h 207
508,101.6,GPSSpeedkm/h 211
509,101.8,GPSSpeedkm/h 215
510,102.0,GPSSpeedkm/h 220
511,102.2,GPSSpeedkm/h 225
512,102.4,GPSSpeedkm/h 228
513,102.6,GPSSpeedkm/h 231
514,102.8,GPSSpeedkm/h 235
515,103.0,GPSSpeedkm/h 239
516,103.2,GPSSpeedkm/h 242
517,103.4,GPSSpeedkm/h 245
518,103.6,GPSSpeedkm/h 248
519,103.8,GPSSpeedkm/h 251
520,104.0,GPSSpeedkm/h 254
521,104.2,GPSSpeedkm/h 257
522,104.4,GPSSpeedkm/h 260
523,104.6,GPSSpeedkm/h 263
524,104.8,GPSSpeedkm/h 265
525,105.0,GPSSpeedkm/h 268
526,105.2,GPSSpeedkm/h 271
527,105.4,GPSSpeedkm/h 274
528,105.6,GPSSpeedkm/h 275
529,105.8,GPSSpeedkm/h 277
530,106.0,GPSSpeedkm/h 279
531,106.2,GPSSpeedkm/h 274
532,106.4,GPSSpeedkm/h 267
533,106.6,GPSSpeedkm/h 258
534,106.8,GPSSpeedkm/h 252
535,107.0,GPSSpeedkm/h 242
536,107.2,GPSSpeedkm/h 230
537,107.4,GPSSpeedkm/h 221
538,107.6,GPSSpeedkm/h 214
539,107.8,GPSSpeedkm/h 209
540,108.0,GPSSpeedkm/h 203
541,108.2,GPSSpeedkm/h 199
542,108.4,GPSSpeedkm/h 196
543,108.6,GPSSpeedkm/h 192
544,108.8,GPSSpeedkm/h 189
545,109.0,GPSSpeedkm/h 187
546,109.2,GPSSpeedkm/h 188
547,109.4,GPSSpeedkm/h 188
548,109.6,GPSSpeedkm/h 191
549,109.8,GPSSpeedkm/h 193
550,110.0,GPSSpeedkm/h 197
551,110.2,GPSSpeedkm/h 199
552,110.4,GPSSpeedkm/h 203
553,110.6,GPSSpeedkm/h 209
554,110.8,GPSSpeedkm/h 213
555,111.0,GPSSpeedkm/h 216
556,111.2,GPSSpeedkm/h 209
557,111.4,GPSSpeedkm/h 201
558,111.6,GPSSpeedkm/h 188
559,111.8,GPSSpeedkm/h 179
560,112.0,GPSSpeedkm/h 169
561,112.2,GPSSpeedkm/h 158
562,112.4,GPSSpeedkm/h 146
563,112.6,GPSSpeedkm/h 138
564,112.8,GPSSpeedkm/h 132
565,113.0,GPSSpeedkm/h 127
566,113.2,GPSSpeedkm/h 123
567,113.4,GPSSpeedkm/h 120
568,113.6,GPSSpeedkm/h 118
569,113.8,GPSSpeedkm/h 116
570,114.0,GPSSpeedkm/h 115
571,114.2,GPSSpeedkm/h 116
572,114.4,GPSSpeedkm/h 117
573,114.6,GPSSpeedkm/h 118
574,114.8,GPSSpeedkm/h 119
575,115.0,GPSSpeedkm/h 122
576,115.2,GPSSpeedkm/h 126
577,115.4,GPSSpeedkm/h 135
578,115.6,GPSSpeedkm/h 142
579,115.8,GPSSpeedkm/h 146
580,116.0,GPSSpeedkm/h 149
581,116.2,GPSSpeedkm/h 154
582,116.4,GPSSpeedkm/h 156
583,116.6,GPSSpeedkm/h 158
584,116.8,GPSSpeedkm/h 162
585,117.0,GPSSpeedkm/h 168
586,117.2,GPSSpeedkm/h 176
587,117.4,GPSSpeedkm/h 181
588,117.6,GPSSpeedkm/h 186
589,117.8,GPSSpeedkm/h 192
590,118.0,GPSSpeedkm/h 195
591,118.2,GPSSpeedkm/h 191
592,118.4,GPSSpeedkm/h 184
593,118.6,GPSSpeedkm/h 175
594,118.8,GPSSpeedkm/h 166
595,119.0,GPSSpeedkm/h 156
596,119.2,GPSSpeedkm/h 145
597,119.4,GPSSpeedkm/h 134
598,119.6,GPSSpeedkm/h 126
599,119.8,GPSSpeedkm/h 121
600,120.0,GPSSpeedkm/h 114
601,120.2,GPSSpeedkm/h 110
602,120.4,GPSSpeedkm/h 107
603,120.6,GPSSpeedkm/h 104
604,120.8,GPSSpeedkm/h 103
605,121.0,GPSSpeedkm/h 101
606,121.2,GPSSpeedkm/h 100
607,121.4,GPSSpeedkm/h 101
608,121.6,GPSSpeedkm/h 102
609,121.8,GPSSpeedkm/h 103
610,122.0,GPSSpeedkm/h 106
611,122.2,GPSSpeedkm/h 110
612,122.4,GPSSpeedkm/h 115
613,122.6,GPSSpeedkm/h 121
614,122.8,GPSSpeedkm/h 126
615,123.0,GPSSpeedkm/h 133
616,123.2,GPSSpeedkm/h 138
617,123.4,GPSSpeedkm/h 143
618,123.6,GPSSpeedkm/h 150
619,123.8,GPSSpeedkm/h 155
620,124.0,GPSSpeedkm/h 163
621,124.2,GPSSpeedkm/h 170
622,124.4,GPSSpeedkm/h 177
623,124.6,GPSSpeedkm/h 184
624,124.8,GPSSpeedkm/h 189
625,125.0,GPSSpeedkm/h 195
626,125.2,GPSSpeedkm/h 199
627,125.4,GPSSpeedkm/h 200
628,125.6,GPSSpeedkm/h 196
629,125.8,GPSSpeedkm/h 190
630,126.0,GPSSpeedkm/h 185
631,126.2,GPSSpeedkm/h 182
632,126.4,GPSSpeedkm/h 179
633,126.6,GPSSpeedkm/h 178
634,126.8,GPSSpeedkm/h 178
635,127.0,GPSSpeedkm/h 177
636,127.2,GPSSpeedkm/h 176
637,127.4,GPSSpeedkm/h 175
638,127.6,GPSSpeedkm/h 175
639,127.8,GPSSpeedkm/h 174
640,128.0,GPSSpeedkm/h 175
641,128.2,GPSSpeedkm/h 180
642,128.4,GPSSpeedkm/h 188
643,128.6,GPSSpeedkm/h 197
644,128.8,GPSSpeedkm/h 202
645,129.0,GPSSpeedkm/h 210
646,129.2,GPSSpeedkm/h 212
647,129.4,GPSSpeedkm/h 210
648,129.6,GPSSpeedkm/h 206
649,129.8,GPSSpeedkm/h 200
650,130.0,GPSSpeedkm/h 191
651,130.2,GPSSpeedkm/h 185
652,130.4,GPSSpeedkm/h 179
653,130.6,GPSSpeedkm/h 173
654,130.8,GPSSpeedkm/h 170
655,131.0,GPSSpeedkm/h 167
656,131.2,GPSSpeedkm/h 165
657,131.4,GPSSpeedkm/h 162
658,131.6,GPSSpeedkm/h 161
659,131.8,GPSSpeedkm/h 159
660,132.0,GPSSpeedkm/h 159
661,132.2,GPSSpeedkm/h 158
662,132.4,GPSSpeedkm/h 159
663,132.6,GPSSpeedkm/h 160
664,132.8,GPSSpeedkm/h 161
665,133.0,GPSSpeedkm/h 162
666,133.2,GPSSpeedkm/h 163
667,133.4,GPSSpeedkm/h 163
668,133.6,GPSSpeedkm/h 163
669,133.8,GPSSpeedkm/h 164
670,134.0,GPSSpeedkm/h 171
671,134.2,GPSSpeedkm/h 174
672,134.4,GPSSpeedkm/h 178
673,134.6,GPSSpeedkm/h 182
674,134.8,GPSSpeedkm/h 189
675,135.0,GPSSpeedkm/h 196
676,135.2,GPSSpeedkm/h 200
677,135.4,GPSSpeedkm/h 206 
678,135.6,GPSSpeedkm/h 210
679,135.8,GPSSpeedkm/h 212
680,136.0,GPSSpeedkm/h 217
681,136.2,GPSSpeedkm/h 222 
682,136.4,GPSSpeedkm/h 225
683,136.6,GPSSpeedkm/h 225
684,136.8,GPSSpeedkm/h 217
685,137.0,GPSSpeedkm/h 207
686,137.2,GPSSpeedkm/h 195
687,137.4,GPSSpeedkm/h 185
688,137.6,GPSSpeedkm/h 174
689,137.8,GPSSpeedkm/h 166
690,138.0,GPSSpeedkm/h 157
691,138.2,GPSSpeedkm/h 151
692,138.4,GPSSpeedkm/h 146
693,138.6,GPSSpeedkm/h 143
694,138.8,GPSSpeedkm/h 141
695,139.0,GPSSpeedkm/h 139
696,139.2,GPSSpeedkm/h 132
697,139.4,GPSSpeedkm/h 124
698,139.6,GPSSpeedkm/h 116
699,139.8,GPSSpeedkm/h 110
700,140.0,GPSSpeedkm/h 102
701,140.2,GPSSpeedkm/h 096
702,140.4,GPSSpeedkm/h 092
703,140.6,GPSSpeedkm/h 089
704,140.8,GPSSpeedkm/h 086
705,141.0,GPSSpeedkm/h 079
706,141.2,GPSSpeedkm/h 076
707,141.4,GPSSpeedkm/h 075
708,141.6,GPSSpeedkm/h 075
709,141.8,GPSSpeedkm/h 076
710,142.0,GPSSpeedkm/h 076
711,142.2,GPSSpeedkm/h 077
712,142.4,GPSSpeedkm/h 079
713,142.6,GPSSpeedkm/h 081
714,142.8,GPSSpeedkm/h 085
715,143.0,GPSSpeedkm/h 090
716,143.2,GPSSpeedkm/h 760
717,143.4,GPSSpeedkm/h 102
718,143.6,GPSSpeedkm/h 108
719,143.8,GPSSpeedkm/h 113
720,144.0,GPSSpeedkm/h 116
721,144.2,GPSSpeedkm/h 122
722,144.4,GPSSpeedkm/h 129
723,144.6,GPSSpeedkm/h 136
724,144.8,GPSSpeedkm/h 141
725,145.0,GPSSpeedkm/h 146
726,145.2,GPSSpeedkm/h 152
727,145.4,GPSSpeedkm/h 158
728,145.6,GPSSpeedkm/h 164
729,145.8,GPSSpeedkm/h 168
730,146.0,GPSSpeedkm/h 175
731,146.2,GPSSpeedkm/h 178
732,146.4,GPSSpeedkm/h 183
733,146.6,GPSSpeedkm/h 188
734,146.8,GPSSpeedkm/h 192
735,147.0,GPSSpeedkm/h 199
736,147.2,GPSSpeedkm/h 205
737,147.4,GPSSpeedkm/h 210
738,147.6,GPSSpeedkm/h 215
739,147.8,GPSSpeedkm/h 218
740,148.0,GPSSpeedkm/h 223
741,148.2,GPSSpeedkm/h 227
742,148.4,GPSSpeedkm/h 230
743,148.6,GPSSpeedkm/h 232
744,148.8,GPSSpeedkm/h 235
745,149.0,GPSSpeedkm/h 238
746,149.2,GPSSpeedkm/h 242
747,149.4,GPSSpeedkm/h 242
748,149.6,GPSSpeedkm/h 235
749,149.8,GPSSpeedkm/h 229
750,150.0,GPSSpeedkm/h 217
751,150.2,GPSSpeedkm/h 203
752,150.4,GPSSpeedkm/h 191
753,150.6,GPSSpeedkm/h 178
754,150.8,GPSSpeedkm/h 170
755,151.0,GPSSpeedkm/h 157
756,151.2,GPSSpeedkm/h 147
757,151.4,GPSSpeedkm/h 139
758,151.6,GPSSpeedkm/h 130
759,151.8,GPSSpeedkm/h 127
760,152.0,GPSSpeedkm/h 123
761,152.2,GPSSpeedkm/h 121
762,152.4,GPSSpeedkm/h 120
763,152.6,GPSSpeedkm/h 120
764,152.8,GPSSpeedkm/h 120
765,153.0,GPSSpeedkm/h 120
766,153.2,GPSSpeedkm/h 122
767,153.4,GPSSpeedkm/h 127
768,153.6,GPSSpeedkm/h 130
769,153.8,GPSSpeedkm/h 133
770,154.0,GPSSpeedkm/h 136
771,154.2,GPSSpeedkm/h 139
772,154.4,GPSSpeedkm/h 142
773,154.6,GPSSpeedkm/h 145
774,154.8,GPSSpeedkm/h 149
775,155.0,GPSSpeedkm/h 154
776,155.2,GPSSpeedkm/h 158
777,155.4,GPSSpeedkm/h 164
778,155.6,GPSSpeedkm/h 168
779,155.8,GPSSpeedkm/h 171
780,156.0,GPSSpeedkm/h 169
781,156.2,GPSSpeedkm/h 165
782,156.4,GPSSpeedkm/h 155
783,156.6,GPSSpeedkm/h 142
784,156.8,GPSSpeedkm/h 136
785,157.0,GPSSpeedkm/h 127
786,157.2,GPSSpeedkm/h 123
787,157.4,GPSSpeedkm/h 120
788,157.6,GPSSpeedkm/h 118
789,157.8,GPSSpeedkm/h 118
790,158.0,GPSSpeedkm/h 117
791,158.2,GPSSpeedkm/h 117
792,158.4,GPSSpeedkm/h 117
793,158.6,GPSSpeedkm/h 119
794,158.8,GPSSpeedkm/h 122
795,159.0,GPSSpeedkm/h 128
796,159.2,GPSSpeedkm/h 133
797,159.4,GPSSpeedkm/h 138
798,159.6,GPSSpeedkm/h 144
799,159.8,GPSSpeedkm/h 149
800,160.0,GPSSpeedkm/h 157
801,160.2,GPSSpeedkm/h 162
802,160.4,GPSSpeedkm/h 168
803,160.6,GPSSpeedkm/h 173
804,160.8,GPSSpeedkm/h 178
805,161.0,GPSSpeedkm/h 183
806,161.2,GPSSpeedkm/h 188
807,161.4,GPSSpeedkm/h 193
808,161.6,GPSSpeedkm/h 198
809,161.8,GPSSpeedkm/h 202
810,162.0,GPSSpeedkm/h 207
811,162.2,GPSSpeedkm/h 211
812,162.4,GPSSpeedkm/h 215
813,162.6,GPSSpeedkm/h 220 
814,162.8,GPSSpeedkm/h 222 
815,163.0,GPSSpeedkm/h 227
816,163.2,GPSSpeedkm/h 232
817,163.4,GPSSpeedkm/h 236
818,163.6,GPSSpeedkm/h 239
819,163.8,GPSSpeedkm/h 241
820,164.0,GPSSpeedkm/h 244
821,164.2,GPSSpeedkm/h 246
822,164.4,GPSSpeedkm/h 250
823,164.6,GPSSpeedkm/h 252
824,164.8,GPSSpeedkm/h 254
825,165.0,GPSSpeedkm/h 257
826,165.2,GPSSpeedkm/h 259
827,165.4,GPSSpeedkm/h 261
828,165.6,GPSSpeedkm/h 264
829,165.8,GPSSpeedkm/h 266
830,166.0,GPSSpeedkm/h 267
831,166.2,GPSSpeedkm/h 268
832,166.4,GPSSpeedkm/h 269
833,166.6,GPSSpeedkm/h 269
834,166.8,GPSSpeedkm/h 269
835,167.0,GPSSpeedkm/h 268
836,167.2,GPSSpeedkm/h 267
837,167.4,GPSSpeedkm/h 267
838,167.6,GPSSpeedkm/h 265
839,167.8,GPSSpeedkm/h 263
840,168.0,GPSSpeedkm/h 257
841,168.2,GPSSpeedkm/h 253
842,168.4,GPSSpeedkm/h 246
843,168.6,GPSSpeedkm/h 235
844,168.8,GPSSpeedkm/h 227
845,169.0,GPSSpeedkm/h 216
846,169.2,GPSSpeedkm/h 205
847,169.4,GPSSpeedkm/h 194
848,169.6,GPSSpeedkm/h 185
849,169.8,GPSSpeedkm/h 178
850,170.0,GPSSpeedkm/h 166
851,170.2,GPSSpeedkm/h 156
852,170.4,GPSSpeedkm/h 147
853,170.6,GPSSpeedkm/h 140
854,170.8,GPSSpeedkm/h 135
855,171.0,GPSSpeedkm/h 129
856,171.2,GPSSpeedkm/h 123
857,171.4,GPSSpeedkm/h 118
858,171.6,GPSSpeedkm/h 114
859,171.8,GPSSpeedkm/h 111
860,172.0,GPSSpeedkm/h 111
861,172.2,GPSSpeedkm/h 110
862,172.4,GPSSpeedkm/h 110
863,172.6,GPSSpeedkm/h 110
864,172.8,GPSSpeedkm/h 111
865,173.0,GPSSpeedkm/h 114
866,173.2,GPSSpeedkm/h 115
867,173.4,GPSSpeedkm/h 116
868,173.6,GPSSpeedkm/h 119
869,173.8,GPSSpeedkm/h 121
870,174.0,GPSSpeedkm/h 124
871,174.2,GPSSpeedkm/h 128
872,174.4,GPSSpeedkm/h 136
873,174.6,GPSSpeedkm/h 140
874,174.8,GPSSpeedkm/h 143
875,175.0,GPSSpeedkm/h 147
876,175.2,GPSSpeedkm/h 151
877,175.4,GPSSpeedkm/h 156
878,175.6,GPSSpeedkm/h 164
879,175.8,GPSSpeedkm/h 168
880,176.0,GPSSpeedkm/h 175
881,176.2,GPSSpeedkm/h 179
882,176.4,GPSSpeedkm/h 180
883,176.6,GPSSpeedkm/h 186
884,176.8,GPSSpeedkm/h 190
885,177.0,GPSSpeedkm/h 194
886,177.2,GPSSpeedkm/h 199
887,177.4,GPSSpeedkm/h 202
888,177.6,GPSSpeedkm/h 207
889,177.8,GPSSpeedkm/h 211
890,178.0,GPSSpeedkm/h 215
891,178.2,GPSSpeedkm/h 218
892,178.4,GPSSpeedkm/h 222 
893,178.6,GPSSpeedkm/h 226 
894,178.8,GPSSpeedkm/h 229
895,179.0,GPSSpeedkm/h 232
896,179.2,GPSSpeedkm/h 235
897,179.4,GPSSpeedkm/h 237
898,179.6,GPSSpeedkm/h 239
899,179.8,GPSSpeedkm/h 241
900,180.0,GPSSpeedkm/h 244
901,180.2,GPSSpeedkm/h 246
902,180.4,GPSSpeedkm/h 247
903,180.6,GPSSpeedkm/h 248
904,180.8,GPSSpeedkm/h 250
905,181.0,GPSSpeedkm/h 252
906,181.2,GPSSpeedkm/h 254
907,181.4,GPSSpeedkm/h 257
908,181.6,GPSSpeedkm/h 259
909,181.8,GPSSpeedkm/h 261
910,182.0,GPSSpeedkm/h 264
911,182.2,GPSSpeedkm/h 265
912,182.4,GPSSpeedkm/h 267
913,182.6,GPSSpeedkm/h 267
914,182.8,GPSSpeedkm/h 267
915,183.0,GPSSpeedkm/h 267
916,183.2,GPSSpeedkm/h 268
917,183.4,GPSSpeedkm/h 268
918,183.6,GPSSpeedkm/h 269
919,183.8,GPSSpeedkm/h 270
920,184.0,GPSSpeedkm/h 272
921,184.2,GPSSpeedkm/h 273
922,184.4,GPSSpeedkm/h 274
923,184.6,GPSSpeedkm/h 275
924,184.8,GPSSpeedkm/h 276
925,185.0,GPSSpeedkm/h 277
926,185.2,GPSSpeedkm/h 277
927,185.4,GPSSpeedkm/h 278
928,185.6,GPSSpeedkm/h 279
929,185.8,GPSSpeedkm/h 281
930,186.0,GPSSpeedkm/h 284
931,186.2,GPSSpeedkm/h 285
932,186.4,GPSSpeedkm/h 288
933,186.6,GPSSpeedkm/h 289
934,186.8,GPSSpeedkm/h 290
935,187.0,GPSSpeedkm/h 290
936,187.2,GPSSpeedkm/h 290
937,187.4,GPSSpeedkm/h 292
938,187.6,GPSSpeedkm/h 293
939,187.8,GPSSpeedkm/h 293
940,188.0,GPSSpeedkm/h 292 
941,188.2,GPSSpeedkm/h 289
942,188.4,GPSSpeedkm/h 293
943,188.6,GPSSpeedkm/h 292 
944,188.8,GPSSpeedkm/h 290
945,189.0,GPSSpeedkm/h 291
946,189.2,GPSSpeedkm/h 291
947,189.4,GPSSpeedkm/h 292
948,189.6,GPSSpeedkm/h 293
949,189.8,GPSSpeedkm/h 293
950,190.0,GPSSpeedkm/h 294
951,190.2,GPSSpeedkm/h 295
952,190.4,GPSSpeedkm/h 296
953,190.6,GPSSpeedkm/h 297
954,190.8,GPSSpeedkm/h 298
955,191.0,GPSSpeedkm/h 298
956,191.2,GPSSpeedkm/h 299
957,191.4,GPSSpeedkm/h 300
958,191.6,GPSSpeedkm/h 301
959,191.8,GPSSpeedkm/h 303
960,192.0,GPSSpeedkm/h 303
961,192.2,GPSSpeedkm/h 303
962,192.4,GPSSpeedkm/h 304
963,192.6,GPSSpeedkm/h 304
964,192.8,GPSSpeedkm/h 304
965,193.0,GPSSpeedkm/h 304
966,193.2,GPSSpeedkm/h 304
967,193.4,GPSSpeedkm/h 307
968,193.6,GPSSpeedkm/h 309
969,193.8,GPSSpeedkm/h 310
970,194.0,GPSSpeedkm/h 310
971,194.2,GPSSpeedkm/h 311
972,194.4,GPSSpeedkm/h 311
973,194.6,GPSSpeedkm/h 310
974,194.8,GPSSpeedkm/h 308
975,195.0,GPSSpeedkm/h 307
976,195.2,GPSSpeedkm/h 306
977,195.4,GPSSpeedkm/h 304
978,195.6,GPSSpeedkm/h 303
979,195.8,GPSSpeedkm/h 302
980,196.0,GPSSpeedkm/h 304
981,196.2,GPSSpeedkm/h 304
982,196.4,GPSSpeedkm/h 306
983,196.6,GPSSpeedkm/h 304
984,196.8,GPSSpeedkm/h 299
985,197.0,GPSSpeedkm/h 287
986,197.2,GPSSpeedkm/h 277
987,197.4,GPSSpeedkm/h 271
988,197.6,GPSSpeedkm/h 263
989,197.8,GPSSpeedkm/h 254
990,198.0,GPSSpeedkm/h 246
991,198.2,GPSSpeedkm/h 239
992,198.4,GPSSpeedkm/h 227
993,198.6,GPSSpeedkm/h 220
994,198.8,GPSSpeedkm/h 215
995,199.0,GPSSpeedkm/h 210
996,199.2,GPSSpeedkm/h 208
997,199.4,GPSSpeedkm/h 208
998,199.6,GPSSpeedkm/h 207
999,199.8,GPSSpeedkm/h 205
1000,200.0,GPSSpeedkm/h 203
1001,200.2,GPSSpeedkm/h 204 
1002,200.4,GPSSpeedkm/h 206 
1003,200.6,GPSSpeedkm/h 209
1004,200.8,GPSSpeedkm/h 211
1005,201.0,GPSSpeedkm/h 213
1006,201.2,GPSSpeedkm/h 215
1007,201.4,GPSSpeedkm/h 218
1008,201.6,GPSSpeedkm/h 219
1009,201.8,GPSSpeedkm/h 222 
1010,202.0,GPSSpeedkm/h 225
1011,202.2,GPSSpeedkm/h 228
1012,202.4,GPSSpeedkm/h 230
1013,202.6,GPSSpeedkm/h 233
1014,202.8,GPSSpeedkm/h 235
1015,203.0,GPSSpeedkm/h 238
1016,203.2,GPSSpeedkm/h 240
1017,203.4,GPSSpeedkm/h 242 
1018,203.6,GPSSpeedkm/h 246
1019,203.8,GPSSpeedkm/h 247
1020,204.0,GPSSpeedkm/h 248
1021,204.2,GPSSpeedkm/h 249
1022,204.4,GPSSpeedkm/h 252
1023,204.6,GPSSpeedkm/h 253
1024,204.8,GPSSpeedkm/h 250
1025,205.0,GPSSpeedkm/h 243
1026,205.2,GPSSpeedkm/h 237
1027,205.4,GPSSpeedkm/h 231
1028,205.6,GPSSpeedkm/h 223
1029,205.8,GPSSpeedkm/h 218
1030,206.0,GPSSpeedkm/h 214
1031,206.2,GPSSpeedkm/h 212
1032,206.4,GPSSpeedkm/h 211
1033,206.6,GPSSpeedkm/h 211
1034,206.8,GPSSpeedkm/h 212
1035,207.0,GPSSpeedkm/h 214
1036,207.2,GPSSpeedkm/h 214
1037,207.4,GPSSpeedkm/h 215
1038,207.6,GPSSpeedkm/h 217
1039,207.8,GPSSpeedkm/h 220 
1040,208.0,GPSSpeedkm/h 222 
1041,208.2,GPSSpeedkm/h 224
1042,208.4,GPSSpeedkm/h 227
1043,208.6,GPSSpeedkm/h 231
1044,208.8,GPSSpeedkm/h 233
1045,209.0,GPSSpeedkm/h 235
1046,209.2,GPSSpeedkm/h 228
1047,209.4,GPSSpeedkm/h 220 
1048,209.6,GPSSpeedkm/h 211
1049,209.8,GPSSpeedkm/h 203
1050,210.0,GPSSpeedkm/h 192
1051,210.2,GPSSpeedkm/h 181
1052,210.4,GPSSpeedkm/h 169
1053,210.6,GPSSpeedkm/h 159
1054,210.8,GPSSpeedkm/h 151
1055,211.0,GPSSpeedkm/h 141
1056,211.2,GPSSpeedkm/h 132
1057,211.4,GPSSpeedkm/h 125
1058,211.6,GPSSpeedkm/h 120
1059,211.8,GPSSpeedkm/h 118
1060,212.0,GPSSpeedkm/h 113
1061,212.2,GPSSpeedkm/h 111
1062,212.4,GPSSpeedkm/h 109
1063,212.6,GPSSpeedkm/h 105
1064,212.8,GPSSpeedkm/h 102
1065,213.0,GPSSpeedkm/h 099
1066,213.2,GPSSpeedkm/h 096
1067,213.4,GPSSpeedkm/h 094
1068,213.6,GPSSpeedkm/h 092
1069,213.8,GPSSpeedkm/h 092
1070,214.0,GPSSpeedkm/h 092
1071,214.2,GPSSpeedkm/h 094
1072,214.4,GPSSpeedkm/h 094
1073,214.6,GPSSpeedkm/h 097
1074,214.8,GPSSpeedkm/h 099
1075,215.0,GPSSpeedkm/h 103
1076,215.2,GPSSpeedkm/h 107
1077,215.4,GPSSpeedkm/h 111
1078,215.6,GPSSpeedkm/h 116
1079,215.8,GPSSpeedkm/h 120
1080,216.0,GPSSpeedkm/h 129
1081,216.2,GPSSpeedkm/h 135
1082,216.4,GPSSpeedkm/h 141
1083,216.6,GPSSpeedkm/h 146
1084,216.8,GPSSpeedkm/h 151
1085,217.0,GPSSpeedkm/h 157
1086,217.2,GPSSpeedkm/h 163
1087,217.4,GPSSpeedkm/h 168
1088,217.6,GPSSpeedkm/h 172
1089,217.8,GPSSpeedkm/h 176
1090,218.0,GPSSpeedkm/h 180
1091,218.2,GPSSpeedkm/h 184
1092,218.4,GPSSpeedkm/h 186
1093,218.6,GPSSpeedkm/h 189
1094,218.8,GPSSpeedkm/h 193
1095,219.0,GPSSpeedkm/h 197
1096,219.2,GPSSpeedkm/h 202
1097,219.4,GPSSpeedkm/h 206 
1098,219.6,GPSSpeedkm/h 210
1099,219.8,GPSSpeedkm/h 213
1100,220.0,GPSSpeedkm/h 217
1101,220.2,GPSSpeedkm/h 212
1102,220.4,GPSSpeedkm/h 204
1103,220.6,GPSSpeedkm/h 193
1104,220.8,GPSSpeedkm/h 184
1105,221.0,GPSSpeedkm/h 170
1106,221.2,GPSSpeedkm/h 159
1107,221.4,GPSSpeedkm/h 149
1108,221.6,GPSSpeedkm/h 139
1109,221.8,GPSSpeedkm/h 131
1110,222.0,GPSSpeedkm/h 121
1111,222.2,GPSSpeedkm/h 115
1112,222.4,GPSSpeedkm/h 111
1113,222.6,GPSSpeedkm/h 108
1114,222.8,GPSSpeedkm/h 105
1115,223.0,GPSSpeedkm/h 099
1116,223.2,GPSSpeedkm/h 093
1117,223.4,GPSSpeedkm/h 092
1118,223.6,GPSSpeedkm/h 093
1119,223.8,GPSSpeedkm/h 091
1120,224.0,GPSSpeedkm/h 090
1121,224.2,GPSSpeedkm/h 091
1122,224.4,GPSSpeedkm/h 091
1123,224.6,GPSSpeedkm/h 092
1124,224.8,GPSSpeedkm/h 091
1125,225.0,GPSSpeedkm/h 091
1126,225.2,GPSSpeedkm/h 090
1127,225.4,GPSSpeedkm/h 089
1128,225.6,GPSSpeedkm/h 089
1129,225.8,GPSSpeedkm/h 090
1130,226.0,GPSSpeedkm/h 091
1131,226.2,GPSSpeedkm/h 091
1132,226.4,GPSSpeedkm/h 092
1133,226.6,GPSSpeedkm/h 094
1134,226.8,GPSSpeedkm/h 097
1135,227.0,GPSSpeedkm/h 105
1136,227.2,GPSSpeedkm/h 111
1137,227.4,GPSSpeedkm/h 117
1138,227.6,GPSSpeedkm/h 123
1139,227.8,GPSSpeedkm/h 128
1140,228.0,GPSSpeedkm/h 134
1141,228.2,GPSSpeedkm/h 142
1142,228.4,GPSSpeedkm/h 149
1143,228.6,GPSSpeedkm/h 155
1144,228.8,GPSSpeedkm/h 161
1145,229.0,GPSSpeedkm/h 168
1146,229.2,GPSSpeedkm/h 173
1147,229.4,GPSSpeedkm/h 178
1148,229.6,GPSSpeedkm/h 183
1149,229.8,GPSSpeedkm/h 187
1150,230.0,GPSSpeedkm/h 191
1151,230.2,GPSSpeedkm/h 195
1152,230.4,GPSSpeedkm/h 199
1153,230.6,GPSSpeedkm/h 202
1154,230.8,GPSSpeedkm/h 206 
1155,231.0,GPSSpeedkm/h 210
1156,231.2,GPSSpeedkm/h 214
1157,231.4,GPSSpeedkm/h 218
1158,231.6,GPSSpeedkm/h 221
1159,231.8,GPSSpeedkm/h 224
1160,232.0,GPSSpeedkm/h 228
1161,232.2,GPSSpeedkm/h 231
1162,232.4,GPSSpeedkm/h 234
1163,232.6,GPSSpeedkm/h 236
1164,232.8,GPSSpeedkm/h 238
1165,233.0,GPSSpeedkm/h 241
1166,233.2,GPSSpeedkm/h 240
1167,233.4,GPSSpeedkm/h 234
1168,233.6,GPSSpeedkm/h 223
1169,233.8,GPSSpeedkm/h 213
1170,234.0,GPSSpeedkm/h 205
1171,234.2,GPSSpeedkm/h 200
1172,234.4,GPSSpeedkm/h 196
1173,234.6,GPSSpeedkm/h 194
1174,234.8,GPSSpeedkm/h 193
1175,235.0,GPSSpeedkm/h 193
1176,235.2,GPSSpeedkm/h 194
1177,235.4,GPSSpeedkm/h 197
1178,235.6,GPSSpeedkm/h 201
1179,235.8,GPSSpeedkm/h 204
1180,236.0,GPSSpeedkm/h 205
1181,236.2,GPSSpeedkm/h 204
1182,236.4,GPSSpeedkm/h 206 
1183,236.6,GPSSpeedkm/h 209
1184,236.8,GPSSpeedkm/h 211
1185,237.0,GPSSpeedkm/h 214
1186,237.2,GPSSpeedkm/h 215
1187,237.4,GPSSpeedkm/h 216
1188,237.6,GPSSpeedkm/h 213
1189,237.8,GPSSpeedkm/h 207
1190,238.0,GPSSpeedkm/h 195
1191,238.2,GPSSpeedkm/h 185
1192,238.4,GPSSpeedkm/h 177
1193,238.6,GPSSpeedkm/h 170
1194,238.8,GPSSpeedkm/h 165
1195,239.0,GPSSpeedkm/h 160
1196,239.2,GPSSpeedkm/h 156
1197,239.4,GPSSpeedkm/h 153
1198,239.6,GPSSpeedkm/h 150
1199,239.8,GPSSpeedkm/h 150
1200,240.0,GPSSpeedkm/h 150
1201,240.2,GPSSpeedkm/h 153
1202,240.4,GPSSpeedkm/h 160
1203,240.6,GPSSpeedkm/h 159
1204,240.8,GPSSpeedkm/h 157
1205,241.0,GPSSpeedkm/h 154
1206,241.2,GPSSpeedkm/h 152
1207,241.4,GPSSpeedkm/h 151
1208,241.6,GPSSpeedkm/h 149
1209,241.8,GPSSpeedkm/h 149
1210,242.0,GPSSpeedkm/h 148
1211,242.2,GPSSpeedkm/h 150
1212,242.4,GPSSpeedkm/h 153
1213,242.6,GPSSpeedkm/h 156
1214,242.8,GPSSpeedkm/h 160
1215,243.0,GPSSpeedkm/h 167
1216,243.2,GPSSpeedkm/h 169
1217,243.4,GPSSpeedkm/h 162
1218,243.6,GPSSpeedkm/h 154
1219,243.8,GPSSpeedkm/h 147
1220,244.0,GPSSpeedkm/h 140
1221,244.2,GPSSpeedkm/h 137
1222,244.4,GPSSpeedkm/h 134
1223,244.6,GPSSpeedkm/h 132
1224,244.8,GPSSpeedkm/h 131
1225,245.0,GPSSpeedkm/h 125
1226,245.2,GPSSpeedkm/h 122
1227,245.4,GPSSpeedkm/h 120
1228,245.6,GPSSpeedkm/h 118
1229,245.8,GPSSpeedkm/h 120
1230,246.0,GPSSpeedkm/h 123
1231,246.2,GPSSpeedkm/h 125
1232,246.4,GPSSpeedkm/h 131
1233,246.6,GPSSpeedkm/h 137
1234,246.8,GPSSpeedkm/h 141
1235,247.0,GPSSpeedkm/h 149
1236,247.2,GPSSpeedkm/h 155
1237,247.4,GPSSpeedkm/h 162
1238,247.6,GPSSpeedkm/h 168
1239,247.8,GPSSpeedkm/h 173
1240,248.0,GPSSpeedkm/h 179
1241,248.2,GPSSpeedkm/h 185
1242,248.4,GPSSpeedkm/h 188
1243,248.6,GPSSpeedkm/h 191
1244,248.8,GPSSpeedkm/h 194
1245,249.0,GPSSpeedkm/h 198
1246,249.2,GPSSpeedkm/h 202
1247,249.4,GPSSpeedkm/h 206
1248,249.6,GPSSpeedkm/h 211
1249,249.8,GPSSpeedkm/h 215
1250,250.0,GPSSpeedkm/h 215
1251,250.2,GPSSpeedkm/h 207
1252,250.4,GPSSpeedkm/h 201
1253,250.6,GPSSpeedkm/h 196
1254,250.8,GPSSpeedkm/h 193
1255,251.0,GPSSpeedkm/h 190
1256,251.2,GPSSpeedkm/h 189
1257,251.4,GPSSpeedkm/h 189
1258,251.6,GPSSpeedkm/h 187
1259,251.8,GPSSpeedkm/h 186
1260,252.0,GPSSpeedkm/h 184
1261,252.2,GPSSpeedkm/h 183
1262,252.4,GPSSpeedkm/h 184
1263,252.6,GPSSpeedkm/h 185
1264,252.8,GPSSpeedkm/h 183
1265,253.0,GPSSpeedkm/h 178
1266,253.2,GPSSpeedkm/h 175
1267,253.4,GPSSpeedkm/h 174
1268,253.6,GPSSpeedkm/h 173
1269,253.8,GPSSpeedkm/h 173
1270,254.0,GPSSpeedkm/h 170
1271,254.2,GPSSpeedkm/h 168
1272,254.4,GPSSpeedkm/h 167
1273,254.6,GPSSpeedkm/h 167
1274,254.8,GPSSpeedkm/h 167
1275,255.0,GPSSpeedkm/h 167
1276,255.2,GPSSpeedkm/h 168
1277,255.4,GPSSpeedkm/h 167
1278,255.6,GPSSpeedkm/h 165
1279,255.8,GPSSpeedkm/h 163
1280,256.0,GPSSpeedkm/h 161
1281,256.2,GPSSpeedkm/h 160
1282,256.4,GPSSpeedkm/h 159
1283,256.6,GPSSpeedkm/h 159
1284,256.8,GPSSpeedkm/h 159
1285,257.0,GPSSpeedkm/h 158
1286,257.2,GPSSpeedkm/h 158
1287,257.4,GPSSpeedkm/h 160
1288,257.6,GPSSpeedkm/h 164
1289,257.8,GPSSpeedkm/h 168
1290,258.0,GPSSpeedkm/h 176
1291,258.2,GPSSpeedkm/h 182
1292,258.4,GPSSpeedkm/h 187
1293,258.6,GPSSpeedkm/h 192
1294,258.8,GPSSpeedkm/h 197
1295,259.0,GPSSpeedkm/h 193
1296,259.2,GPSSpeedkm/h 182
1297,259.4,GPSSpeedkm/h 169
1298,259.6,GPSSpeedkm/h 157
1299,259.8,GPSSpeedkm/h 148
1300,260.0,GPSSpeedkm/h 137
1301,260.2,GPSSpeedkm/h 131
1302,260.4,GPSSpeedkm/h 130
1303,260.6,GPSSpeedkm/h 129
1304,260.8,GPSSpeedkm/h 129
1305,261.0,GPSSpeedkm/h 133
1306,261.2,GPSSpeedkm/h 133
1307,261.4,GPSSpeedkm/h 133
1308,261.6,GPSSpeedkm/h 132
1309,261.8,GPSSpeedkm/h 132
1310,262.0,GPSSpeedkm/h 135
1311,262.2,GPSSpeedkm/h 139
1312,262.4,GPSSpeedkm/h 142
1313,262.6,GPSSpeedkm/h 146
1314,262.8,GPSSpeedkm/h 149
1315,263.0,GPSSpeedkm/h 154
1316,263.2,GPSSpeedkm/h 159
1317,263.4,GPSSpeedkm/h 165
1318,263.6,GPSSpeedkm/h 170
1319,263.8,GPSSpeedkm/h 175
1320,264.0,GPSSpeedkm/h 180
1321,264.2,GPSSpeedkm/h 185
1322,264.4,GPSSpeedkm/h 181
1323,264.6,GPSSpeedkm/h 174
1324,264.8,GPSSpeedkm/h 167
1325,265.0,GPSSpeedkm/h 157
1326,265.2,GPSSpeedkm/h 150
1327,265.4,GPSSpeedkm/h 144
1328,265.6,GPSSpeedkm/h 142
1329,265.8,GPSSpeedkm/h 141
1330,266.0,GPSSpeedkm/h 138
1331,266.2,GPSSpeedkm/h 136
1332,266.4,GPSSpeedkm/h 133
1333,266.6,GPSSpeedkm/h 132
1334,266.8,GPSSpeedkm/h 131
1335,267.0,GPSSpeedkm/h 130
1336,267.2,GPSSpeedkm/h 131
1337,267.4,GPSSpeedkm/h 133
1338,267.6,GPSSpeedkm/h 136
1339,267.8,GPSSpeedkm/h 139
1340,268.0,GPSSpeedkm/h 144
1341,268.2,GPSSpeedkm/h 148
1342,268.4,GPSSpeedkm/h 152
1343,268.6,GPSSpeedkm/h 156
1344,268.8,GPSSpeedkm/h 160
1345,269.0,GPSSpeedkm/h 166
1346,269.2,GPSSpeedkm/h 169
1347,269.4,GPSSpeedkm/h 173
1348,269.6,GPSSpeedkm/h 170
1349,269.8,GPSSpeedkm/h 162
1350,270.0,GPSSpeedkm/h 150
1351,270.2,GPSSpeedkm/h 141
1352,270.4,GPSSpeedkm/h 135
1353,270.6,GPSSpeedkm/h 132
1354,270.8,GPSSpeedkm/h 131
1355,271.0,GPSSpeedkm/h 128
1356,271.2,GPSSpeedkm/h 125
1357,271.4,GPSSpeedkm/h 123
1358,271.6,GPSSpeedkm/h 121
1359,271.8,GPSSpeedkm/h 121
1360,272.0,GPSSpeedkm/h 126
1361,272.2,GPSSpeedkm/h 129
1362,272.4,GPSSpeedkm/h 134
1363,272.6,GPSSpeedkm/h 138
1364,272.8,GPSSpeedkm/h 143
1365,273.0,GPSSpeedkm/h 150
1366,273.2,GPSSpeedkm/h 156
1367,273.4,GPSSpeedkm/h 163
1368,273.6,GPSSpeedkm/h 170
1369,273.8,GPSSpeedkm/h 174
1370,274.0,GPSSpeedkm/h 182
1371,274.2,GPSSpeedkm/h 187
1372,274.4,GPSSpeedkm/h 191
1373,274.6,GPSSpeedkm/h 188
1374,274.8,GPSSpeedkm/h 181
1375,275.0,GPSSpeedkm/h 169
1376,275.2,GPSSpeedkm/h 158
1377,275.4,GPSSpeedkm/h 149
1378,275.6,GPSSpeedkm/h 142
1379,275.8,GPSSpeedkm/h 138
1380,276.0,GPSSpeedkm/h 133
1381,276.2,GPSSpeedkm/h 129
1382,276.4,GPSSpeedkm/h 122
1383,276.6,GPSSpeedkm/h 117
1384,276.8,GPSSpeedkm/h 115
1385,277.0,GPSSpeedkm/h 116
1386,277.2,GPSSpeedkm/h 116
1387,277.4,GPSSpeedkm/h 116
1388,277.6,GPSSpeedkm/h 119
1389,277.8,GPSSpeedkm/h 121
1390,278.0,GPSSpeedkm/h 127
1391,278.2,GPSSpeedkm/h 130
1392,278.4,GPSSpeedkm/h 134
1393,278.6,GPSSpeedkm/h 138
1394,278.8,GPSSpeedkm/h 142
1395,279.0,GPSSpeedkm/h 147
1396,279.2,GPSSpeedkm/h 152
1397,279.4,GPSSpeedkm/h 156
1398,279.6,GPSSpeedkm/h 160
1399,279.8,GPSSpeedkm/h 164
1400,280.0,GPSSpeedkm/h 169
1401,280.2,GPSSpeedkm/h 173
1402,280.4,GPSSpeedkm/h 178
1403,280.6,GPSSpeedkm/h 182
1404,280.8,GPSSpeedkm/h 189
1405,281.0,GPSSpeedkm/h 194
1406,281.2,GPSSpeedkm/h 191
1407,281.4,GPSSpeedkm/h 181
1408,281.6,GPSSpeedkm/h 170
1409,281.8,GPSSpeedkm/h 156
1410,282.0,GPSSpeedkm/h 146
1411,282.2,GPSSpeedkm/h 138
1412,282.4,GPSSpeedkm/h 133
1413,282.6,GPSSpeedkm/h 129
1414,282.8,GPSSpeedkm/h 125
1415,283.0,GPSSpeedkm/h 122
1416,283.2,GPSSpeedkm/h 119
1417,283.4,GPSSpeedkm/h 115
1418,283.6,GPSSpeedkm/h 112
1419,283.8,GPSSpeedkm/h 109
1420,284.0,GPSSpeedkm/h 106
1421,284.2,GPSSpeedkm/h 107
1422,284.4,GPSSpeedkm/h 109
1423,284.6,GPSSpeedkm/h 112
1424,284.8,GPSSpeedkm/h 115
1425,285.0,GPSSpeedkm/h 121
1426,285.2,GPSSpeedkm/h 129
1427,285.4,GPSSpeedkm/h 137
1428,285.6,GPSSpeedkm/h 142
1429,285.8,GPSSpeedkm/h 147
1430,286.0,GPSSpeedkm/h 153
1431,286.2,GPSSpeedkm/h 156
1432,286.4,GPSSpeedkm/h 157
1433,286.6,GPSSpeedkm/h 159
1434,286.8,GPSSpeedkm/h 161
1435,287.0,GPSSpeedkm/h 166
1436,287.2,GPSSpeedkm/h 170
1437,287.4,GPSSpeedkm/h 175
1438,287.6,GPSSpeedkm/h 180
1439,287.8,GPSSpeedkm/h 184
1440,288.0,GPSSpeedkm/h 190
1441,288.2,GPSSpeedkm/h 195
1442,288.4,GPSSpeedkm/h 199
1443,288.6,GPSSpeedkm/h 203
1444,288.8,GPSSpeedkm/h 204
1445,289.0,GPSSpeedkm/h 207
1446,289.2,GPSSpeedkm/h 209
1447,289.4,GPSSpeedkm/h 209
1448,289.6,GPSSpeedkm/h 210
1449,289.8,GPSSpeedkm/h 211
1450,290.0,GPSSpeedkm/h 215
1451,290.2,GPSSpeedkm/h 217
1452,290.4,GPSSpeedkm/h 219
1453,290.6,GPSSpeedkm/h 219
1454,290.8,GPSSpeedkm/h 220 
1455,291.0,GPSSpeedkm/h 227
1456,291.2,GPSSpeedkm/h 230
1457,291.4,GPSSpeedkm/h 232
1458,291.6,GPSSpeedkm/h 236
1459,291.8,GPSSpeedkm/h 238
1460,292.0,GPSSpeedkm/h 240
1461,292.2,GPSSpeedkm/h 242
1462,292.4,GPSSpeedkm/h 244
1463,292.6,GPSSpeedkm/h 241
1464,292.8,GPSSpeedkm/h 234
1465,293.0,GPSSpeedkm/h 224
1466,293.2,GPSSpeedkm/h 220 
1467,293.4,GPSSpeedkm/h 219
1468,293.6,GPSSpeedkm/h 213
1469,293.8,GPSSpeedkm/h 206
1470,294.0,GPSSpeedkm/h 191
1471,294.2,GPSSpeedkm/h 182
1472,294.4,GPSSpeedkm/h 175
1473,294.6,GPSSpeedkm/h 172
1474,294.8,GPSSpeedkm/h 169
1475,295.0,GPSSpeedkm/h 164
1476,295.2,GPSSpeedkm/h 159
1477,295.4,GPSSpeedkm/h 156
1478,295.6,GPSSpeedkm/h 151
1479,295.8,GPSSpeedkm/h 150
1480,296.0,GPSSpeedkm/h 152
1481,296.2,GPSSpeedkm/h 153
1482,296.4,GPSSpeedkm/h 155
1483,296.6,GPSSpeedkm/h 158
1484,296.8,GPSSpeedkm/h 160
1485,297.0,GPSSpeedkm/h 163
1486,297.2,GPSSpeedkm/h 164
1487,297.4,GPSSpeedkm/h 166
1488,297.6,GPSSpeedkm/h 168
1489,297.8,GPSSpeedkm/h 171
1490,298.0,GPSSpeedkm/h 177
1491,298.2,GPSSpeedkm/h 181
1492,298.4,GPSSpeedkm/h 186
1493,298.6,GPSSpeedkm/h 189
1494,298.8,GPSSpeedkm/h 189
1495,299.0,GPSSpeedkm/h 190
1496,299.2,GPSSpeedkm/h 190
1497,299.4,GPSSpeedkm/h 190
1498,299.6,GPSSpeedkm/h 193
1499,299.8,GPSSpeedkm/h 195
1500,300.0,GPSSpeedkm/h 199
1501,300.2,GPSSpeedkm/h 201
1502,300.4,GPSSpeedkm/h 203
1503,300.6,GPSSpeedkm/h 206
1504,300.8,GPSSpeedkm/h 209
1505,301.0,GPSSpeedkm/h 213
1506,301.2,GPSSpeedkm/h 217
1507,301.4,GPSSpeedkm/h 221
1508,301.6,GPSSpeedkm/h 225
1509,301.8,GPSSpeedkm/h 227
1510,302.0,GPSSpeedkm/h 227
1511,302.2,GPSSpeedkm/h 227
1512,302.4,GPSSpeedkm/h 226
1513,302.6,GPSSpeedkm/h 225
1514,302.8,GPSSpeedkm/h 225
1515,303.0,GPSSpeedkm/h 225
1516,303.2,GPSSpeedkm/h 225
1517,303.4,GPSSpeedkm/h 225
1518,303.6,GPSSpeedkm/h 226
1519,303.8,GPSSpeedkm/h 227
1520,304.0,GPSSpeedkm/h 231
1521,304.2,GPSSpeedkm/h 230
1522,304.4,GPSSpeedkm/h 226 
1523,304.6,GPSSpeedkm/h 222 
1524,304.8,GPSSpeedkm/h 219
1525,305.0,GPSSpeedkm/h 214
1526,305.2,GPSSpeedkm/h 211
1527,305.4,GPSSpeedkm/h 211
1528,305.6,GPSSpeedkm/h 211
1529,305.8,GPSSpeedkm/h 212
1530,306.0,GPSSpeedkm/h 213
1531,306.2,GPSSpeedkm/h 215
1532,306.4,GPSSpeedkm/h 217
1533,306.6,GPSSpeedkm/h 219
1534,306.8,GPSSpeedkm/h 221
1535,307.0,GPSSpeedkm/h 223
1536,307.2,GPSSpeedkm/h 225
1537,307.4,GPSSpeedkm/h 227
1538,307.6,GPSSpeedkm/h 229
1539,307.8,GPSSpeedkm/h 232
1540,308.0,GPSSpeedkm/h 235
1541,308.2,GPSSpeedkm/h 239
1542,308.4,GPSSpeedkm/h 242
1543,308.6,GPSSpeedkm/h 243
1544,308.8,GPSSpeedkm/h 246
1545,309.0,GPSSpeedkm/h 248
1546,309.2,GPSSpeedkm/h 249
1547,309.4,GPSSpeedkm/h 249
1548,309.6,GPSSpeedkm/h 252
1549,309.8,GPSSpeedkm/h 254
1550,310.0,GPSSpeedkm/h 256
1551,310.2,GPSSpeedkm/h 258
1552,310.4,GPSSpeedkm/h 261
1553,310.6,GPSSpeedkm/h 263
1554,310.8,GPSSpeedkm/h 265
1555,311.0,GPSSpeedkm/h 267
1556,311.2,GPSSpeedkm/h 269
1557,311.4,GPSSpeedkm/h 271
1558,311.6,GPSSpeedkm/h 272
1559,311.8,GPSSpeedkm/h 274
1560,312.0,GPSSpeedkm/h 276
1561,312.2,GPSSpeedkm/h 278
1562,312.4,GPSSpeedkm/h 275
1563,312.6,GPSSpeedkm/h 269
1564,312.8,GPSSpeedkm/h 261
1565,313.0,GPSSpeedkm/h 248
1566,313.2,GPSSpeedkm/h 235
1567,313.4,GPSSpeedkm/h 224
1568,313.6,GPSSpeedkm/h 214
1569,313.8,GPSSpeedkm/h 207
1570,314.0,GPSSpeedkm/h 197
1571,314.2,GPSSpeedkm/h 192
1572,314.4,GPSSpeedkm/h 188
1573,314.6,GPSSpeedkm/h 185
1574,314.8,GPSSpeedkm/h 183
1575,315.0,GPSSpeedkm/h 182
1576,315.2,GPSSpeedkm/h 180
1577,315.4,GPSSpeedkm/h 178
1578,315.6,GPSSpeedkm/h 177
1579,315.8,GPSSpeedkm/h 175
1580,316.0,GPSSpeedkm/h 174
1581,316.2,GPSSpeedkm/h 173
1582,316.4,GPSSpeedkm/h 173
1583,316.6,GPSSpeedkm/h 174
1584,316.8,GPSSpeedkm/h 175
1585,317.0,GPSSpeedkm/h 173
1586,317.2,GPSSpeedkm/h 168
1587,317.4,GPSSpeedkm/h 161
1588,317.6,GPSSpeedkm/h 153
1589,317.8,GPSSpeedkm/h 148
1590,318.0,GPSSpeedkm/h 141
1591,318.2,GPSSpeedkm/h 138
1592,318.4,GPSSpeedkm/h 136
1593,318.6,GPSSpeedkm/h 133
1594,318.8,GPSSpeedkm/h 131
1595,319.0,GPSSpeedkm/h 130
1596,319.2,GPSSpeedkm/h 130
1597,319.4,GPSSpeedkm/h 131
1598,319.6,GPSSpeedkm/h 132
1599,319.8,GPSSpeedkm/h 133
1600,320.0,GPSSpeedkm/h 135
1601,320.2,GPSSpeedkm/h 138
1602,320.4,GPSSpeedkm/h 142
1603,320.6,GPSSpeedkm/h 147
1604,320.8,GPSSpeedkm/h 150
1605,321.0,GPSSpeedkm/h 155
1606,321.2,GPSSpeedkm/h 160
1607,321.4,GPSSpeedkm/h 164
1608,321.6,GPSSpeedkm/h 170
1609,321.8,GPSSpeedkm/h 173
1610,322.0,GPSSpeedkm/h 178
1611,322.2,GPSSpeedkm/h 183
1612,322.4,GPSSpeedkm/h 187
1613,322.6,GPSSpeedkm/h 193
1614,322.8,GPSSpeedkm/h 191
1615,323.0,GPSSpeedkm/h 182
1616,323.2,GPSSpeedkm/h 171
1617,323.4,GPSSpeedkm/h 159
1618,323.6,GPSSpeedkm/h 149
1619,323.8,GPSSpeedkm/h 140
1620,324.0,GPSSpeedkm/h 130
1621,324.2,GPSSpeedkm/h 125
1622,324.4,GPSSpeedkm/h 119
1623,324.6,GPSSpeedkm/h 114
1624,324.8,GPSSpeedkm/h 110
1625,325.0,GPSSpeedkm/h 108
1626,325.2,GPSSpeedkm/h 108
1627,325.4,GPSSpeedkm/h 106
1628,325.6,GPSSpeedkm/h 105
1629,325.8,GPSSpeedkm/h 105
1630,326.0,GPSSpeedkm/h 107
1631,326.2,GPSSpeedkm/h 109
1632,326.4,GPSSpeedkm/h 112
1633,326.6,GPSSpeedkm/h 116
1634,326.8,GPSSpeedkm/h 120
1635,327.0,GPSSpeedkm/h 125
1636,327.2,GPSSpeedkm/h 132
1637,327.4,GPSSpeedkm/h 139
1638,327.6,GPSSpeedkm/h 145
1639,327.8,GPSSpeedkm/h 150
1640,328.0,GPSSpeedkm/h 157
1641,328.2,GPSSpeedkm/h 162
1642,328.4,GPSSpeedkm/h 167
1643,328.6,GPSSpeedkm/h 172
1644,328.8,GPSSpeedkm/h 176
1645,329.0,GPSSpeedkm/h 182
1646,329.2,GPSSpeedkm/h 188
1647,329.4,GPSSpeedkm/h 192
1648,329.6,GPSSpeedkm/h 196
1649,329.8,GPSSpeedkm/h 200
1650,330.0,GPSSpeedkm/h 204
1651,330.2,GPSSpeedkm/h 208
1652,330.4,GPSSpeedkm/h 212
1653,330.6,GPSSpeedkm/h 215
1654,330.8,GPSSpeedkm/h 217
1655,331.0,GPSSpeedkm/h 220 
1656,331.2,GPSSpeedkm/h 219
1657,331.4,GPSSpeedkm/h 210
1658,331.6,GPSSpeedkm/h 203
1659,331.8,GPSSpeedkm/h 193
1660,332.0,GPSSpeedkm/h 182
1661,332.2,GPSSpeedkm/h 174
1662,332.4,GPSSpeedkm/h 166
1663,332.6,GPSSpeedkm/h 162
1664,332.8,GPSSpeedkm/h 158
1665,333.0,GPSSpeedkm/h 156
1666,333.2,GPSSpeedkm/h 153
1667,333.4,GPSSpeedkm/h 152
1668,333.6,GPSSpeedkm/h 153
1669,333.8,GPSSpeedkm/h 157
1670,334.0,GPSSpeedkm/h 159
1671,334.2,GPSSpeedkm/h 162
1672,334.4,GPSSpeedkm/h 168
1673,334.6,GPSSpeedkm/h 170
1674,334.8,GPSSpeedkm/h 172
1675,335.0,GPSSpeedkm/h 174
1676,335.2,GPSSpeedkm/h 177
1677,335.4,GPSSpeedkm/h 181
1678,335.6,GPSSpeedkm/h 184
1679,335.8,GPSSpeedkm/h 185
1680,336.0,GPSSpeedkm/h 185
1681,336.2,GPSSpeedkm/h 185
1682,336.4,GPSSpeedkm/h 184
1683,336.6,GPSSpeedkm/h 184
1684,336.8,GPSSpeedkm/h 183
1685,337.0,GPSSpeedkm/h 184
1686,337.2,GPSSpeedkm/h 182
1687,337.4,GPSSpeedkm/h 182
1688,337.6,GPSSpeedkm/h 183
1689,337.8,GPSSpeedkm/h 184
1690,338.0,GPSSpeedkm/h 183
1691,338.2,GPSSpeedkm/h 185
1692,338.4,GPSSpeedkm/h 188
1693,338.6,GPSSpeedkm/h 191
1694,338.8,GPSSpeedkm/h 193
1695,339.0,GPSSpeedkm/h 195
1696,339.2,GPSSpeedkm/h 196
1697,339.4,GPSSpeedkm/h 199
1698,339.6,GPSSpeedkm/h 200
1699,339.8,GPSSpeedkm/h 203
1700,340.0,GPSSpeedkm/h 205
1701,340.2,GPSSpeedkm/h 209
1702,340.4,GPSSpeedkm/h 212
1703,340.6,GPSSpeedkm/h 215
1704,340.8,GPSSpeedkm/h 218
1705,341.0,GPSSpeedkm/h 221
1706,341.2,GPSSpeedkm/h 224
1707,341.4,GPSSpeedkm/h 227
1708,341.6,GPSSpeedkm/h 231
1709,341.8,GPSSpeedkm/h 234
1710,342.0,GPSSpeedkm/h 238
1711,342.2,GPSSpeedkm/h 240
1712,342.4,GPSSpeedkm/h 243
1713,342.6,GPSSpeedkm/h 245
1714,342.8,GPSSpeedkm/h 248
1715,343.0,GPSSpeedkm/h 251
1716,343.2,GPSSpeedkm/h 253
1717,343.4,GPSSpeedkm/h 256
1718,343.6,GPSSpeedkm/h 258
1719,343.8,GPSSpeedkm/h 261
1720,344.0,GPSSpeedkm/h 263
1721,344.2,GPSSpeedkm/h 266
1722,344.4,GPSSpeedkm/h 268
1723,344.6,GPSSpeedkm/h 271
1724,344.8,GPSSpeedkm/h 273
1725,345.0,GPSSpeedkm/h 275
1726,345.2,GPSSpeedkm/h 277
1727,345.4,GPSSpeedkm/h 279
1728,345.6,GPSSpeedkm/h 281
1729,345.8,GPSSpeedkm/h 282
1730,346.0,GPSSpeedkm/h 285
1731,346.2,GPSSpeedkm/h 286
1732,346.4,GPSSpeedkm/h 289
1733,346.6,GPSSpeedkm/h 290
1734,346.8,GPSSpeedkm/h 292 
1735,347.0,GPSSpeedkm/h 293
1736,347.2,GPSSpeedkm/h 295
1737,347.4,GPSSpeedkm/h 297
1738,347.6,GPSSpeedkm/h 298
1739,347.8,GPSSpeedkm/h 300
1740,348.0,GPSSpeedkm/h 301
1741,348.2,GPSSpeedkm/h 302
1742,348.4,GPSSpeedkm/h 304
1743,348.6,GPSSpeedkm/h 305
1744,348.8,GPSSpeedkm/h 306
1745,349.0,GPSSpeedkm/h 307
1746,349.2,GPSSpeedkm/h 308
1747,349.4,GPSSpeedkm/h 309
1748,349.6,GPSSpeedkm/h 309
1749,349.8,GPSSpeedkm/h 311
1750,350.0,GPSSpeedkm/h 312
1751,350.2,GPSSpeedkm/h 312
1752,350.4,GPSSpeedkm/h 313
1753,350.6,GPSSpeedkm/h 314
1754,350.8,GPSSpeedkm/h 315
1755,351.0,GPSSpeedkm/h 316
1756,351.2,GPSSpeedkm/h 317
1757,351.4,GPSSpeedkm/h 318
1758,351.6,GPSSpeedkm/h 318
1759,351.8,GPSSpeedkm/h 319
1760,352.0,GPSSpeedkm/h 320
1761,352.2,GPSSpeedkm/h 321
1762,352.4,GPSSpeedkm/h 321
1763,352.6,GPSSpeedkm/h 322
1764,352.8,GPSSpeedkm/h 323
1765,353.0,GPSSpeedkm/h 323
1766,353.2,GPSSpeedkm/h 324
1767,353.4,GPSSpeedkm/h 325
1768,353.6,GPSSpeedkm/h 325
1769,353.8,GPSSpeedkm/h 326
1770,354.0,GPSSpeedkm/h 326
1771,354.2,GPSSpeedkm/h 327
1772,354.4,GPSSpeedkm/h 327
1773,354.6,GPSSpeedkm/h 328
1774,354.8,GPSSpeedkm/h 328
1775,355.0,GPSSpeedkm/h 329
1776,355.2,GPSSpeedkm/h 329
1777,355.4,GPSSpeedkm/h 329
1778,355.6,GPSSpeedkm/h 330
1779,355.8,GPSSpeedkm/h 330
1780,356.0,GPSSpeedkm/h 330
1781,356.2,GPSSpeedkm/h 331
1782,356.4,GPSSpeedkm/h 331
1783,356.6,GPSSpeedkm/h 331
1784,356.8,GPSSpeedkm/h 332
1785,357.0,GPSSpeedkm/h 332
1786,357.2,GPSSpeedkm/h 332
1787,357.4,GPSSpeedkm/h 332
1788,357.6,GPSSpeedkm/h 332
1789,357.8,GPSSpeedkm/h 333
1790,358.0,GPSSpeedkm/h 333
1791,358.2,GPSSpeedkm/h 333
1792,358.4,GPSSpeedkm/h 333
1793,358.6,GPSSpeedkm/h 333
1794,358.8,GPSSpeedkm/h 334
1795,359.0,GPSSpeedkm/h 334
1796,359.2,GPSSpeedkm/h 334
1797,359.4,GPSSpeedkm/h 334
1798,359.6,GPSSpeedkm/h 334
1799,359.8,GPSSpeedkm/h 334
1800,360.0,GPSSpeedkm/h 335
1801,360.2,GPSSpeedkm/h 335
1802,360.4,GPSSpeedkm/h 335
1803,360.6,GPSSpeedkm/h 335
1804,360.8,GPSSpeedkm/h 335
1805,361.0,GPSSpeedkm/h 336
1806,361.2,GPSSpeedkm/h 336
1807,361.4,GPSSpeedkm/h 336
1808,361.6,GPSSpeedkm/h 336
1809,361.8,GPSSpeedkm/h 336
1810,362.0,GPSSpeedkm/h 336
1811,362.2,GPSSpeedkm/h 336
1812,362.4,GPSSpeedkm/h 336
1813,362.6,GPSSpeedkm/h 337
1814,362.8,GPSSpeedkm/h 337
1815,363.0,GPSSpeedkm/h 337
1816,363.2,GPSSpeedkm/h 338
1817,363.4,GPSSpeedkm/h 338
1818,363.6,GPSSpeedkm/h 338
1819,363.8,GPSSpeedkm/h 338
1820,364.0,GPSSpeedkm/h 339
1821,364.2,GPSSpeedkm/h 339
1822,364.4,GPSSpeedkm/h 339
1823,364.6,GPSSpeedkm/h 339
1824,364.8,GPSSpeedkm/h 339
1825,365.0,GPSSpeedkm/h 338
1826,365.2,GPSSpeedkm/h 339
1827,365.4,GPSSpeedkm/h 340
1828,365.6,GPSSpeedkm/h 341
1829,365.8,GPSSpeedkm/h 341
1830,366.0,GPSSpeedkm/h 339
1831,366.2,GPSSpeedkm/h 339
1832,366.4,GPSSpeedkm/h 340
1833,366.6,GPSSpeedkm/h 340
1834,366.8,GPSSpeedkm/h 341
1835,367.0,GPSSpeedkm/h 341
1836,367.2,GPSSpeedkm/h 342
1837,367.4,GPSSpeedkm/h 342
1838,367.6,GPSSpeedkm/h 342
1839,367.8,GPSSpeedkm/h 339
1840,368.0,GPSSpeedkm/h 334
1841,368.2,GPSSpeedkm/h 325
1842,368.4,GPSSpeedkm/h 324
1843,368.6,GPSSpeedkm/h 320
1844,368.8,GPSSpeedkm/h 309
1845,369.0,GPSSpeedkm/h 305
1846,369.2,GPSSpeedkm/h 304
1847,369.4,GPSSpeedkm/h 301
1848,369.6,GPSSpeedkm/h 298
1849,369.8,GPSSpeedkm/h 293
1850,370.0,GPSSpeedkm/h 287
1851,370.2,GPSSpeedkm/h 282
1852,370.4,GPSSpeedkm/h 280
1853,370.6,GPSSpeedkm/h 278
1854,370.8,GPSSpeedkm/h 277
1855,371.0,GPSSpeedkm/h 274
1856,371.2,GPSSpeedkm/h 272
1857,371.4,GPSSpeedkm/h 269
1858,371.6,GPSSpeedkm/h 264
1859,371.8,GPSSpeedkm/h 255
1860,372.0,GPSSpeedkm/h 244
1861,372.2,GPSSpeedkm/h 231
1862,372.4,GPSSpeedkm/h 219
1863,372.6,GPSSpeedkm/h 209
1864,372.8,GPSSpeedkm/h 199
1865,373.0,GPSSpeedkm/h 191
1866,373.2,GPSSpeedkm/h 184
1867,373.4,GPSSpeedkm/h 177
1868,373.6,GPSSpeedkm/h 170
1869,373.8,GPSSpeedkm/h 160
1870,374.0,GPSSpeedkm/h 151
1871,374.2,GPSSpeedkm/h 141
1872,374.4,GPSSpeedkm/h 133
1873,374.6,GPSSpeedkm/h 123
1874,374.8,GPSSpeedkm/h 115
1875,375.0,GPSSpeedkm/h 107
1876,375.2,GPSSpeedkm/h 102
1877,375.4,GPSSpeedkm/h 099
1878,375.6,GPSSpeedkm/h 095
1879,375.8,GPSSpeedkm/h 094
1880,376.0,GPSSpeedkm/h 091
1881,376.2,GPSSpeedkm/h 092
1882,376.4,GPSSpeedkm/h 095
1883,376.6,GPSSpeedkm/h 098
1884,376.8,GPSSpeedkm/h 101
1885,377.0,GPSSpeedkm/h 108
1886,377.2,GPSSpeedkm/h 115
1887,377.4,GPSSpeedkm/h 121
1888,377.6,GPSSpeedkm/h 122
1889,377.8,GPSSpeedkm/h 122
1890,378.0,GPSSpeedkm/h 122
1891,378.2,GPSSpeedkm/h 122
1892,378.4,GPSSpeedkm/h 121
1893,378.6,GPSSpeedkm/h 122
1894,378.8,GPSSpeedkm/h 123
1895,379.0,GPSSpeedkm/h 126
1896,379.2,GPSSpeedkm/h 126
1897,379.4,GPSSpeedkm/h 119
1898,379.6,GPSSpeedkm/h 112
1899,379.8,GPSSpeedkm/h 108
1900,380.0,GPSSpeedkm/h 105
1901,380.2,GPSSpeedkm/h 102
1902,380.4,GPSSpeedkm/h 100
1903,380.6,GPSSpeedkm/h 097
1904,380.8,GPSSpeedkm/h 095
1905,381.0,GPSSpeedkm/h 095
1906,381.2,GPSSpeedkm/h 096
1907,381.4,GPSSpeedkm/h 094
1908,381.6,GPSSpeedkm/h 094
1909,381.8,GPSSpeedkm/h 096
1910,382.0,GPSSpeedkm/h 098
