车号,车手,领航,状态,车型,SS1,SS2,SS3,SS4,SS5,SS6,SS7,SS8,SS9,SS10,SS11,SS12,SS13,总成绩
101,刘彦贵,,SS1退赛,(未详),2:19:58,2:38:43,,1:00:19,11:06:58,6:30:00,10:00:00,8:30:00,12:00:00,,,,,
102,林德伟,王洋,完赛,JJ-Sport JJ3 T1+,2:14:13,2:41:51,3:55:57,1:03:03,4:31:47,2:37:38,3:13:50,4:01:50,4:56:36,5:13:15,0:14:58,3:34:05,,40:47:41
103,孙平,,SS1退赛,(未详),2:23:43,2:44:34,4:08:24,1:02:15,12:00:00,6:30:00,10:00:00,8:30:00,,,,,,
104,鹿丙龙,高真伟,完赛,JJ-Sport JJ3 T1+,2:18:18,2:36:47,3:56:49,0:58:31,4:33:03,2:34:17,3:24:57,4:06:20,4:44:44,3:59:56,0:15:18,3:28:24,,39:20:26
105,张明,,SS1退赛,(未详),2:25:15,2:49:55,4:12:21,1:05:15,11:25:02,6:30:00,10:00:00,8:30:00,,,,,,
106,范高翔,陈庆开,完赛,JJ-Sport JJ3 T1+,2:23:36,2:54:20,3:50:26,0:59:01,4:29:59,2:35:39,3:11:30,3:57:25,4:53:33,4:08:15,0:16:09,3:34:42,,39:37:35
107,陶永明,王舜,完赛,JJ-Sport JJ3 T1+,2:13:01,2:56:16,7:20:07,0:59:14,4:26:55,6:18:56,7:11:49,6:54:28,5:01:12,4:01:36,0:16:05,3:42:18,,54:29:52
109,曲志彬,,SS1退赛,(未详),2:21:47,4:36:34,7:08:26,1:01:00,12:00:00,6:30:00,10:00:00,4:49:54,12:00:00,,,,,
110,刘亚团,沙贺,完赛,Century CR7,2:23:56,3:42:38,4:14:10,1:03:38,4:56:14,3:19:56,4:13:53,4:32:00,12:00:00,8:40:00,0:16:40,3:47:32,,155:01:11
111,訾荣,潘宏宇,完赛,Prodrive Hunter T1+,2:48:12,3:10:01,4:36:55,1:14:01,5:59:09,3:02:16,3:43:34,4:29:03,5:22:33,4:36:52,0:18:13,3:39:38,,45:26:27
112,张彪彪,,SS1退赛,(未详),2:23:20,2:38:41,4:06:06,3:00:00,,,,,,,,,,
113,许本洋,,SS1退赛,(未详),2:38:50,8:00:00,12:00:00,3:00:00,,,,,,,,,,
115,訾云亮,王毅成,完赛,Toyota GR DKR Hilux EVO,2:23:24,4:34:34,4:16:56,1:10:13,6:14:20,3:00:17,3:36:29,4:24:49,5:36:41,4:27:35,0:17:09,3:57:37,,46:36:14
116,李和鑫,马磊,完赛,FUNIK F4 T1+,6:03:22,3:42:55,4:46:16,1:08:19,6:59:07,6:30:00,4:10:53,8:30:00,5:48:19,4:52:26,0:19:44,4:35:14,,120:56:14
117,孙昊,王东东,完赛,Century CR7,2:51:03,3:16:02,4:28:39,1:04:50,5:57:34,3:13:26,3:42:31,7:04:58,5:23:49,4:29:51,0:20:31,4:14:27,,48:55:46
118,韩魏,马利,完赛,HWM T1+,2:16:15,2:38:00,6:07:56,0:57:13,4:35:58,2:41:05,3:08:55,4:32:17,4:39:42,3:48:11,0:14:55,3:43:56,,42:44:48
120,汪海,,SS1退赛,(未详),2:18:16,2:42:45,3:59:11,,4:37:26,2:40:57,4:52:58,6:51:02,12:00:00,8:40:00,,,,
121,张会军,,SS1退赛,(未详),2:43:16,2:49:49,4:03:48,1:01:55,5:06:29,6:30:00,10:00:00,8:30:00,12:00:00,,,,,
122,彭福仁,,SS1退赛,(未详),2:44:47,3:14:52,8:26:43,3:00:00,6:05:55,3:41:08,10:00:00,8:30:00,12:00:00,,,,,
125,林杰,,SS1退赛,(未详),2:43:57,3:08:02,4:30:41,1:10:10,5:31:53,3:12:16,4:02:56,5:02:16,12:00:00,8:40:00,,,,
126,王明磊,杜炫义,完赛,Century CR7,2:39:40,2:51:57,4:22:57,1:06:11,6:30:59,2:50:42,3:37:57,4:39:35,5:48:01,4:24:07,0:15:57,4:25:16,,46:05:01
127,吴琦会,张露,完赛,JJ-Sport JJ3 T1+,2:30:01,2:47:26,4:20:32,1:13:14,4:55:32,3:21:37,3:44:24,4:28:14,5:04:00,4:29:24,0:16:09,4:45:29,,44:33:02
128,王传令,彭一博,完赛,Century CR7,4:31:49,3:35:14,4:42:51,1:11:40,6:08:52,3:44:58,4:06:51,4:59:13,5:45:32,4:31:29,0:19:16,4:22:35,,51:06:25
130,刘飞龙,,SS1退赛,(未详),7:00:00,3:01:04,12:00:00,3:00:00,12:00:00,,,,,,,,,
131,科洛茨·阿莉娅,帕谢克·马尔钦,完赛,JJ-Sport JJ3 T1+,2:23:25,2:41:28,3:59:33,0:59:17,5:01:13,2:44:24,7:40:24,4:31:42,5:00:05,4:05:55,0:15:23,3:45:30,,46:18:42
132,田坡,哈斯牧仁,完赛,HWM T1+,2:43:37,3:05:12,4:29:40,1:05:52,5:04:26,3:03:34,3:36:38,4:38:11,7:10:44,4:35:34,0:18:56,4:12:21,,46:47:04
133,费巍,曲善顺,完赛,FUNIK F4 T1+,6:08:04,3:00:18,4:19:36,1:08:49,6:17:27,2:55:37,3:36:11,4:27:33,5:08:59,4:43:37,0:16:29,4:01:03,,48:42:07
135,(黄伟嘉),,SS1退赛,(未详),2:53:00,2:58:25,12:00:00,3:00:00,12:00:00,6:30:00,3:48:13,8:30:00,,,,,,
136,宋昆,刘元,完赛,Century CR7,2:33:56,2:58:26,4:21:27,1:02:54,5:38:07,2:49:06,3:38:46,8:30:00,12:00:00,8:40:00,0:22:08,7:30:00,,224:34:10
137,潘静波,庞志旺,完赛,JJ-Sport JJ3 T1+,3:05:44,7:32:19,4:15:05,1:07:47,6:44:12,3:07:14,3:41:04,4:28:51,5:14:00,5:19:38,0:16:33,34:45:00,,91:28:35
138,左小兵,苗志军,完赛,FUNIK F4 T1+,4:41:47,4:18:28,6:34:01,1:20:15,7:31:30,6:30:00,4:53:04,8:30:00,6:51:24,8:40:00,0:18:56,5:21:35,,166:24:51
150,李宏刚,,SS1退赛,(未详),2:35:54,2:50:18,4:27:09,3:00:00,12:00:00,6:30:00,3:35:23,4:53:10,12:00:00,8:40:00,,,,
151,苏皓田,,SS1退赛,(未详),2:22:50,2:36:59,5:08:32,0:56:39,12:00:00,6:30:00,10:00:00,8:30:00,,,,,,
156,杨帅,,SS1退赛,(未详),2:35:25,8:00:00,12:00:00,3:00:00,,,,,,,,,,
157,黄卫东,马淼,完赛,Toyota GR DKR Hilux EVO,2:38:19,2:45:44,4:04:10,1:03:20,5:26:23,2:39:13,3:18:08,4:41:36,5:46:07,4:14:54,0:17:27,34:45:00,,110:30:24
159,田宝光,刘胜,完赛,Toyota GR DKR Hilux EVO,2:45:18,3:03:33,4:30:27,1:21:07,5:09:05,3:04:06,3:40:19,4:39:09,5:29:44,4:25:34,0:17:31,4:07:49,,45:11:08
160,(韩建强),,SS1退赛,(未详),2:44:13,3:03:50,4:25:55,1:07:12,5:06:08,3:05:55,3:27:04,4:35:05,4:58:42,8:40:00,,46:00:00,,
163,马源,,SS1退赛,(未详),2:31:26,2:54:02,6:19:42,1:05:43,5:03:40,3:09:30,3:27:28,4:54:44,12:00:00,8:40:00,,46:00:00,,
166,张力斌,董明明,完赛,Toyota Hilux T1+,2:42:25,3:13:55,4:34:02,1:07:47,12:00:00,3:29:25,3:59:27,4:55:39,5:49:00,4:42:49,0:18:56,4:29:46,,105:31:19
168,(法尔科夫),,SS1退赛,(未详),2:45:04,2:51:25,12:00:00,3:00:00,,,,,,,,,,
169,李大志,,SS1退赛,(未详),7:00:00,8:00:00,5:25:32,1:12:05,12:00:00,6:25:11,6:01:00,8:30:00,12:00:00,,,,,
171,严乐,,SS1退赛,(未详),2:51:42,8:00:00,,,,,,,,,,,,
172,王国瑞,,SS1退赛,(未详),2:36:02,2:52:50,4:17:43,1:05:05,6:07:05,6:30:00,3:41:15,8:30:00,5:49:53,8:40:00,,46:00:00,,
176,刘航,,SS1退赛,(未详),2:42:55,8:00:00,6:25:56,1:23:33,6:20:03,3:20:02,3:54:00,8:30:00,12:00:00,8:40:00,,,,
177,郑立增,王翼荣,完赛,JJ-Sport JJ3 T1+,2:35:41,2:44:33,4:07:39,1:04:17,5:14:32,2:55:54,4:05:33,4:24:12,5:04:14,5:25:22,0:17:05,4:48:23,,45:34:52
178,王吉生,姚滨,完赛,Century CR7,7:00:00,8:00:00,5:23:52,1:13:35,7:45:45,5:00:11,4:24:17,8:30:00,9:20:12,5:05:32,0:22:51,5:10:43,,174:18:04
179,张秀军,,SS1退赛,(未详),3:38:53,5:17:09,4:58:44,1:55:59,12:00:00,4:27:05,4:07:59,8:30:00,12:00:00,8:40:00,,,,
180,郑卫军,,SS1退赛,(未详),2:41:07,3:07:09,12:00:00,,12:00:00,4:31:44,4:07:28,8:30:00,12:00:00,8:40:00,,,,
181,(王杰锋),,SS1退赛,(未详),3:01:33,,4:30:14,1:14:59,12:00:00,,10:00:00,8:30:00,12:00:00,8:40:00,,,,
189,王和平,李彦毅,完赛,Yinghu KP1,3:17:01,3:33:11,4:58:53,1:18:05,12:00:00,4:20:30,4:20:09,5:09:57,6:22:34,4:50:51,0:20:27,5:07:57,,105:53:46
