组别,车号,车手,领航,车队,SS1用时,SS2用时,SS3用时,SS4用时,SS5用时,SS6用时,SS7用时,SS8用时,SS9用时,SS10用时,SS11用时,SS12用时,SS13用时,SS1后累计,SS2后累计,SS3后累计,SS4后累计,SS5后累计,SS6后累计,SS7后累计,SS8后累计,SS9后累计,SS10后累计,SS11后累计,SS12后累计,SS13后累计
T1+,201,YAZEED AL RAJHI,TIMO GOTTSCHALK,OVERDRIVE RACING,03:36:41,03:59:12,04:21:23,,,,,,,,,,,03:36:41,07:35:53,11:57:16,,,,,,,,,,
T1+,202,HENK LATEGAN,BRETT CUMMINGS,TOYOTA GAZOO RACING W2RC,03:14:46,03:58:58,04:28:23,04:47:08,04:07:29,03:47:55,03:52:57,04:20:38,04:12:00,05:01:36,06:46:56,03:29:25,00:46:27,03:14:46,07:13:44,11:42:07,16:29:15,20:36:44,24:24:39,28:17:36,32:38:14,36:50:14,41:51:50,48:38:46,52:08:11,52:54:38
T1+,203,SETH QUINTERO,ANDREW SHORT,TOYOTA GAZOO RACING W2RC,03:15:07,03:57:16,05:19:34,05:10:35,04:03:54,03:41:47,03:49:54,04:21:12,04:06:42,05:11:55,02:52:06,03:30:59,00:50:54,03:15:07,07:12:23,12:31:57,17:42:32,21:46:26,25:28:13,29:18:07,33:39:19,37:46:01,42:57:56,45:50:02,49:21:01,50:11:55
T1+,204,TOBY PRICE,ARMAND MONLEON,TOYOTA GAZOO RACING W2RC,03:13:06,04:01:52,04:37:45,05:07:15,04:14:46,03:42:47,03:49:23,04:25:38,03:58:18,05:28:36,02:57:32,03:23:17,00:48:45,03:13:06,07:14:58,11:52:43,16:59:58,21:14:44,24:57:31,28:46:54,33:12:32,37:10:50,42:39:26,45:36:58,49:00:15,49:49:00
T1+,205,ERYK GOCZAL,SZYMON GOSPODARCZYK,ENERGYLANDIA RALLY TEAM,03:21:19,04:04:53,04:19:41,05:05:04,04:06:45,03:45:47,03:52:11,06:07:22,03:46:42,05:46:39,02:53:40,03:25:47,00:49:13,03:21:19,07:26:12,11:45:53,16:50:57,20:57:42,24:43:29,28:35:40,34:43:02,38:29:44,44:16:23,47:10:03,50:35:50,51:25:03
T1+,206,MAREK GOCZAL,MACIEJ MARTON,ENERGYLANDIA RALLY TEAM,03:09:27,04:21:43,04:26:48,05:01:23,04:18:41,03:56:28,03:55:03,04:31:51,04:21:55,05:19:03,02:56:20,03:26:55,00:48:43,03:09:27,07:31:10,11:57:58,16:59:21,21:18:02,25:14:30,29:09:33,33:41:24,38:03:19,43:22:22,46:18:42,49:45:37,50:34:20
T1+,208,LIONEL BAUD,LUCIE BAUD,X-RAID TEAM,03:29:49,04:18:31,05:22:07,05:48:01,05:01:30,04:03:17,04:06:45,04:39:36,04:03:25,06:34:16,03:22:00,03:54:44,00:49:35,03:29:49,07:48:20,13:10:27,18:58:28,23:59:58,28:03:15,32:10:00,36:49:36,40:53:01,47:27:17,50:49:17,54:44:01,55:33:36
T1+,209,MICHAL GOCZAL,DIEGO ORTEGA,ENERGYLANDIA RALLY TEAM,03:20:27,04:03:58,04:23:13,05:07:01,04:56:18,03:51:54,04:09:03,04:27:03,03:54:27,06:02:11,03:03:11,04:07:42,00:51:54,03:20:27,07:24:25,11:47:38,16:54:39,21:50:57,25:42:51,29:51:54,34:18:57,38:13:24,44:15:35,47:18:46,51:26:28,52:18:22
T1+,210,HERNÁN GARCÉS,JUAN PABLO LATRACH,OVERDRIVE RACING,03:34:40,04:29:08,04:53:43,05:47:07,04:13:25,04:18:42,04:19:27,05:03:12,04:41:53,05:28:50,03:17:27,03:46:47,00:53:02,03:34:40,08:03:48,12:57:31,18:44:38,22:58:03,27:16:45,31:36:12,36:39:24,41:21:17,46:50:07,50:07:34,53:54:21,54:47:23
T1+,212,CRISTINA GUTIERREZ,PABLO MORENO,The Dacia Sandriders,03:12:49,04:10:01,04:10:59,05:21:14,04:06:10,03:51:01,03:57:35,04:42:03,04:01:31,05:31:09,03:02:18,03:31:25,00:48:27,03:12:49,07:22:50,11:33:49,16:55:03,21:01:13,24:52:14,28:49:49,33:31:52,37:33:23,43:04:32,46:06:50,49:38:15,50:26:42
T1+,213,SAOOD VARIAWA,FRANÇOIS CAZALET,TOYOTA GAZOO RACING SA,03:12:04,04:04:46,04:22:17,05:09:17,04:10:38,03:49:08,04:12:13,04:20:35,04:13:45,05:14:13,02:54:59,03:48:57,00:47:37,03:12:04,07:16:50,11:39:07,16:48:24,20:59:02,24:48:10,29:00:23,33:20:58,37:34:43,42:48:56,45:43:55,49:32:52,50:20:29
T1+,214,MATHIEU SERRADORI,LOÏC MINAUDIER,CENTURY RACING FACTORY TEAM,03:16:43,04:07:39,04:12:04,05:09:42,04:10:16,03:45:34,03:50:22,04:24:50,04:27:55,04:48:27,03:02:33,03:39:03,00:46:47,03:16:43,07:24:22,11:36:26,16:46:08,20:56:24,24:41:58,28:32:20,32:57:10,37:25:05,42:13:32,45:16:05,48:55:08,49:41:55
T1+,215,BIAOBIAO ZHANG,WENKE MA,JJ-SPORT,03:49:41,05:52:32,04:45:55,06:41:18,04:22:45,39:00:00,46:30:00,05:29:36,04:28:41,05:06:59,03:05:13,04:01:26,00:53:01,03:49:41,09:42:13,14:28:08,21:09:26,25:32:11,64:32:11,111:02:11,116:31:47,121:00:28,126:07:27,129:12:40,133:14:06,134:07:07
T1+,216,BENEDIKTAS VANAGAS,AISVYDAS PALIUKENAS,GURTAM TOYOTA GAZOO RACING BALTICS,03:24:12,04:14:03,04:19:46,05:29:32,28:15:00,,,,,,,,,03:24:12,07:38:15,11:58:01,17:27:33,45:42:33,,,,,,,,
T1+,217,DENIS KROTOV,KONSTANTIN ZHILTSOV,M-SPORT RALLY RAID TEAM,03:11:36,09:51:20,04:13:56,05:37:44,04:09:58,03:56:38,03:56:09,04:31:10,04:48:48,05:01:36,03:02:29,03:56:49,00:49:25,03:11:36,13:02:56,17:16:52,22:54:36,27:04:34,31:01:12,34:57:21,39:28:31,44:17:19,49:18:55,52:21:24,56:18:13,57:07:38
T1+,218,GUY BOTTERILL,ORIOL MENA,TOYOTA GAZOO RACING SA,03:09:52,04:35:10,04:09:55,05:39:13,04:01:49,03:45:36,03:53:32,04:28:30,04:10:47,05:00:09,02:53:09,04:00:53,00:51:55,03:09:52,07:45:02,11:54:57,17:34:10,21:35:59,25:21:35,29:15:07,33:43:37,37:54:24,42:54:33,45:47:42,49:48:35,50:40:30
T1+,219,SÉBASTIEN LOEB,EDOUARD BOULANGER,THE DACIA SANDRIDERS,03:10:50,04:03:23,04:29:57,05:05:02,04:05:27,03:41:26,03:49:49,04:23:37,04:15:36,04:57:47,02:55:42,03:27:05,00:46:22,03:10:50,07:14:13,11:44:10,16:49:12,20:54:39,24:36:05,28:25:54,32:49:31,37:05:07,42:02:54,44:58:36,48:25:41,49:12:03
T1+,220,WEI HAN,LI MA,212 HANWEI MOTORSPORT,03:23:55,04:45:27,04:37:30,05:17:19,04:32:51,04:10:23,04:13:45,04:50:32,04:14:53,05:23:12,03:17:23,04:17:31,00:53:43,03:23:55,08:09:22,12:46:52,18:04:11,22:37:02,26:47:25,31:01:10,35:51:42,40:06:35,45:29:47,48:47:10,53:04:41,53:58:24
T1+,221,MARTIN PROKOP,VIKTOR CHYTKA,ORLEN JIPOCAR TEAM,03:09:16,04:11:31,04:06:59,05:31:53,03:57:00,03:56:29,03:54:15,04:26:09,07:38:17,05:08:11,02:59:05,03:33:50,00:47:32,03:09:16,07:20:47,11:27:46,16:59:39,20:56:39,24:53:08,28:47:23,33:13:32,40:51:49,46:00:00,48:59:05,52:32:55,53:20:27
T1+,222,GUILLAUME DE MÉVIUS,MATHIEU BAUMEL,X-RAID TEAM,03:07:49,04:05:36,06:29:30,08:00:20,04:35:55,04:12:56,03:55:35,04:22:35,04:00:45,05:24:37,02:52:54,04:08:07,01:51:35,03:07:49,07:13:25,13:42:55,21:43:15,26:19:10,30:32:06,34:27:41,38:50:16,42:51:01,48:15:38,51:08:32,55:16:39,57:08:14
T1+,223,LUCAS MORAES,DENNIS ZENZ,The Dacia Sandriders,03:11:23,04:10:55,04:10:18,05:22:55,03:58:24,03:51:20,03:49:39,04:27:07,04:18:49,04:58:21,02:57:49,03:38:26,00:49:17,03:11:23,07:22:18,11:32:36,16:55:31,20:53:55,24:45:15,28:34:54,33:02:01,37:20:50,42:19:11,45:17:00,48:55:26,49:44:43
T1+,224,BRIAN BARAGWANATH,LEONARD CREMER,CENTURY RACING FACTORY TEAM,03:16:58,04:07:22,04:40:45,05:08:43,04:15:20,04:02:21,03:58:00,04:24:23,03:58:40,05:32:40,03:05:20,03:37:21,00:46:50,03:16:58,07:24:20,12:05:05,17:13:48,21:29:08,25:31:29,29:29:29,33:53:52,37:52:32,43:25:12,46:30:32,50:07:53,50:54:43
T1+,225,CARLOS SAINZ,LUCAS CRUZ,FORD RACING,03:09:53,04:08:58,04:12:03,05:14:14,04:00:09,03:45:01,03:50:23,04:22:04,04:02:13,05:34:01,02:49:48,03:29:37,00:46:59,03:09:53,07:18:51,11:30:54,16:45:08,20:45:17,24:30:18,28:20:41,32:42:45,36:44:58,42:18:59,45:08:47,48:38:24,49:25:23
T1+,226,MATTIAS EKSTRÖM,EMIL BERGKVIST,FORD RACING,03:09:37,04:06:43,04:12:08,05:13:47,04:00:07,03:48:18,03:44:22,04:21:04,04:19:14,05:18:49,02:47:22,03:23:41,00:46:14,03:09:37,07:16:20,11:28:28,16:42:15,20:42:22,24:30:40,28:15:02,32:36:06,36:55:20,42:14:09,45:01:31,48:25:12,49:11:26
T1+,227,NANI ROMA,ALEX HARO,FORD RACING,03:10:26,04:09:04,04:11:52,05:16:29,03:54:42,03:43:59,03:50:58,04:24:13,04:02:18,05:08:39,02:55:59,03:29:14,00:48:42,03:10:26,07:19:30,11:31:22,16:47:51,20:42:33,24:26:32,28:17:30,32:41:43,36:44:01,41:52:40,44:48:39,48:17:53,49:06:35
T1+,228,MITCH GUTHRIE,KELLON WALCH,FORD RACING,03:10:49,04:11:59,04:04:32,05:31:01,03:54:46,03:47:11,03:49:17,04:25:31,04:55:55,05:05:02,03:10:19,03:22:56,01:05:00,03:10:49,07:22:48,11:27:20,16:58:21,20:53:07,24:40:18,28:29:35,32:55:06,37:51:01,42:56:03,46:06:22,49:29:18,50:34:18
T1+,232,LAIA SANZ,MAURIZIO GERINI,EBRO AUDAX MOTORSPORT,03:24:15,04:11:15,04:19:45,05:16:06,04:11:35,04:00:04,04:01:25,04:35:39,05:32:43,05:16:07,03:06:54,03:42:48,00:49:26,03:24:15,07:35:30,11:55:15,17:11:21,21:22:56,25:23:00,29:24:25,34:00:04,39:32:47,44:48:54,47:55:48,51:38:36,52:28:02
T1+,233,ISIDRE ESTEVE,JOSÉ MARÍA VILLALOBOS,REPSOL TOYOTA RALLY TEAM,03:29:14,04:42:57,04:37:22,05:52:05,04:12:10,38:15:00,,,,,,,,03:29:14,08:12:11,12:49:33,18:41:38,22:53:48,61:08:48,,,,,,,
T1+,235,RONAN CHABOT,GILLES PILLOT,OVERDRIVE RACING,03:36:24,04:29:08,04:33:29,05:36:45,04:23:42,04:26:48,04:21:21,04:47:28,04:19:59,05:25:54,03:13:53,03:49:47,00:51:19,03:36:24,08:05:32,12:39:01,18:15:46,22:39:28,27:06:16,31:27:37,36:15:05,40:35:04,46:00:58,49:14:51,53:04:38,53:55:57
T1+,236,ROMAIN DUMAS,ALEX WINOCQ,RD LIMITED,03:36:44,04:09:35,04:18:21,09:14:45,04:05:33,03:54:17,03:59:05,04:30:12,04:40:57,05:23:40,02:48:44,04:00:44,,03:36:44,07:46:19,12:04:40,21:19:25,25:24:58,29:19:15,33:18:20,37:48:32,42:29:29,47:53:09,50:41:53,54:42:37,
T1+,237,MARCOS MORAES,FABIO PEDROSO,SVR,03:40:46,04:54:03,05:04:15,06:17:29,04:18:14,04:22:56,04:25:56,52:30:00,04:30:16,06:46:04,03:16:30,04:04:53,00:57:30,03:40:46,08:34:49,13:39:04,19:56:33,24:14:47,28:37:43,33:03:39,85:33:39,90:03:55,96:49:59,100:06:29,104:11:22,105:08:52
T1+,239,SH. KHALID AL QASIMI,KHALID ALKENDI,SVR,03:38:06,04:27:41,04:20:21,05:33:06,04:13:51,04:13:25,04:12:20,04:51:46,04:42:01,05:19:27,03:05:10,03:53:30,00:54:23,03:38:06,08:05:47,12:26:08,17:59:14,22:13:05,26:26:30,30:38:50,35:30:36,40:12:37,45:32:04,48:37:14,52:30:44,53:25:07
T1+,240,JOAO FERREIRA,FILIPE PALMEIRO,TOYOTA GAZOO RACING SA,03:12:05,04:02:12,04:33:53,05:17:58,04:00:53,03:43:24,03:48:49,04:28:00,06:29:31,05:15:35,02:50:49,03:44:25,00:47:07,03:12:05,07:14:17,11:48:10,17:06:08,21:07:01,24:50:25,28:39:14,33:07:14,39:36:45,44:52:20,47:43:09,51:27:34,52:14:41
T1+,242,MIROSLAV ZAPLETAL,MAREK SYKORA,OFFROADSPORT,,,,,,,,,,,,04:00:37,00:53:01,,,,,,,,,,,,60:03:58,60:56:59
T1+,243,BINGLONG LU,HE SHA,JJ-SPORT,03:31:00,04:23:16,05:14:29,05:42:30,04:24:42,04:13:30,04:20:53,04:50:31,04:17:39,05:29:12,03:10:09,04:07:12,00:55:43,03:31:00,07:54:16,13:08:45,18:51:15,23:15:57,27:29:27,31:50:20,36:40:51,40:58:30,46:27:42,49:37:51,53:45:03,54:40:46
T1+,244,JESÚS CALLEJA,EDUARDO BLANCO,SANTANA RACING TEAM,03:42:19,04:55:36,04:44:58,05:54:23,35:45:00,,,,,,,,,03:42:19,08:37:55,13:22:53,19:17:16,55:02:16,,,,,,,,
T1+,246,KAREL TRNENY,VACLAV PRITZL,X-FORCE ACCR CZECH TEAM,03:47:01,05:01:50,04:52:06,06:31:39,04:37:30,04:29:02,04:40:04,05:31:42,04:32:55,08:24:47,03:28:25,03:59:47,00:54:52,03:47:01,08:48:51,13:40:57,20:12:36,24:50:06,29:19:08,33:59:12,39:30:54,44:03:49,52:28:36,55:57:01,59:56:48,60:51:40
T1+,247,TIM CORONEL,TOM CORONEL,TEAM Coronel,04:01:19,11:36:17,05:27:57,06:16:45,04:27:23,04:20:03,04:28:31,06:23:33,04:31:50,05:33:04,03:18:01,03:55:36,00:51:32,04:01:19,15:37:36,21:05:33,27:22:18,31:49:41,36:09:44,40:38:15,47:01:48,51:33:38,57:06:42,60:24:43,64:20:19,65:11:51
T1+,248,MARIA GAMEIRO,ROSA ROMERO,X-RAID TEAM,04:01:18,05:15:42,05:08:54,06:13:25,04:37:14,04:24:36,05:35:45,06:13:44,05:16:46,06:45:24,03:32:30,04:13:39,00:57:33,04:01:18,09:17:00,14:25:54,20:39:19,25:16:33,29:41:09,35:16:54,41:30:38,46:47:24,53:32:48,57:05:18,61:18:57,62:16:30
T1+,249,MAIK WILLEMS,JASPER RIEZEBOS,BASTION HOTELS TEAM,03:58:30,06:32:58,05:14:21,06:29:31,04:56:13,06:32:48,05:12:28,05:35:20,04:56:21,08:27:10,03:43:48,04:24:30,01:01:01,03:58:30,10:31:28,15:45:49,22:15:20,27:11:33,33:44:21,38:56:49,44:32:09,49:28:30,57:55:40,61:39:28,66:03:58,67:04:59
T1+,250,ALIYYAH KOLOC,MARCIN PASEK,Buggyra ZM Racing,40:30:00,05:23:24,34:15:00,05:49:54,04:37:49,04:21:48,05:19:32,05:04:16,,,,,,40:30:00,45:53:24,80:08:24,85:58:18,90:36:07,94:57:55,100:17:27,105:21:43,,,,,
T1+,251,MARTIN KOLOC,MIRKO BRUN,BUGGYRA ZM RACING,08:48:57,39:15:00,05:39:20,34:00:00,49:30:00,44:15:00,,,,,,,,08:48:57,48:03:57,53:43:17,87:43:17,137:13:17,181:28:17,,,,,,,
T1+,253,JANUS VAN KASTEREN,MARCEL SNIJDERS,SHIVER Offroad,03:51:14,04:26:59,05:14:58,06:35:00,06:10:27,05:08:20,07:59:51,05:12:06,04:20:51,05:20:30,03:09:39,06:41:32,00:59:38,03:51:14,08:18:13,13:33:11,20:08:11,26:18:38,31:26:58,39:26:49,44:38:55,48:59:46,54:20:16,57:29:55,64:11:27,65:11:05
T1+,254,DAVE KLAASSEN,TESSA KLAASSEN,DKR / DaklaPack Rallysport,03:48:58,05:06:21,05:02:33,09:23:44,04:44:08,08:25:28,05:19:07,05:55:54,04:41:35,07:13:41,03:33:51,08:00:18,00:56:40,03:48:58,08:55:19,13:57:52,23:21:36,28:05:44,36:31:12,41:50:19,47:46:13,52:27:48,59:41:29,63:15:20,71:15:38,72:12:18
T1+,255,YUQIAO ZHAO,HAIBO GUI,JJ-SPORT,04:28:39,05:33:52,05:38:45,06:37:17,04:51:20,04:48:14,05:08:21,05:52:58,52:30:00,60:00:00,35:30:00,45:00:00,,04:28:39,10:02:31,15:41:16,22:18:33,27:09:53,31:58:07,37:06:28,42:59:26,95:29:26,155:29:26,190:59:26,235:59:26,
T1+,256,JÜRGEN SCHRÖDER,STUART GREGORY,PS LASER RACING,04:04:52,10:20:36,05:04:15,42:45:00,49:30:00,10:06:01,04:36:06,05:18:01,04:54:10,07:26:01,03:29:06,04:30:50,00:57:10,04:04:52,14:25:28,19:29:43,62:14:43,111:44:43,121:50:44,126:26:50,131:44:51,136:39:01,144:05:02,147:34:08,152:04:58,153:02:08
T1+,257,ROGER GROUWELS,RUDOLF MEIJER,SHIVER Offroad,04:00:07,04:52:13,04:56:41,11:54:03,04:56:13,04:32:03,04:32:24,05:17:06,04:36:30,05:53:19,03:17:55,04:23:35,01:02:21,04:00:07,08:52:20,13:49:01,25:43:04,30:39:17,35:11:20,39:43:44,45:00:50,49:37:20,55:30:39,58:48:34,63:12:09,64:14:30
T1+,259,YONGMING TAO,LIGUO FU,JJ-SPORT,03:28:31,05:31:26,04:50:43,05:41:18,04:25:08,04:01:52,04:19:37,04:58:22,04:44:37,05:10:31,03:19:21,04:03:07,00:56:11,03:28:31,08:59:57,13:50:40,19:31:58,23:57:06,27:58:58,32:18:35,37:16:57,42:01:34,47:12:05,50:31:26,54:34:33,55:30:44
T1+,261,BENYANG XU,LEI TIAN,JJ-SPORT,04:20:02,05:08:08,04:50:42,06:41:32,06:46:18,04:16:19,04:31:32,04:58:25,04:14:44,05:25:46,03:19:30,06:46:06,00:56:28,04:20:02,09:28:10,14:18:52,21:00:24,27:46:42,32:03:01,36:34:33,41:32:58,45:47:42,51:13:28,54:32:58,61:19:04,62:15:32
T1+,262,GUORUL WANG,YU TIAN,LONGMAI MOTORSPORT,04:22:01,05:16:20,09:12:27,08:44:15,04:45:36,04:14:27,04:30:08,05:54:32,04:42:53,05:58:25,03:23:19,07:22:14,00:58:37,04:22:01,09:38:21,18:50:48,27:35:03,32:20:39,36:35:06,41:05:14,46:59:46,51:42:39,57:41:04,61:04:23,68:26:37,69:25:14
T1+,263,MICHIEL BECX,WOUTER DE GRAAFF,SHIVER Offroad,06:23:42,04:59:40,04:41:27,05:41:50,05:16:23,04:38:40,40:45:00,,,,,,,06:23:42,11:23:22,16:04:49,21:46:39,27:03:02,31:41:42,72:26:42,,,,,,
T1+,267,MARK MUSTERMANN,MICHAEL ZAJC,MM Rallye,03:59:24,04:50:24,04:56:05,05:53:56,04:26:16,04:23:37,04:27:02,06:57:16,04:52:25,05:49:47,03:21:19,04:17:13,00:55:30,03:59:24,08:49:48,13:45:53,19:39:49,24:06:05,28:29:42,32:56:44,39:54:00,44:46:25,50:36:12,53:57:31,58:14:44,59:10:14
T1+,269,JOURDAN SERDERIDIS,GRÉGOIRE MUNSTER,M-SPORT RALLY RAID TEAM,03:33:09,04:53:39,40:30:00,,,,,,,,,,,03:33:09,08:26:48,48:56:48,,,,,,,,,,
T1+,270,KHALID ALJAFLA,ANDREY RUDNITSKI,SVR,03:46:59,04:43:24,08:06:26,05:55:14,04:21:52,04:27:26,04:27:38,05:15:32,04:32:41,05:44:52,03:21:37,04:33:15,00:55:44,03:46:59,08:30:23,16:36:49,22:32:03,26:53:55,31:21:21,35:48:59,41:04:31,45:37:12,51:22:04,54:43:41,59:16:56,60:12:40
T1+,271,GAOXIANG FAN,KAI ZHAO,JJ-SPORT,03:29:13,04:23:39,04:27:09,51:00:00,49:30:00,04:02:08,03:59:53,04:38:47,04:04:47,05:28:56,02:58:49,45:00:00,00:52:03,03:29:13,07:52:52,12:20:01,63:20:01,112:50:01,116:52:09,120:52:02,125:30:49,129:35:36,135:04:32,138:03:21,183:03:21,183:55:24
T1+,299,NASSER AL-ATTIYAH,FABIAN LURQUIN,The Dacia Sandriders,03:08:29,04:03:47,04:26:43,04:54:11,04:06:51,03:38:28,03:51:46,04:21:51,04:13:05,04:54:39,03:00:09,03:21:52,00:55:02,03:08:29,07:12:16,11:38:59,16:33:10,20:40:01,24:18:29,28:10:15,32:32:06,36:45:11,41:39:50,44:39:59,48:01:51,48:56:53
T2,500,STÉPHANE PETERHANSEL,MICHAËL METGE,DEFENDER RALLY,05:01:48,04:58:59,04:59:07,05:52:38,04:30:09,04:35:00,04:20:29,41:30:00,05:21:36,06:31:27,03:29:19,04:19:00,00:56:23,05:01:48,10:00:47,14:59:54,20:52:32,25:22:41,29:57:41,34:18:10,75:48:10,81:09:46,87:41:13,91:10:32,95:29:32,96:25:55
T2,501,AKIRA MIURA,JEAN-MICHEL POLATO,TEAM LAND CRUISER TOYOTA AUTO BODY,04:16:27,05:03:34,09:35:09,06:26:34,46:30:00,05:20:36,04:43:56,06:14:41,05:12:55,07:13:18,04:14:04,40:00:00,01:01:30,04:16:27,09:20:01,18:55:10,25:21:44,71:51:44,77:12:20,81:56:16,88:10:57,93:23:52,100:37:10,104:51:14,144:51:14,145:52:44
T2,502,ROKAS BACIUSKA,ORIOL VIDAL,DEFENDER RALLY,04:04:59,04:58:55,05:00:13,06:04:30,04:29:32,04:34:49,04:20:50,05:06:26,04:36:24,06:09:01,03:28:30,04:19:45,00:55:51,04:04:59,09:03:54,14:04:07,20:08:37,24:38:09,29:12:58,33:33:48,38:40:14,43:16:38,49:25:39,52:54:09,57:13:54,58:09:45
T2,503,RONALD BASSO,JULIEN MÉNARD,TEAM LAND CRUISER TOYOTA AUTO BODY,04:11:48,05:04:06,05:17:02,06:18:17,04:59:06,05:14:35,04:46:42,06:28:01,05:20:57,07:03:02,04:11:24,06:48:47,01:00:27,04:11:48,09:15:54,14:32:56,20:51:13,25:50:19,31:04:54,35:51:36,42:19:37,47:40:34,54:43:36,58:55:00,65:43:47,66:44:14
T2,504,SARA PRICE,SEAN BERRIMAN,DEFENDER RALLY,06:21:40,04:57:33,05:01:39,05:57:50,04:52:09,04:32:10,04:26:54,05:08:10,05:06:03,06:30:42,03:58:28,04:17:35,00:56:52,06:21:40,11:19:13,16:20:52,22:18:42,27:10:51,31:43:01,36:09:55,41:18:05,46:24:08,52:54:50,56:53:18,61:10:53,62:07:45
T2,505,PETER HAMZA,ANDRAS KALMAR,TIREMAN RACING,31:00:00,09:57:27,09:15:50,13:17:09,07:46:20,40:30:00,07:53:56,13:14:37,36:30:00,13:56:23,07:12:47,09:18:36,01:20:06,31:00:00,40:57:27,50:13:17,63:30:26,71:16:46,111:46:46,119:40:42,132:55:19,169:25:19,183:21:42,190:34:29,199:53:05,201:13:11
T2,507,MAJED ALTHUNAYYAN,HANI AL NOUMESI,TORQ RACING,13:23:12,10:21:38,12:19:07,13:50:05,08:58:17,14:43:50,12:32:30,17:55:00,48:30:00,60:00:00,08:19:02,45:00:00,01:29:21,13:23:12,23:44:50,36:03:57,49:54:02,58:52:19,73:36:09,86:08:39,104:03:39,152:33:39,212:33:39,220:52:41,265:52:41,267:22:02
