0.53km 高速弯（Hatzenbach）,,,,,
车,对应文件,位置,帧号,Laptime,速度
U9X,YANGWANG U9 Xtreme ｜ 6_59.157 official laptime ｜ Nordschleife [pcPraRlmi8s].mp4,入弯刹车点,,,
U9X,YANGWANG U9 Xtreme ｜ 6_59.157 official laptime ｜ Nordschleife [pcPraRlmi8s].mp4,弯心最低速度,,,
,,,,,
SU7 量产,Xiaomi SU7 Ultra ｜ Official uncut Nürburgring footage [I2EjtbqkZIU].mp4,入弯刹车点,,,
SU7 量产,Xiaomi SU7 Ultra ｜ Official uncut Nürburgring footage [I2EjtbqkZIU].mp4,弯心最低速度,,,
,,,,,
SU7 原型,SU7 Ultra 原型 6-22.091 [BV1pZKfzgEQS].mp4,入弯刹车点,,,
SU7 原型,SU7 Ultra 原型 6-22.091 [BV1pZKfzgEQS].mp4,弯心最低速度,,,
