s_m,v_u9x,v_su7,t_u9x,t_su7,dt_s
0,113.0,119.0,1.28,0.72,0.00
10,121.4,128.0,1.56,0.98,-0.02
20,129.9,137.0,1.84,1.25,-0.03
30,138.3,146.0,2.12,1.51,-0.05
40,145.5,153.3,2.38,1.77,-0.05
50,151.1,154.4,2.62,2.00,-0.05
60,156.6,155.6,2.85,2.23,-0.05
70,162.2,156.7,3.08,2.47,-0.05
80,166.7,157.9,3.31,2.70,-0.05
90,164.5,153.6,3.53,2.94,-0.03
100,162.2,148.7,3.76,3.18,-0.01
110,160.0,143.9,3.98,3.43,0.01
120,157.8,139.0,4.20,3.67,0.03
130,151.6,131.8,4.44,3.95,0.07
140,143.1,124.0,4.70,4.24,0.10
150,134.7,116.2,4.96,4.53,0.13
160,126.2,108.5,5.21,4.84,0.19
170,117.3,101.0,5.52,5.20,0.24
180,108.1,93.4,5.85,5.56,0.27
190,98.9,87.9,6.18,5.95,0.33
200,91.8,84.2,6.56,6.37,0.37
210,85.7,81.4,6.96,6.79,0.39
220,80.8,83.5,7.38,7.22,0.40
230,79.9,85.7,7.83,7.65,0.38
240,79.0,90.6,8.28,8.05,0.33
250,86.0,96.0,8.69,8.44,0.30
260,93.0,102.1,9.10,8.80,0.26
270,101.5,110.1,9.46,9.12,0.22
280,111.3,118.1,9.79,9.44,0.22
290,121.0,126.2,10.11,9.76,0.20
300,129.9,134.8,10.40,10.01,0.17
310,138.1,143.4,10.66,10.26,0.17
320,146.2,152.1,10.91,10.52,0.17
330,154.3,159.6,11.16,10.76,0.16
340,160.2,162.9,11.40,10.98,0.14
350,164.3,166.1,11.61,11.19,0.14
360,168.4,169.4,11.83,11.41,0.14
370,172.5,172.6,12.04,11.63,0.15
380,176.5,175.3,12.26,11.83,0.14
390,177.7,177.5,12.46,12.03,0.14
400,178.5,179.7,12.66,12.24,0.14
410,179.3,181.9,12.86,12.44,0.13
420,180.1,184.1,13.06,12.64,0.13
430,180.9,184.3,13.26,12.84,0.13
440,181.0,183.1,13.46,13.03,0.13
450,181.0,181.9,13.66,13.23,0.13
460,181.0,180.7,13.86,13.43,0.13
470,181.0,179.6,14.06,13.63,0.13
480,181.0,176.9,14.26,13.83,0.13
490,176.9,172.8,14.47,14.04,0.14
500,172.2,168.8,14.68,14.26,0.14
510,167.5,164.8,14.89,14.47,0.14
520,162.9,160.7,15.10,14.68,0.14
530,159.1,158.5,15.32,14.91,0.15
540,159.8,156.6,15.54,15.14,0.16
550,160.5,154.8,15.77,15.37,0.16
560,161.1,152.9,15.99,15.60,0.17
570,161.8,153.6,16.21,15.83,0.18
580,163.8,157.0,16.43,16.06,0.18
590,166.4,160.4,16.65,16.28,0.20
600,169.0,163.8,16.86,16.51,0.21
610,171.5,167.2,17.07,16.73,0.22
620,174.1,171.7,17.29,16.93,0.21
630,177.1,176.1,17.49,17.14,0.21
640,180.1,180.6,17.68,17.34,0.21
650,183.0,185.0,17.88,17.54,0.22
660,186.0,189.3,18.08,17.74,0.22
670,189.0,192.2,18.28,17.92,0.20
680,191.0,195.2,18.47,18.11,0.20
690,193.1,198.1,18.65,18.29,0.20
700,195.1,201.0,18.84,18.47,0.20
710,197.1,203.9,19.02,18.65,0.19
720,199.2,204.9,19.21,18.83,0.19
730,200.1,204.7,19.39,19.01,0.18
740,200.3,204.5,19.57,19.18,0.18
750,200.5,204.4,19.75,19.36,0.17
760,200.6,204.2,19.93,19.54,0.17
770,200.8,204.0,20.11,19.71,0.17
780,201.0,203.7,20.28,19.89,0.16
790,200.8,203.3,20.46,20.07,0.16
800,200.6,203.0,20.64,20.24,0.16
810,200.5,202.6,20.82,20.42,0.16
820,200.3,202.2,21.00,20.60,0.16
830,200.1,200.0,21.18,20.78,0.16
840,197.6,193.8,21.37,20.98,0.17
850,192.4,187.6,21.56,21.17,0.17
860,187.2,181.4,21.75,21.36,0.17
870,182.0,175.2,21.95,21.56,0.17
880,176.8,169.1,22.14,21.76,0.17
890,170.9,162.8,22.34,21.99,0.20
900,163.3,156.6,22.57,22.22,0.20
910,155.7,150.4,22.80,22.45,0.20
920,148.1,144.2,23.03,22.68,0.20
930,140.5,139.8,23.26,22.93,0.23
940,136.2,135.8,23.53,23.20,0.23
950,132.1,131.8,23.80,23.47,0.22
960,128.1,127.8,24.08,23.73,0.22
970,123.3,122.0,24.36,24.03,0.23
980,116.3,116.3,24.67,24.33,0.22
990,109.4,112.1,24.99,24.64,0.21
1000,103.1,109.9,25.31,24.97,0.22
1010,103.8,107.7,25.66,25.30,0.21
1020,104.4,105.6,26.00,25.63,0.19
1030,106.1,108.3,26.34,25.96,0.18
1040,111.8,112.8,26.66,26.28,0.18
1050,117.5,117.3,26.97,26.60,0.19
1060,123.2,122.7,27.29,26.89,0.17
1070,129.3,128.5,27.56,27.17,0.18
1080,135.5,134.3,27.82,27.45,0.19
1090,141.6,140.1,28.09,27.73,0.20
1100,146.4,143.3,28.35,27.97,0.18
1110,147.9,146.5,28.59,28.22,0.19
1120,149.3,149.7,28.83,28.46,0.19
1130,150.8,152.9,29.08,28.71,0.19
1140,151.9,149.7,29.32,28.96,0.20
1150,150.9,146.2,29.56,29.20,0.21
1160,149.9,142.8,29.80,29.45,0.21
1170,149.0,139.3,30.04,29.70,0.22
1180,148.0,133.7,30.28,29.97,0.26
1190,142.0,127.8,30.54,30.25,0.27
1200,136.0,121.9,30.80,30.53,0.29
1210,129.9,117.5,31.07,30.82,0.32
1220,124.4,115.9,31.34,31.14,0.36
1230,121.4,114.4,31.64,31.45,0.37
1240,118.4,113.0,31.94,31.76,0.38
1250,115.4,112.6,32.24,32.08,0.40
1260,115.3,112.3,32.55,32.40,0.41
1270,115.6,112.0,32.86,32.72,0.42
1280,115.9,110.7,33.17,33.05,0.44
1290,114.8,109.4,33.49,33.37,0.45
1300,112.8,108.1,33.81,33.70,0.46
1310,110.9,112.7,34.13,34.01,0.45
1320,112.4,117.7,34.44,34.32,0.45
1330,117.0,122.6,34.74,34.63,0.45
1340,121.6,128.4,35.05,34.91,0.42
1350,126.8,134.5,35.34,35.18,0.39
1360,133.8,140.6,35.60,35.44,0.40
1370,140.8,146.8,35.86,35.71,0.40
1380,147.8,144.8,36.12,35.96,0.40
1390,150.8,142.5,36.38,36.21,0.40
1400,147.8,140.3,36.63,36.47,0.40
1410,144.9,138.0,36.87,36.72,0.41
1420,141.9,128.9,37.12,37.01,0.46
1430,137.2,119.8,37.38,37.31,0.49
1440,129.2,110.7,37.66,37.60,0.50
1450,121.2,105.3,37.95,37.93,0.54
1460,113.2,102.5,38.24,38.28,0.60
1470,107.3,99.7,38.57,38.63,0.61
1480,101.8,99.3,38.92,38.99,0.63
1490,96.2,99.6,39.27,39.35,0.64
1500,98.1,100.0,39.63,39.71,0.64
1510,100.3,104.3,39.99,40.05,0.62
1520,103.5,108.7,40.35,40.39,0.60
1530,110.8,113.1,40.66,40.72,0.62
1540,118.1,117.8,40.98,41.02,0.60
1550,125.3,122.6,41.29,41.32,0.58
1560,130.9,127.4,41.56,41.62,0.62
1570,136.5,132.9,41.83,41.89,0.62
1580,142.0,138.7,42.09,42.14,0.61
1590,147.5,144.6,42.35,42.40,0.61
1600,152.8,150.5,42.58,42.66,0.64
1610,158.0,156.1,42.80,42.88,0.64
1620,163.3,161.6,43.03,43.10,0.63
1630,168.6,167.1,43.26,43.32,0.62
1640,173.0,172.5,43.46,43.54,0.64
1650,177.4,177.9,43.66,43.75,0.65
1660,181.8,183.0,43.86,43.94,0.64
1670,186.2,188.1,44.06,44.13,0.63
1680,190.6,193.2,44.26,44.32,0.62
1690,196.1,198.3,44.44,44.51,0.63
1700,201.7,203.4,44.61,44.70,0.65
1710,207.2,207.3,44.79,44.87,0.64
1720,212.8,211.0,44.96,45.04,0.64
1730,218.4,214.6,45.14,45.20,0.63
1740,223.7,218.3,45.31,45.37,0.63
1750,228.0,222.0,45.46,45.54,0.64
1760,232.2,225.7,45.61,45.71,0.66
1770,236.5,228.7,45.76,45.86,0.66
1780,240.7,231.6,45.91,46.01,0.66
1790,245.0,234.5,46.06,46.17,0.66
1800,249.2,237.4,46.22,46.32,0.66
1810,252.1,240.3,46.36,46.47,0.67
1820,253.9,243.2,46.50,46.62,0.68
1830,255.7,245.4,46.64,46.77,0.69
1840,257.5,246.6,46.78,46.92,0.70
1850,259.3,247.7,46.92,47.06,0.70
1860,261.1,248.9,47.06,47.21,0.71
1870,263.0,250.1,47.20,47.35,0.71
1880,264.3,251.2,47.34,47.50,0.72
1890,265.0,252.4,47.47,47.64,0.73
1900,265.6,253.8,47.61,47.78,0.74
1910,266.3,255.4,47.74,47.92,0.74
1920,267.0,257.1,47.88,48.06,0.74
1930,267.7,258.8,48.01,48.20,0.75
1940,268.3,260.4,48.15,48.34,0.75
1950,269.0,262.1,48.28,48.48,0.76
1960,270.2,263.8,48.42,48.62,0.76
1970,271.4,265.5,48.55,48.76,0.77
1980,272.6,267.2,48.68,48.89,0.77
1990,273.8,268.9,48.81,49.02,0.77
2000,275.0,270.6,48.94,49.15,0.77
2010,276.1,272.4,49.07,49.29,0.77
2020,277.3,274.1,49.21,49.42,0.77
2030,277.0,275.8,49.34,49.55,0.77
2040,274.8,277.5,49.47,49.68,0.77
2050,272.5,273.7,49.60,49.82,0.78
2060,270.2,267.9,49.74,49.96,0.78
2070,267.9,262.0,49.87,50.10,0.79
2080,265.7,256.1,50.01,50.24,0.80
2090,263.4,250.2,50.14,50.38,0.80
2100,261.1,244.3,50.27,50.52,0.81
2110,256.0,238.4,50.42,50.66,0.80
2120,250.6,233.9,50.57,50.81,0.81
2130,245.3,230.4,50.72,50.97,0.82
2140,240.0,226.9,50.86,51.13,0.83
2150,234.6,223.4,51.01,51.29,0.84
2160,229.3,219.9,51.16,51.45,0.85
2170,224.2,216.3,51.31,51.61,0.86
2180,219.9,212.4,51.48,51.78,0.86
2190,215.7,207.8,51.65,51.96,0.87
2200,211.5,203.1,51.82,52.14,0.88
2210,207.2,198.5,51.99,52.32,0.89
2220,203.0,193.8,52.16,52.50,0.90
2230,198.5,189.2,52.34,52.68,0.90
2240,193.5,185.4,52.53,52.87,0.90
2250,188.5,182.0,52.72,53.07,0.91
2260,183.5,178.6,52.91,53.27,0.92
2270,178.5,175.2,53.11,53.47,0.93
2280,174.1,171.8,53.30,53.67,0.93
2290,174.9,171.9,53.50,53.88,0.93
2300,175.7,173.2,53.71,54.09,0.94
2310,176.5,174.4,53.91,54.29,0.94
2320,177.4,175.7,54.12,54.50,0.94
2330,178.5,176.9,54.32,54.71,0.95
2340,180.8,178.8,54.52,54.90,0.95
2350,183.2,180.8,54.71,55.10,0.95
2360,185.5,182.8,54.91,55.30,0.95
2370,187.9,184.8,55.10,55.50,0.95
2380,190.2,186.8,55.30,55.70,0.96
2390,191.8,188.0,55.48,55.89,0.96
2400,193.5,189.1,55.67,56.08,0.97
2410,195.2,190.3,55.85,56.26,0.97
2420,196.8,191.4,56.04,56.45,0.98
2430,198.5,192.5,56.22,56.64,0.98
2440,200.6,194.6,56.40,56.83,0.99
2450,202.9,197.3,56.58,57.01,0.99
2460,205.1,200.0,56.75,57.19,0.99
2470,207.4,202.7,56.93,57.37,1.00
2480,209.7,205.4,57.10,57.55,1.00
2490,212.0,208.1,57.28,57.72,1.01
2500,214.4,211.1,57.44,57.89,1.01
2510,216.9,214.1,57.61,58.06,1.01
2520,219.3,217.0,57.77,58.22,1.01
2530,221.8,220.0,57.93,58.39,1.01
2540,224.3,223.0,58.10,58.55,1.02
2550,226.7,226.0,58.26,58.72,1.02
2560,228.0,228.0,58.42,58.87,1.02
2570,229.1,230.0,58.58,59.03,1.01
2580,230.2,232.0,58.73,59.18,1.01
2590,231.3,234.1,58.89,59.34,1.01
2600,232.3,236.1,59.04,59.49,1.01
2610,233.4,238.1,59.20,59.65,1.01
2620,234.8,240.2,59.35,59.80,1.01
2630,236.5,242.4,59.50,59.95,1.00
2640,238.1,244.6,59.65,60.09,1.00
2650,239.8,246.8,59.80,60.24,0.99
2660,241.4,249.0,59.95,60.38,0.99
2670,243.1,251.1,60.10,60.53,0.98
2680,244.7,253.3,60.25,60.68,0.98
2690,246.6,255.2,60.40,60.82,0.98
2700,248.4,257.0,60.54,60.95,0.97
2710,250.3,258.8,60.69,61.09,0.97
2720,252.1,260.6,60.83,61.23,0.96
2730,254.0,262.4,60.97,61.37,0.96
2740,255.9,264.2,61.11,61.51,0.95
2750,257.7,266.0,61.26,61.65,0.95
2760,259.3,267.6,61.40,61.78,0.95
2770,260.8,268.9,61.53,61.91,0.94
2780,262.3,270.3,61.67,62.05,0.94
2790,263.8,271.6,61.81,62.18,0.93
2800,265.3,272.9,61.94,62.31,0.93
2810,266.8,274.2,62.08,62.44,0.92
2820,268.3,275.5,62.22,62.57,0.92
2830,269.8,276.9,62.35,62.71,0.92
2840,271.2,278.4,62.48,62.83,0.91
2850,272.6,279.9,62.61,62.96,0.91
2860,274.1,281.4,62.74,63.09,0.91
2870,275.5,283.0,62.87,63.22,0.90
2880,277.0,284.5,63.00,63.34,0.90
2890,278.4,286.0,63.14,63.47,0.89
2900,279.9,287.5,63.27,63.60,0.89
2910,281.3,289.1,63.39,63.73,0.89
2920,282.6,290.3,63.52,63.85,0.89
2930,284.0,291.6,63.65,63.97,0.88
2940,285.4,292.8,63.77,64.09,0.88
2950,286.8,294.1,63.90,64.22,0.88
2960,288.2,295.3,64.02,64.34,0.87
2970,289.6,296.6,64.15,64.46,0.87
2980,291.0,297.8,64.28,64.58,0.87
2990,292.2,299.1,64.40,64.70,0.86
3000,293.4,300.4,64.52,64.82,0.86
3010,294.6,301.6,64.64,64.94,0.86
3020,295.8,302.9,64.76,65.06,0.85
3030,297.0,304.2,64.88,65.18,0.85
3040,298.3,305.4,65.01,65.29,0.85
3050,299.5,306.7,65.13,65.41,0.85
3060,300.7,308.0,65.25,65.53,0.84
3070,302.1,309.3,65.37,65.65,0.84
3080,303.7,310.1,65.48,65.77,0.84
3090,305.2,310.3,65.60,65.88,0.84
3100,306.7,310.6,65.72,66.00,0.84
3110,308.2,310.8,65.84,66.11,0.84
3120,309.8,311.0,65.95,66.23,0.84
3130,311.3,311.3,66.07,66.35,0.84
3140,312.8,311.5,66.19,66.46,0.83
3150,313.5,311.7,66.30,66.58,0.83
3160,311.3,311.9,66.42,66.69,0.83
3170,309.0,309.1,66.54,66.81,0.83
3180,306.8,305.3,66.66,66.94,0.84
3190,304.5,301.6,66.78,67.06,0.84
3200,302.3,297.8,66.90,67.18,0.84
3210,300.1,294.0,67.01,67.30,0.85
3220,297.8,290.3,67.13,67.42,0.85
3230,295.6,286.5,67.25,67.54,0.85
3240,293.6,282.7,67.37,67.66,0.85
3250,291.7,280.3,67.50,67.79,0.85
3260,289.8,279.0,67.62,67.92,0.86
3270,288.0,277.7,67.75,68.05,0.86
3280,286.1,276.4,67.87,68.18,0.87
3290,284.2,275.1,68.00,68.31,0.87
3300,282.3,273.8,68.13,68.44,0.88
3310,280.4,272.5,68.25,68.57,0.88
3320,276.4,271.2,68.38,68.70,0.88
3330,271.8,266.4,68.52,68.84,0.88
3340,267.1,261.1,68.66,68.99,0.89
3350,262.5,255.9,68.80,69.13,0.89
3360,257.8,250.6,68.93,69.27,0.90
3370,253.2,245.3,69.07,69.41,0.91
3380,248.5,240.0,69.21,69.56,0.91
3390,243.6,234.8,69.35,69.70,0.91
3400,238.5,230.8,69.51,69.86,0.91
3410,233.3,227.1,69.67,70.02,0.91
3420,228.1,223.4,69.82,70.18,0.92
3430,222.9,219.7,69.98,70.34,0.92
3440,217.7,215.9,70.14,70.51,0.93
3450,212.9,212.2,70.29,70.67,0.93
3460,212.1,210.2,70.47,70.84,0.93
3470,211.2,209.0,70.64,71.01,0.93
3480,210.4,207.8,70.81,71.18,0.94
3490,209.5,206.5,70.98,71.36,0.94
3500,208.7,205.3,71.15,71.53,0.94
3510,208.0,204.1,71.32,71.70,0.94
3520,207.8,204.3,71.49,71.88,0.95
3530,207.6,204.7,71.67,72.06,0.95
3540,207.4,205.0,71.84,72.23,0.95
3550,207.3,205.4,72.01,72.41,0.95
3560,207.1,205.7,72.19,72.58,0.95
3570,207.9,206.3,72.36,72.76,0.96
3580,209.7,207.5,72.53,72.93,0.96
3590,211.6,208.7,72.70,73.10,0.96
3600,213.5,209.9,72.87,73.27,0.96
3610,215.3,211.1,73.04,73.44,0.97
3620,217.2,212.3,73.21,73.62,0.97
3630,218.3,212.9,73.37,73.79,0.97
3640,218.8,212.8,73.54,73.96,0.98
3650,219.3,212.6,73.70,74.13,0.98
3660,219.8,212.4,73.87,74.30,0.99
3670,220.2,212.3,74.03,74.46,1.00
3680,220.7,212.1,74.19,74.63,1.00
3690,217.9,208.1,74.36,74.81,1.01
3700,211.3,200.2,74.54,75.00,1.02
3710,204.7,192.3,74.72,75.19,1.03
3720,198.2,184.3,74.90,75.38,1.04
3730,191.6,176.4,75.08,75.57,1.05
3740,185.0,168.3,75.25,75.76,1.07
3750,175.9,159.2,75.47,76.00,1.10
3760,166.4,150.2,75.69,76.24,1.11
3770,156.9,141.1,75.91,76.48,1.13
3780,147.4,132.1,76.13,76.72,1.15
3790,138.1,125.5,76.38,77.02,1.20
3800,129.6,119.0,76.66,77.31,1.21
3810,121.0,112.4,76.95,77.61,1.22
3820,112.4,107.8,77.23,77.94,1.26
3830,107.0,104.4,77.57,78.28,1.27
3840,102.1,101.0,77.91,78.62,1.27
3850,97.3,99.7,78.26,78.98,1.28
3860,99.7,99.4,78.62,79.34,1.28
3870,102.5,99.0,78.97,79.70,1.29
3880,105.0,103.5,79.33,80.04,1.28
3890,105.4,108.3,79.67,80.38,1.27
3900,105.7,113.0,80.01,80.72,1.27
3910,107.2,118.9,80.34,81.01,1.23
3920,113.2,124.8,80.66,81.31,1.21
3930,119.1,130.6,80.97,81.60,1.19
3940,125.0,136.4,81.28,81.87,1.15
3950,131.3,142.1,81.54,82.12,1.13
3960,137.6,147.8,81.81,82.37,1.12
3970,143.9,153.6,82.07,82.61,1.11
3980,150.1,159.1,82.32,82.84,1.08
3990,155.7,164.4,82.55,83.06,1.07
4000,161.2,169.8,82.77,83.27,1.06
4010,166.8,175.1,82.99,83.48,1.05
4020,172.4,180.4,83.21,83.70,1.04
4030,177.7,185.6,83.42,83.89,1.03
4040,182.9,190.8,83.61,84.07,1.02
4050,188.0,196.0,83.80,84.25,1.01
4060,193.2,201.1,83.99,84.44,1.01
4070,198.4,206.3,84.18,84.62,1.00
4080,202.6,210.2,84.37,84.80,0.99
4090,205.9,212.7,84.54,84.97,0.99
4100,209.1,215.2,84.71,85.13,0.98
4110,212.4,217.7,84.88,85.30,0.98
4120,215.6,220.2,85.05,85.46,0.98
4130,218.9,222.7,85.22,85.63,0.97
4140,221.7,225.2,85.38,85.79,0.97
4150,224.4,227.9,85.54,85.95,0.97
4160,227.1,230.5,85.70,86.10,0.96
4170,229.8,233.1,85.86,86.26,0.96
4180,232.5,235.8,86.01,86.41,0.96
4190,235.1,238.4,86.17,86.57,0.96
4200,237.7,241.0,86.32,86.72,0.96
4210,240.1,242.6,86.47,86.87,0.96
4220,242.4,244.2,86.62,87.01,0.95
4230,244.8,245.8,86.77,87.16,0.95
4240,247.1,247.4,86.91,87.31,0.95
4250,249.5,249.0,87.06,87.45,0.95
4260,251.8,250.7,87.21,87.60,0.95
4270,254.0,252.4,87.35,87.74,0.95
4280,256.1,254.6,87.49,87.88,0.95
4290,258.2,256.8,87.63,88.02,0.95
4300,260.3,259.0,87.76,88.16,0.95
4310,262.3,261.2,87.90,88.30,0.95
4320,264.4,263.4,88.04,88.43,0.95
4330,266.5,265.6,88.18,88.57,0.95
4340,268.3,267.9,88.31,88.71,0.96
4350,269.7,269.6,88.45,88.84,0.96
4360,271.0,271.3,88.58,88.97,0.96
4370,272.3,273.0,88.71,89.11,0.95
4380,273.6,274.7,88.84,89.24,0.95
4390,274.9,276.4,88.97,89.37,0.95
4400,276.3,278.1,89.11,89.50,0.95
4410,277.6,279.8,89.24,89.63,0.95
4420,279.1,280.8,89.37,89.76,0.95
4430,280.8,280.0,89.49,89.89,0.96
4440,282.4,279.2,89.62,90.02,0.96
4450,284.1,278.4,89.75,90.15,0.96
4460,285.7,277.6,89.87,90.28,0.97
4470,287.3,276.9,90.00,90.41,0.97
4480,289.0,276.1,90.13,90.54,0.97
4490,290.6,275.3,90.25,90.67,0.98
4500,289.6,273.1,90.38,90.80,0.98
4510,287.8,269.8,90.51,90.94,0.99
4520,286.1,266.5,90.63,91.07,1.00
4530,284.3,263.2,90.76,91.21,1.01
4540,282.5,259.9,90.89,91.35,1.02
4550,280.7,256.6,91.01,91.49,1.03
4560,279.0,253.3,91.14,91.62,1.04
4570,277.2,250.5,91.27,91.76,1.06
4580,273.5,248.5,91.40,91.91,1.07
4590,269.5,246.6,91.54,92.06,1.08
4600,265.5,244.7,91.68,92.20,1.09
4610,261.5,242.8,91.81,92.35,1.10
4620,257.6,240.9,91.95,92.50,1.11
4630,253.6,239.0,92.09,92.65,1.12
4640,249.6,238.1,92.22,92.79,1.13
4650,247.5,238.4,92.37,92.94,1.14
4660,246.6,238.8,92.51,93.10,1.14
4670,245.7,239.1,92.66,93.25,1.14
4680,244.8,239.4,92.81,93.40,1.15
4690,243.9,239.7,92.96,93.55,1.15
4700,243.1,240.0,93.10,93.70,1.16
4710,242.2,239.5,93.25,93.85,1.16
4720,241.8,238.9,93.40,94.00,1.16
4730,241.5,238.3,93.55,94.15,1.16
4740,241.2,237.7,93.70,94.30,1.17
4750,240.9,237.1,93.85,94.45,1.17
4760,240.6,236.5,94.00,94.61,1.17
4770,240.3,234.6,94.15,94.76,1.17
4780,239.5,229.0,94.30,94.92,1.19
4790,234.7,223.5,94.46,95.09,1.19
4800,229.9,217.9,94.62,95.25,1.20
4810,225.1,212.3,94.78,95.42,1.20
4820,220.3,206.7,94.94,95.58,1.21
4830,215.5,201.2,95.10,95.75,1.22
4840,210.7,196.0,95.26,95.94,1.25
4850,204.6,190.9,95.44,96.13,1.25
4860,198.3,185.7,95.62,96.32,1.26
4870,191.9,180.5,95.81,96.51,1.26
4880,185.6,175.4,96.00,96.71,1.27
4890,179.3,174.6,96.18,96.91,1.29
4900,176.0,174.2,96.38,97.12,1.30
4910,176.0,173.8,96.58,97.32,1.30
4920,176.0,173.4,96.79,97.53,1.30
4930,176.0,172.8,96.99,97.74,1.31
4940,176.0,170.7,97.20,97.95,1.32
4950,175.3,168.5,97.40,98.17,1.32
4960,174.0,166.4,97.61,98.38,1.33
4970,172.8,164.2,97.82,98.60,1.34
4980,171.5,160.0,98.03,98.82,1.35
4990,170.3,153.0,98.24,99.07,1.39
5000,162.2,146.0,98.47,99.31,1.40
5010,152.3,138.9,98.71,99.55,1.40
5020,142.4,133.3,98.95,99.80,1.41
5030,132.6,130.7,99.19,100.08,1.45
5040,128.8,128.2,99.46,100.36,1.46
5050,128.5,125.7,99.74,100.64,1.46
5060,128.3,126.4,100.02,100.92,1.46
5070,128.1,128.3,100.30,101.20,1.46
5080,129.5,130.3,100.58,101.48,1.46
5090,130.9,131.5,100.85,101.76,1.47
5100,132.2,128.1,101.13,102.04,1.48
5110,132.4,124.7,101.40,102.33,1.49
5120,131.0,121.3,101.68,102.61,1.50
5130,129.6,114.7,101.95,102.93,1.54
5140,128.2,106.3,102.23,103.27,1.60
5150,119.3,98.0,102.54,103.60,1.62
5160,108.6,92.4,102.87,103.98,1.67
5170,98.0,88.4,103.19,104.38,1.75
5180,91.8,84.5,103.57,104.79,1.77
5190,87.4,80.9,103.97,105.23,1.82
5200,83.8,77.4,104.38,105.67,1.85
5210,82.9,83.1,104.82,106.10,1.84
5220,82.1,89.9,105.25,106.52,1.83
5230,87.3,92.4,105.66,106.93,1.83
5240,92.9,91.2,106.06,107.32,1.82
5250,94.6,90.0,106.46,107.72,1.82
5260,91.4,92.3,106.85,108.10,1.81
5270,88.3,94.6,107.24,108.49,1.81
5280,92.1,99.4,107.63,108.86,1.79
5290,96.7,107.7,108.01,109.19,1.74
5300,102.5,116.0,108.37,109.52,1.71
5310,111.1,124.2,108.69,109.82,1.69
5320,119.6,132.4,109.01,110.09,1.64
5330,128.0,140.6,109.32,110.35,1.60
5340,134.9,148.8,109.57,110.62,1.60
5350,141.8,155.8,109.83,110.85,1.58
5360,148.7,162.1,110.08,111.07,1.54
5370,155.7,168.3,110.33,111.28,1.51
5380,162.8,174.6,110.54,111.50,1.52
5390,170.0,180.9,110.75,111.72,1.52
5400,177.2,185.4,110.96,111.90,1.50
5410,184.3,189.9,111.17,112.09,1.48
5420,191.1,194.3,111.36,112.28,1.47
5430,197.6,198.8,111.54,112.46,1.48
5440,204.0,203.3,111.71,112.65,1.50
5450,210.5,207.1,111.89,112.82,1.50
5460,216.9,210.4,112.06,112.99,1.49
5470,223.4,213.8,112.24,113.16,1.48
5480,227.9,217.1,112.39,113.33,1.49
5490,231.9,220.5,112.54,113.49,1.51
5500,235.8,223.8,112.70,113.66,1.52
5510,239.7,226.7,112.85,113.82,1.53
5520,243.7,229.3,113.00,113.97,1.54
5530,247.6,231.9,113.15,114.13,1.54
5540,251.5,234.6,113.30,114.28,1.54
5550,255.2,237.2,113.44,114.44,1.56
5560,258.9,239.8,113.57,114.59,1.58
5570,262.5,242.3,113.71,114.74,1.60
5580,266.2,244.3,113.84,114.89,1.60
5590,269.9,246.4,113.98,115.03,1.61
5600,273.6,248.4,114.12,115.18,1.62
5610,277.2,250.4,114.25,115.32,1.63
5620,276.2,252.4,114.39,115.47,1.64
5630,273.9,254.5,114.52,115.61,1.65
5640,271.7,255.7,114.65,115.75,1.66
5650,269.4,254.6,114.79,115.90,1.67
5660,267.1,253.4,114.92,116.04,1.68
5670,264.8,252.3,115.05,116.18,1.69
5680,262.6,251.2,115.19,116.33,1.70
5690,259.6,250.0,115.32,116.47,1.70
5700,254.9,248.9,115.47,116.61,1.70
5710,250.2,246.9,115.62,116.76,1.70
5720,245.5,242.4,115.77,116.91,1.71
5730,240.8,238.0,115.91,117.07,1.71
5740,236.1,233.5,116.06,117.22,1.72
5750,231.4,229.0,116.21,117.37,1.73
5760,227.1,224.6,116.36,117.53,1.73
5770,223.3,220.1,116.53,117.68,1.71
5780,219.5,215.7,116.69,117.85,1.72
5790,215.7,211.3,116.86,118.03,1.73
5800,211.9,207.0,117.02,118.20,1.74
5810,208.1,202.6,117.19,118.38,1.74
5820,203.9,198.3,117.37,118.55,1.74
5830,199.2,193.9,117.55,118.72,1.73
5840,194.6,189.8,117.74,118.92,1.74
5850,189.9,185.7,117.92,119.12,1.75
5860,185.3,181.6,118.11,119.31,1.76
5870,180.7,177.4,118.30,119.51,1.77
5880,177.4,173.3,118.51,119.71,1.76
5890,174.1,172.4,118.71,119.91,1.76
5900,170.7,171.8,118.92,120.12,1.76
5910,167.4,171.2,119.13,120.33,1.76
5920,165.4,170.5,119.34,120.54,1.76
5930,166.6,170.2,119.55,120.75,1.76
5940,167.9,171.4,119.77,120.96,1.75
5950,169.2,172.7,119.98,121.17,1.75
5960,170.5,173.9,120.20,121.38,1.74
5970,172.0,175.2,120.41,121.59,1.74
5980,173.7,176.8,120.61,121.79,1.74
5990,175.3,179.2,120.82,121.99,1.73
6000,176.9,181.6,121.02,122.19,1.72
6010,178.6,184.0,121.23,122.38,1.72
6020,180.8,186.3,121.43,122.58,1.72
6030,183.1,186.8,121.62,122.78,1.72
6040,185.4,182.7,121.82,122.98,1.73
6050,187.8,178.7,122.01,123.18,1.74
6060,190.1,174.7,122.20,123.39,1.74
6070,185.7,170.6,122.41,123.59,1.74
6080,177.1,164.3,122.62,123.81,1.75
6090,168.4,153.7,122.83,124.05,1.78
6100,159.7,143.1,123.04,124.30,1.82
6110,151.1,132.6,123.25,124.54,1.85
6120,141.7,123.4,123.52,124.81,1.85
6130,132.2,117.8,123.79,125.12,1.89
6140,122.7,112.2,124.06,125.43,1.93
6150,114.4,107.0,124.34,125.74,1.96
6160,111.1,107.4,124.67,126.08,1.97
6170,107.8,107.7,125.00,126.41,1.97
6180,105.3,108.3,125.33,126.74,1.98
6190,107.3,112.4,125.66,127.06,1.96
6200,109.3,116.5,125.99,127.37,1.94
6210,111.9,120.6,126.32,127.69,1.93
6220,118.7,124.3,126.61,127.97,1.92
6230,125.5,128.0,126.91,128.26,1.91
6240,132.2,131.6,127.20,128.54,1.90
6250,137.2,135.7,127.47,128.81,1.90
6260,141.5,140.5,127.72,129.06,1.90
6270,145.8,145.2,127.97,129.31,1.90
6280,150.0,150.0,128.22,129.56,1.90
6290,155.0,154.2,128.45,129.80,1.91
6300,160.1,157.6,128.67,130.03,1.91
6310,165.2,161.0,128.90,130.25,1.92
6320,170.2,164.3,129.12,130.48,1.92
6330,172.7,167.7,129.34,130.70,1.92
6340,167.9,160.6,129.56,130.94,1.94
6350,163.0,152.5,129.78,131.18,1.96
6360,158.1,144.4,130.00,131.41,1.97
6370,153.3,136.3,130.22,131.65,1.99
6380,145.8,128.0,130.47,131.93,2.02
6390,137.3,119.6,130.74,132.23,2.06
6400,128.8,111.2,131.00,132.53,2.09
6410,120.4,104.3,131.27,132.86,2.15
6420,111.6,100.0,131.60,133.22,2.18
6430,102.9,95.7,131.94,133.58,2.20
6440,94.1,93.5,132.28,133.95,2.24
6450,92.8,92.8,132.66,134.34,2.24
6460,91.7,92.1,133.05,134.73,2.23
6470,92.1,98.2,133.44,135.09,2.21
6480,94.8,104.3,133.82,135.44,2.18
6490,97.4,110.5,134.20,135.79,2.15
6500,104.7,117.1,134.54,136.09,2.11
6510,113.1,123.7,134.86,136.39,2.09
6520,121.5,130.3,135.19,136.69,2.06
6530,129.5,137.6,135.46,136.94,2.04
6540,137.3,145.0,135.72,137.19,2.03
6550,145.0,152.4,135.98,137.43,2.01
6560,152.8,159.8,136.24,137.68,2.00
6570,158.7,163.7,136.46,137.90,2.00
6580,164.4,166.9,136.68,138.11,2.00
6590,170.0,170.1,136.89,138.33,1.99
6600,175.6,173.3,137.11,138.54,1.99
6610,179.5,175.4,137.32,138.75,1.99
6620,177.0,171.5,137.53,138.97,2.00
6630,174.5,167.6,137.74,139.19,2.01
6640,172.0,163.7,137.94,139.40,2.02
6650,169.6,159.9,138.15,139.62,2.03
6660,166.6,157.4,138.36,139.84,2.04
6670,162.7,156.2,138.59,140.07,2.04
6680,158.9,155.1,138.82,140.30,2.05
6690,155.1,153.9,139.04,140.54,2.05
6700,151.2,153.4,139.27,140.77,2.06
6710,152.3,155.2,139.50,141.00,2.05
6720,153.7,157.0,139.73,141.22,2.05
6730,155.1,158.9,139.97,141.45,2.05
6740,156.5,160.7,140.20,141.68,2.04
6750,158.3,164.5,140.43,141.90,2.03
6760,160.3,168.8,140.65,142.11,2.02
6770,162.3,173.0,140.87,142.32,2.00
6780,164.4,177.2,141.10,142.53,1.99
6790,166.6,180.9,141.32,142.74,1.98
6800,169.9,179.7,141.52,142.94,1.98
6810,173.2,178.5,141.73,143.14,1.97
6820,176.5,177.2,141.94,143.35,1.97
6830,179.8,176.0,142.14,143.55,1.96
6840,180.9,174.4,142.35,143.75,1.96
6850,177.5,170.0,142.56,143.97,1.97
6860,174.2,165.6,142.77,144.19,1.98
6870,170.9,161.3,142.97,144.41,1.99
6880,167.6,156.9,143.18,144.62,2.01
6890,163.4,153.4,143.40,144.86,2.02
6900,158.3,150.5,143.63,145.10,2.03
6910,153.2,147.6,143.86,145.34,2.04
6920,148.0,144.7,144.10,145.58,2.04
6930,144.1,142.7,144.33,145.83,2.06
6940,144.3,141.9,144.58,146.08,2.06
6950,144.6,141.1,144.83,146.34,2.07
6960,144.8,140.4,145.08,146.59,2.07
6970,145.1,141.1,145.33,146.84,2.08
6980,145.9,143.3,145.57,147.09,2.08
6990,146.6,145.6,145.82,147.34,2.08
7000,147.4,147.8,146.06,147.59,2.09
7010,148.2,150.5,146.31,147.83,2.08
7020,149.6,153.8,146.55,148.06,2.07
7030,151.0,157.0,146.79,148.29,2.07
7040,152.5,160.2,147.03,148.52,2.06
7050,153.9,163.3,147.26,148.75,2.05
7060,157.3,165.7,147.49,148.96,2.04
7070,160.9,168.0,147.71,149.18,2.03
7080,164.4,170.4,147.93,149.39,2.02
7090,168.0,172.7,148.15,149.61,2.01
7100,171.6,175.6,148.37,149.81,2.01
7110,175.2,178.9,148.57,150.01,2.00
7120,178.8,182.3,148.77,150.21,2.00
7130,182.4,185.6,148.97,150.40,1.99
7140,186.0,189.0,149.17,150.60,1.99
7150,189.4,190.2,149.36,150.80,1.99
7160,192.5,188.3,149.55,150.99,2.00
7170,195.7,186.4,149.73,151.18,2.01
7180,198.8,184.4,149.91,151.38,2.02
7190,201.9,182.5,150.10,151.57,2.03
7200,205.0,179.1,150.28,151.77,2.05
7210,196.6,170.9,150.48,151.99,2.08
7220,188.1,162.7,150.67,152.21,2.10
7230,179.7,154.5,150.87,152.44,2.13
7240,171.3,146.3,151.06,152.66,2.15
7250,162.8,140.8,151.26,152.91,2.21
7260,155.4,136.3,151.50,153.18,2.23
7270,148.0,131.7,151.75,153.44,2.26
7280,140.7,127.2,151.99,153.71,2.28
7290,133.3,121.8,152.24,154.01,2.33
7300,128.9,116.3,152.52,154.32,2.36
7310,125.2,110.8,152.80,154.62,2.38
7320,121.5,103.8,153.09,154.97,2.44
7330,116.6,96.2,153.39,155.33,2.50
7340,109.2,88.5,153.72,155.70,2.53
7350,101.9,81.2,154.06,156.14,2.64
7360,94.7,74.0,154.42,156.59,2.74
7370,87.8,72.4,154.82,157.08,2.81
7380,80.9,72.9,155.23,157.57,2.90
7390,73.0,78.3,155.72,158.03,2.87
7400,65.0,85.8,156.22,158.47,2.81
7410,69.8,93.2,156.73,158.88,2.71
7420,76.4,100.4,157.24,159.24,2.56
7430,89.8,107.6,157.63,159.60,2.53
7440,103.7,112.3,158.00,159.93,2.48
7450,115.2,115.7,158.36,160.24,2.44
7460,119.6,119.1,158.65,160.55,2.45
7470,124.1,123.9,158.95,160.84,2.45
7480,128.5,130.4,159.25,161.11,2.43
7490,133.8,136.9,159.51,161.38,2.43
7500,139.2,143.4,159.77,161.65,2.45
7510,144.7,149.6,160.03,161.89,2.43
7520,150.1,155.8,160.28,162.12,2.40
7530,155.6,161.9,160.50,162.35,2.40
7540,161.2,168.0,160.73,162.57,2.41
7550,166.7,173.7,160.95,162.79,2.40
7560,172.2,178.6,161.17,162.98,2.38
7570,177.2,183.5,161.38,163.18,2.36
7580,181.7,188.4,161.57,163.37,2.37
7590,186.1,193.2,161.76,163.57,2.37
7600,190.5,197.3,161.96,163.76,2.37
7610,195.0,198.5,162.15,163.94,2.35
7620,198.9,199.8,162.34,164.12,2.34
7630,201.9,201.1,162.51,164.30,2.35
7640,204.9,202.3,162.68,164.48,2.36
7650,207.8,203.6,162.86,164.66,2.36
7660,210.8,202.8,163.03,164.84,2.37
7670,213.8,201.0,163.21,165.02,2.37
7680,212.6,199.2,163.38,165.20,2.38
7690,208.6,197.4,163.56,165.38,2.38
7700,204.5,195.6,163.74,165.56,2.39
7710,200.4,193.3,163.91,165.75,2.39
7720,196.4,187.9,164.09,165.95,2.42
7730,192.3,182.5,164.27,166.15,2.44
7740,185.9,177.1,164.47,166.34,2.43
7750,179.4,171.7,164.67,166.54,2.43
7760,172.8,166.0,164.88,166.75,2.43
7770,166.3,157.6,165.08,166.99,2.47
7780,159.7,149.1,165.29,167.23,2.50
7790,153.4,140.7,165.54,167.47,2.50
7800,147.0,132.3,165.78,167.71,2.49
7810,140.6,127.2,166.02,168.00,2.54
7820,134.3,122.3,166.27,168.29,2.58
7830,127.8,117.3,166.56,168.58,2.58
7840,121.4,114.0,166.85,168.89,2.60
7850,115.0,112.0,167.15,169.21,2.63
7860,112.2,110.1,167.45,169.53,2.64
7870,112.5,110.0,167.77,169.86,2.64
7880,112.8,112.2,168.09,170.18,2.64
7890,114.3,114.4,168.41,170.50,2.65
7900,117.3,117.2,168.71,170.81,2.66
7910,120.4,121.3,169.02,171.10,2.64
7920,123.6,125.4,169.32,171.39,2.63
7930,128.3,129.5,169.59,171.69,2.65
7940,133.0,134.1,169.87,171.95,2.64
7950,137.6,138.8,170.14,172.21,2.63
7960,142.0,143.4,170.40,172.47,2.63
7970,146.1,148.0,170.64,172.73,2.65
7980,150.2,147.0,170.88,172.97,2.65
7990,154.4,146.0,171.13,173.22,2.65
8000,156.0,145.0,171.37,173.46,2.66
8010,153.1,144.0,171.60,173.71,2.67
8020,150.2,136.8,171.84,173.99,2.70
8030,147.4,129.4,172.08,174.26,2.74
8040,143.6,121.9,172.33,174.54,2.77
8050,135.3,116.1,172.60,174.83,2.79
8060,127.0,113.6,172.88,175.15,2.83
8070,118.7,111.0,173.16,175.47,2.87
8080,114.3,109.7,173.46,175.78,2.89
8090,113.0,113.2,173.78,176.10,2.88
8100,111.7,116.6,174.09,176.41,2.88
8110,112.9,120.1,174.41,176.73,2.88
8120,117.5,125.7,174.71,177.00,2.85
8130,122.0,131.2,175.01,177.28,2.83
8140,126.7,136.7,175.31,177.56,2.80
8150,132.2,142.6,175.58,177.82,2.80
8160,137.8,148.9,175.84,178.05,2.77
8170,143.3,155.3,176.10,178.29,2.74
8180,148.9,161.6,176.36,178.52,2.72
8190,154.5,167.7,176.58,178.75,2.73
8200,160.2,172.1,176.81,178.95,2.71
8210,165.8,176.6,177.03,179.15,2.68
8220,171.5,181.0,177.26,179.36,2.66
8230,176.4,185.4,177.46,179.56,2.66
8240,181.3,189.8,177.65,179.76,2.67
8250,186.2,193.8,177.85,179.94,2.65
8260,191.0,197.7,178.04,180.12,2.63
8270,195.9,201.7,178.24,180.30,2.62
8280,200.2,205.6,178.41,180.48,2.62
8290,204.3,209.6,178.59,180.66,2.63
8300,208.5,212.8,178.76,180.83,2.63
8310,212.6,215.6,178.93,180.99,2.62
8320,216.8,218.4,179.10,181.15,2.61
8330,220.9,221.2,179.28,181.32,2.60
8340,225.3,224.0,179.43,181.48,2.61
8350,229.7,226.7,179.58,181.65,2.62
8360,234.2,229.2,179.73,181.80,2.63
8370,238.6,231.3,179.89,181.96,2.63
8380,243.0,233.5,180.04,182.11,2.63
8390,247.5,235.6,180.19,182.26,2.63
8400,249.2,237.8,180.34,182.42,2.63
8410,247.3,239.9,180.49,182.57,2.64
8420,245.3,242.0,180.64,182.72,2.64
8430,243.4,241.1,180.79,182.87,2.65
8440,241.5,240.2,180.94,183.02,2.65
8450,239.6,239.3,181.08,183.18,2.65
8460,237.6,238.4,181.23,183.33,2.66
8470,234.7,237.5,181.39,183.48,2.65
8480,231.2,236.6,181.55,183.63,2.64
8490,227.7,235.0,181.70,183.78,2.64
8500,224.2,232.5,181.86,183.94,2.63
8510,220.6,230.0,182.02,184.10,2.63
8520,217.1,227.5,182.18,184.25,2.63
8530,214.1,224.9,182.35,184.41,2.62
8540,211.9,222.4,182.52,184.57,2.61
8550,209.6,220.0,182.69,184.73,2.60
8560,207.4,219.5,182.87,184.89,2.59
8570,205.1,219.0,183.04,185.06,2.58
8580,202.9,218.5,183.21,185.22,2.57
8590,202.4,218.0,183.39,185.39,2.56
8600,203.1,217.5,183.56,185.55,2.55
8610,203.8,217.0,183.74,185.72,2.54
8620,204.5,217.3,183.91,185.88,2.53
8630,205.2,217.7,184.09,186.05,2.52
8640,206.0,218.0,184.27,186.21,2.50
8650,206.5,218.3,184.44,186.38,2.50
8660,207.0,218.6,184.61,186.54,2.49
8670,207.5,219.0,184.79,186.71,2.48
8680,208.0,213.9,184.96,186.88,2.48
8690,208.6,208.4,185.14,187.06,2.48
8700,208.1,203.0,185.31,187.24,2.49
8710,202.7,197.5,185.50,187.41,2.48
8720,197.4,192.0,185.68,187.59,2.47
8730,192.0,185.9,185.87,187.78,2.47
8740,186.6,178.3,186.05,187.99,2.50
8750,181.3,170.7,186.24,188.20,2.52
8760,174.6,163.1,186.45,188.41,2.53
8770,167.6,155.4,186.67,188.62,2.52
8780,160.6,148.1,186.89,188.86,2.54
8790,153.6,141.1,187.11,189.12,2.58
8800,146.5,134.1,187.34,189.38,2.61
8810,139.3,127.1,187.60,189.64,2.60
8820,132.0,121.8,187.87,189.94,2.62
8830,124.8,117.2,188.14,190.24,2.66
8840,119.2,112.6,188.43,190.55,2.68
8850,115.5,109.6,188.74,190.87,2.68
8860,111.7,108.6,189.05,191.20,2.70
8870,108.7,107.6,189.37,191.53,2.72
8880,107.7,107.4,189.71,191.86,2.71
8890,106.7,108.4,190.04,192.19,2.71
8900,106.1,109.4,190.38,192.52,2.71
8910,106.4,112.5,190.72,192.84,2.69
8920,106.8,118.5,191.05,193.14,2.65
8930,109.0,124.5,191.38,193.44,2.62
8940,114.8,130.3,191.69,193.74,2.61
8950,120.7,134.2,192.00,194.00,2.56
8960,126.6,138.2,192.31,194.26,2.52
8970,132.6,142.1,192.57,194.53,2.52
8980,138.6,146.2,192.83,194.78,2.51
8990,144.7,150.8,193.09,195.01,2.48
9000,150.3,155.5,193.34,195.24,2.46
9010,154.8,160.1,193.57,195.48,2.47
9020,159.3,164.8,193.80,195.71,2.47
9030,163.8,169.3,194.02,195.91,2.45
9040,168.4,173.8,194.25,196.12,2.43
9050,172.3,178.3,194.45,196.32,2.43
9060,176.1,182.8,194.66,196.53,2.43
9070,180.0,187.2,194.86,196.73,2.43
9080,183.8,190.7,195.06,196.91,2.42
9090,187.6,194.2,195.26,197.10,2.40
9100,190.8,197.7,195.45,197.28,2.40
9110,193.9,201.1,195.63,197.46,2.40
9120,197.0,204.6,195.81,197.65,2.40
9130,200.2,207.5,196.00,197.82,2.39
9140,203.3,210.1,196.18,197.99,2.37
9150,206.1,212.6,196.36,198.16,2.36
9160,208.7,215.1,196.52,198.33,2.36
9170,211.2,217.6,196.69,198.50,2.36
9180,213.8,220.2,196.86,198.67,2.36
9190,216.3,221.1,197.03,198.83,2.36
9200,218.8,221.3,197.20,198.99,2.35
9210,219.8,221.4,197.37,199.15,2.35
9220,219.5,221.6,197.53,199.32,2.34
9230,219.2,221.8,197.70,199.48,2.34
9240,218.8,221.9,197.86,199.64,2.34
9250,218.5,221.6,198.03,199.81,2.34
9260,218.2,220.8,198.19,199.97,2.34
9270,217.9,219.9,198.36,200.13,2.34
9280,217.8,219.1,198.52,200.30,2.34
9290,217.6,218.3,198.69,200.46,2.33
9300,217.4,217.5,198.85,200.63,2.33
9310,217.3,217.0,199.02,200.79,2.33
9320,217.1,217.0,199.18,200.96,2.33
9330,217.1,217.0,199.35,201.12,2.33
9340,217.5,217.0,199.51,201.29,2.33
9350,217.8,217.0,199.68,201.45,2.33
9360,218.1,217.0,199.84,201.62,2.34
9370,218.5,217.6,200.01,201.78,2.34
9380,218.8,219.0,200.17,201.95,2.33
9390,219.5,220.5,200.34,202.11,2.33
9400,220.8,222.0,200.50,202.27,2.33
9410,222.0,223.4,200.66,202.43,2.33
9420,223.3,224.9,200.82,202.60,2.33
9430,224.6,226.5,200.98,202.76,2.33
9440,225.9,228.3,201.15,202.91,2.33
9450,227.3,230.2,201.31,203.07,2.32
9460,228.8,232.0,201.46,203.22,2.32
9470,230.4,233.9,201.62,203.38,2.32
9480,231.9,235.8,201.77,203.53,2.32
9490,233.5,237.6,201.93,203.69,2.32
9500,235.0,239.1,202.08,203.84,2.32
9510,236.6,240.4,202.24,203.99,2.31
9520,237.9,241.7,202.39,204.14,2.31
9530,239.1,243.1,202.54,204.28,2.31
9540,240.3,244.4,202.69,204.43,2.31
9550,241.4,245.7,202.84,204.58,2.30
9560,242.6,247.0,202.99,204.73,2.30
9570,243.8,246.8,203.13,204.88,2.30
9580,245.0,246.7,203.28,205.02,2.30
9590,244.8,246.6,203.43,205.17,2.30
9600,244.7,246.4,203.58,205.31,2.29
9610,244.6,246.3,203.73,205.46,2.29
9620,244.4,246.1,203.87,205.61,2.29
9630,244.3,245.9,204.02,205.75,2.29
9640,244.1,245.5,204.17,205.90,2.29
9650,243.9,245.0,204.32,206.05,2.29
9660,243.3,244.6,204.46,206.19,2.29
9670,242.7,244.1,204.61,206.34,2.29
9680,242.1,243.7,204.76,206.49,2.29
9690,241.5,243.3,204.91,206.64,2.29
9700,240.9,242.7,205.06,206.78,2.28
9710,240.3,241.9,205.21,206.93,2.29
9720,239.4,241.2,205.36,207.08,2.28
9730,238.2,240.4,205.51,207.23,2.28
9740,236.9,239.7,205.66,207.38,2.28
9750,235.7,238.9,205.82,207.53,2.28
9760,234.5,238.2,205.97,207.68,2.27
9770,233.3,238.6,206.12,207.83,2.27
9780,232.1,239.3,206.27,207.98,2.27
9790,232.3,240.1,206.43,208.13,2.26
9800,232.6,240.8,206.58,208.28,2.26
9810,232.9,241.6,206.74,208.43,2.25
9820,233.2,242.3,206.89,208.58,2.25
9830,233.5,243.1,207.05,208.73,2.24
9840,233.8,244.4,207.20,208.87,2.23
9850,234.7,245.7,207.35,209.02,2.23
9860,236.0,247.0,207.50,209.17,2.22
9870,237.4,248.3,207.66,209.31,2.22
9880,238.7,249.6,207.81,209.46,2.21
9890,240.1,250.9,207.96,209.60,2.20
9900,241.5,252.3,208.11,209.75,2.20
9910,242.8,253.8,208.26,209.89,2.19
9920,244.4,255.4,208.40,210.03,2.18
9930,246.0,256.9,208.55,210.17,2.18
9940,247.6,258.4,208.69,210.31,2.17
9950,249.2,260.0,208.84,210.45,2.17
9960,250.7,261.5,208.98,210.59,2.16
9970,252.3,263.0,209.13,210.72,2.16
9980,253.9,264.3,209.27,210.86,2.15
9990,255.2,265.5,209.41,210.99,2.14
10000,256.5,266.7,209.55,211.13,2.14
10010,257.7,267.9,209.69,211.26,2.13
10020,259.0,269.1,209.83,211.40,2.13
10030,260.2,270.3,209.97,211.53,2.12
10040,261.5,271.5,210.11,211.67,2.12
10050,262.7,272.6,210.25,211.80,2.11
10060,263.9,273.5,210.38,211.93,2.11
10070,265.2,274.4,210.52,212.06,2.10
10080,266.4,275.3,210.65,212.19,2.10
10090,267.6,276.2,210.79,212.32,2.09
10100,268.8,277.1,210.92,212.45,2.09
10110,270.0,278.0,211.06,212.58,2.09
10120,271.2,279.0,211.19,212.71,2.08
10130,272.3,280.0,211.33,212.84,2.08
10140,273.2,281.0,211.46,212.97,2.07
10150,274.1,282.0,211.59,213.10,2.07
10160,275.1,283.0,211.72,213.22,2.07
10170,276.0,284.0,211.85,213.35,2.06
10180,276.9,285.1,211.98,213.48,2.06
10190,277.8,286.1,212.11,213.60,2.05
10200,278.7,286.8,212.24,213.73,2.05
10210,278.8,285.2,212.37,213.86,2.05
10220,278.6,283.5,212.50,213.99,2.05
10230,278.3,281.8,212.63,214.12,2.05
10240,278.0,280.2,212.76,214.25,2.05
10250,277.8,278.5,212.89,214.37,2.05
10260,277.5,276.8,213.02,214.50,2.04
10270,277.3,275.2,213.15,214.63,2.04
10280,277.0,273.4,213.28,214.76,2.04
10290,274.4,271.4,213.41,214.90,2.04
10300,271.7,269.3,213.55,215.03,2.04
10310,269.0,267.3,213.68,215.17,2.04
10320,266.3,265.3,213.82,215.30,2.05
10330,263.6,263.3,213.95,215.44,2.05
10340,260.9,261.2,214.09,215.57,2.05
10350,258.2,259.2,214.22,215.71,2.05
10360,256.8,258.5,214.36,215.85,2.05
10370,256.6,257.9,214.50,215.99,2.05
10380,256.3,257.4,214.64,216.13,2.05
10390,256.0,256.8,214.78,216.27,2.05
10400,255.7,256.3,214.92,216.41,2.05
10410,255.4,255.7,215.06,216.55,2.04
10420,255.2,255.1,215.20,216.69,2.04
10430,254.7,254.9,215.34,216.83,2.04
10440,254.2,254.8,215.49,216.97,2.04
10450,253.6,254.6,215.63,217.11,2.04
10460,253.0,254.5,215.77,217.25,2.04
10470,252.5,254.3,215.91,217.39,2.04
10480,251.9,254.2,216.05,217.53,2.04
10490,251.3,254.0,216.20,217.68,2.04
10500,251.1,254.6,216.34,217.82,2.04
10510,251.2,255.4,216.48,217.96,2.03
10520,251.3,256.3,216.63,218.10,2.03
10530,251.5,257.1,216.77,218.24,2.03
10540,251.6,257.9,216.91,218.38,2.02
10550,251.8,258.8,217.06,218.52,2.02
10560,251.9,259.6,217.20,218.66,2.02
10570,250.7,257.6,217.34,218.80,2.02
10580,247.5,253.2,217.49,218.95,2.01
10590,244.4,248.8,217.64,219.09,2.01
10600,241.3,244.4,217.79,219.24,2.01
10610,238.1,239.9,217.94,219.39,2.01
10620,235.0,235.5,218.09,219.54,2.01
10630,231.9,231.1,218.24,219.68,2.00
10640,227.4,226.0,218.40,219.85,2.00
10650,222.4,220.6,218.57,220.01,2.01
10660,217.4,215.2,218.73,220.18,2.01
10670,212.4,209.8,218.90,220.35,2.01
10680,207.4,204.5,219.07,220.52,2.01
10690,202.4,199.1,219.23,220.69,2.01
10700,197.1,195.7,219.42,220.87,2.01
10710,191.7,192.9,219.61,221.06,2.01
10720,186.3,190.1,219.80,221.25,2.00
10730,180.9,187.2,220.00,221.44,2.00
10740,175.5,184.4,220.19,221.63,2.00
10750,173.2,182.5,220.39,221.82,1.99
10760,173.6,181.5,220.60,222.02,1.98
10770,174.0,180.5,220.80,222.22,1.98
10780,174.5,179.5,221.01,222.42,1.97
10790,174.9,178.5,221.22,222.62,1.96
10800,175.8,178.8,221.42,222.82,1.96
10810,177.1,180.4,221.62,223.02,1.95
10820,178.3,181.9,221.82,223.21,1.95
10830,179.5,183.5,222.03,223.41,1.94
10840,180.7,185.1,222.23,223.61,1.94
10850,183.0,187.1,222.42,223.80,1.94
10860,185.7,189.5,222.62,223.99,1.93
10870,188.4,191.9,222.81,224.18,1.93
10880,191.1,194.4,223.00,224.36,1.92
10890,193.7,196.8,223.19,224.55,1.92
10900,196.4,199.2,223.37,224.74,1.92
10910,199.1,201.3,223.55,224.91,1.92
10920,201.7,203.4,223.73,225.09,1.92
10930,204.4,205.5,223.91,225.26,1.92
10940,207.1,207.6,224.08,225.44,1.91
10950,209.7,209.7,224.26,225.61,1.91
10960,212.1,212.0,224.43,225.79,1.92
10970,214.4,214.7,224.60,225.95,1.91
10980,216.7,217.3,224.76,226.11,1.91
10990,219.1,219.9,224.93,226.28,1.91
11000,221.4,222.6,225.09,226.44,1.91
11010,223.7,225.2,225.26,226.61,1.91
11020,223.6,226.5,225.42,226.77,1.91
11030,223.1,225.1,225.58,226.93,1.91
11040,222.6,223.6,225.75,227.09,1.91
11050,222.1,222.2,225.91,227.26,1.91
11060,221.6,220.7,226.07,227.42,1.91
11070,221.1,219.3,226.23,227.58,1.91
11080,218.1,217.5,226.40,227.74,1.90
11090,214.0,214.1,226.57,227.92,1.90
11100,209.9,210.6,226.74,228.09,1.90
11110,205.7,207.2,226.92,228.26,1.91
11120,201.6,203.7,227.09,228.44,1.91
11130,197.5,200.2,227.26,228.61,1.91
11140,195.3,197.1,227.45,228.79,1.90
11150,193.5,194.7,227.63,228.97,1.90
11160,191.6,192.2,227.82,229.16,1.90
11170,189.7,189.8,228.01,229.35,1.90
11180,187.8,187.4,228.20,229.54,1.90
11190,187.3,185.0,228.39,229.73,1.90
11200,187.9,186.2,228.58,229.92,1.90
11210,188.5,187.3,228.77,230.11,1.90
11220,189.0,188.5,228.96,230.30,1.90
11230,189.6,189.6,229.15,230.49,1.90
11240,190.8,190.8,229.34,230.68,1.91
11250,193.1,193.4,229.52,230.87,1.91
11260,195.5,196.2,229.70,231.05,1.90
11270,197.9,199.1,229.89,231.23,1.90
11280,200.3,202.0,230.07,231.41,1.90
11290,202.7,204.9,230.25,231.59,1.90
11300,204.9,207.2,230.43,231.77,1.90
11310,207.2,207.9,230.60,231.94,1.90
11320,209.4,208.6,230.77,232.11,1.90
11330,211.6,209.3,230.94,232.29,1.90
11340,213.9,210.0,231.12,232.46,1.90
11350,215.8,210.6,231.29,232.63,1.90
11360,210.4,208.1,231.47,232.81,1.90
11370,205.0,202.0,231.65,232.99,1.91
11380,199.7,195.9,231.82,233.18,1.91
11390,194.3,189.7,232.00,233.36,1.92
11400,188.9,183.6,232.18,233.55,1.93
11410,183.3,177.4,232.38,233.74,1.92
11420,177.5,169.5,232.59,233.96,1.94
11430,171.6,161.7,232.79,234.19,1.95
11440,165.7,153.8,233.00,234.41,1.97
11450,159.9,146.0,233.21,234.63,1.98
11460,151.5,136.8,233.46,234.90,2.00
11470,142.0,126.7,233.71,235.18,2.03
11480,132.4,116.7,233.97,235.47,2.06
11490,122.9,107.0,234.23,235.77,2.10
11500,113.1,99.2,234.55,236.14,2.15
11510,103.3,91.5,234.89,236.51,2.18
11520,93.5,85.3,235.23,236.91,2.24
11530,87.7,81.4,235.63,237.34,2.27
11540,82.7,78.6,236.05,237.78,2.28
11550,80.4,83.4,236.48,238.21,2.28
11560,81.3,88.1,236.93,238.64,2.27
11570,83.5,95.2,237.36,239.01,2.21
11580,90.6,102.8,237.76,239.38,2.18
11590,97.7,110.3,238.15,239.73,2.14
11600,104.9,116.6,238.50,240.03,2.09
11610,112.0,122.9,238.83,240.33,2.07
11620,119.1,129.1,239.15,240.63,2.04
11630,125.6,134.9,239.44,240.90,2.02
11640,131.5,140.5,239.71,241.15,2.00
11650,137.5,146.1,239.98,241.41,1.98
11660,143.4,151.6,240.25,241.66,1.96
11670,148.8,156.5,240.49,241.89,1.96
11680,154.1,161.1,240.72,242.11,1.95
11690,159.5,165.8,240.95,242.33,1.94
11700,164.8,170.4,241.18,242.55,1.92
11710,168.6,174.6,241.40,242.76,1.92
11720,171.3,177.2,241.61,242.96,1.91
11730,174.0,179.7,241.82,243.16,1.91
11740,176.7,182.3,242.02,243.36,1.90
11750,179.4,184.9,242.23,243.56,1.89
11760,182.6,187.0,242.43,243.76,1.89
11770,186.0,187.2,242.62,243.95,1.89
11780,189.5,187.4,242.81,244.14,1.90
11790,192.9,187.6,243.00,244.33,1.90
11800,196.3,187.8,243.19,244.53,1.90
11810,194.9,188.0,243.38,244.72,1.90
11820,188.7,180.4,243.58,244.93,1.91
11830,182.6,172.8,243.78,245.14,1.93
11840,176.5,165.2,243.97,245.35,1.94
11850,170.4,157.6,244.17,245.57,1.96
11860,163.5,149.1,244.39,245.79,1.97
11870,155.6,138.5,244.63,246.07,2.00
11880,147.7,127.9,244.86,246.34,2.03
11890,139.8,117.3,245.10,246.61,2.06
11900,131.2,108.6,245.36,246.93,2.13
11910,120.8,101.3,245.67,247.28,2.17
11920,110.3,93.9,245.98,247.63,2.21
11930,99.9,89.9,246.29,248.02,2.30
11940,94.5,87.0,246.67,248.43,2.32
11950,89.1,85.0,247.06,248.84,2.34
11960,85.8,85.0,247.46,249.26,2.36
11970,85.4,85.0,247.88,249.69,2.37
11980,85.0,85.4,248.30,250.11,2.37
11990,84.1,85.8,248.73,250.53,2.36
12000,83.2,86.9,249.16,250.94,2.34
12010,83.3,88.5,249.59,251.35,2.32
12020,83.7,90.8,250.02,251.76,2.29
12030,85.3,98.3,250.44,252.12,2.23
12040,88.6,105.8,250.85,252.47,2.18
12050,91.9,113.0,251.26,252.81,2.11
12060,99.1,119.5,251.62,253.11,2.05
12070,106.4,126.0,251.97,253.40,1.99
12080,113.8,132.5,252.31,253.70,1.95
12090,121.0,137.4,252.60,253.95,1.91
12100,128.1,142.2,252.89,254.21,1.88
12110,135.3,147.0,253.17,254.46,1.85
12120,141.6,151.8,253.43,254.71,1.84
12130,147.4,155.5,253.67,254.94,1.83
12140,153.1,159.1,253.91,255.16,1.81
12150,158.9,162.7,254.15,255.39,1.80
12160,164.5,166.3,254.37,255.61,1.80
12170,169.8,169.6,254.58,255.83,1.81
12180,175.1,172.7,254.79,256.03,1.81
12190,180.5,175.8,254.99,256.24,1.81
12200,185.8,178.8,255.20,256.44,1.81
12210,190.9,181.9,255.39,256.65,1.82
12220,195.7,184.8,255.57,256.84,1.84
12230,200.5,187.7,255.74,257.03,1.85
12240,205.4,190.5,255.92,257.22,1.86
12250,210.2,193.3,256.10,257.41,1.87
12260,215.0,196.2,256.28,257.60,1.88
12270,218.7,198.9,256.44,257.78,1.90
12280,222.3,201.3,256.60,257.96,1.92
12290,226.0,203.8,256.76,258.13,1.94
12300,229.6,206.2,256.92,258.31,1.95
12310,233.3,208.7,257.07,258.48,1.97
12320,236.9,211.2,257.23,258.66,1.99
12330,234.6,209.8,257.39,258.84,2.00
12340,229.7,206.4,257.56,259.02,2.02
12350,224.9,203.0,257.72,259.19,2.04
12360,220.0,199.6,257.88,259.37,2.05
12370,215.2,196.3,258.04,259.55,2.07
12380,210.4,192.9,258.20,259.73,2.09
12390,204.7,190.6,258.38,259.92,2.10
12400,198.3,188.3,258.57,260.11,2.11
12410,191.9,186.0,258.75,260.30,2.11
12420,185.5,183.7,258.94,260.50,2.11
12430,179.1,181.4,259.13,260.69,2.12
12440,173.8,180.2,259.32,260.89,2.13
12450,173.0,179.1,259.53,261.09,2.12
12460,172.2,178.1,259.74,261.29,2.11
12470,171.3,177.1,259.95,261.49,2.10
12480,170.5,176.1,260.16,261.70,2.10
12490,171.3,177.1,260.37,261.90,2.09
12500,174.4,178.3,260.57,262.10,2.09
12510,177.4,179.5,260.77,262.30,2.09
12520,180.4,180.7,260.98,262.50,2.09
12530,183.5,181.9,261.18,262.70,2.08
12540,186.5,183.4,261.37,262.90,2.08
12550,189.5,185.0,261.56,263.09,2.09
12560,192.5,186.5,261.75,263.28,2.10
12570,195.4,188.1,261.93,263.48,2.10
12580,198.4,189.6,262.12,263.67,2.11
12590,200.3,184.9,262.31,263.87,2.13
12600,195.3,178.1,262.50,264.08,2.14
12610,190.4,171.2,262.69,264.29,2.16
12620,185.4,164.4,262.88,264.50,2.18
12630,180.4,157.5,263.07,264.70,2.19
12640,175.4,154.6,263.26,264.94,2.24
12650,168.6,152.0,263.49,265.18,2.25
12660,161.6,149.4,263.71,265.41,2.26
12670,154.6,146.7,263.94,265.65,2.27
12680,147.6,144.5,264.16,265.90,2.30
12690,143.8,142.5,264.40,266.15,2.31
12700,143.3,140.5,264.65,266.41,2.31
12710,142.7,138.5,264.91,266.66,2.32
12720,142.2,138.6,265.16,266.92,2.32
12730,141.7,139.4,265.41,267.18,2.33
12740,141.2,140.1,265.67,267.44,2.33
12750,140.7,140.9,265.92,267.69,2.33
12760,140.2,138.4,266.18,267.96,2.34
12770,138.9,135.5,266.44,268.22,2.35
12780,137.1,132.5,266.70,268.49,2.35
12790,135.2,130.3,266.96,268.76,2.35
12800,133.4,132.7,267.23,269.02,2.35
12810,133.6,135.1,267.50,269.29,2.36
12820,134.4,137.5,267.76,269.56,2.36
12830,135.3,139.2,268.03,269.82,2.35
12840,136.3,139.7,268.30,270.08,2.34
12850,140.3,140.2,268.55,270.34,2.35
12860,144.3,140.7,268.80,270.59,2.36
12870,148.3,137.8,269.05,270.86,2.37
12880,151.5,131.4,269.30,271.14,2.40
12890,144.8,125.0,269.56,271.42,2.42
12900,138.1,118.6,269.82,271.70,2.44
12910,131.3,115.7,270.07,272.01,2.49
12920,125.4,113.2,270.34,272.32,2.54
12930,122.4,111.1,270.64,272.64,2.56
12940,119.4,112.3,270.94,272.95,2.58
12950,116.5,113.4,271.23,273.27,2.60
12960,114.1,114.5,271.55,273.59,2.60
12970,111.9,118.1,271.87,273.89,2.58
12980,109.6,123.3,272.19,274.18,2.55
12990,112.6,128.6,272.50,274.47,2.53
13000,117.5,133.9,272.81,274.76,2.51
13010,122.4,139.6,273.12,275.01,2.45
13020,128.3,145.3,273.40,275.26,2.41
13030,135.3,151.1,273.66,275.51,2.40
13040,142.4,156.6,273.92,275.75,2.39
13050,149.4,160.7,274.18,275.97,2.34
13060,155.2,164.8,274.42,276.18,2.33
13070,160.2,169.0,274.64,276.40,2.32
13080,165.3,173.1,274.86,276.62,2.32
13090,170.4,176.6,275.08,276.83,2.31
13100,175.3,179.6,275.30,277.02,2.29
13110,178.4,182.5,275.49,277.22,2.29
13120,181.6,185.5,275.69,277.42,2.29
13130,184.7,188.4,275.89,277.62,2.29
13140,187.9,187.7,276.08,277.82,2.29
13150,191.0,182.9,276.28,278.02,2.30
13160,186.6,178.0,276.48,278.22,2.30
13170,182.2,173.2,276.68,278.42,2.30
13180,177.8,168.3,276.88,278.62,2.30
13190,173.4,165.5,277.08,278.84,2.32
13200,169.0,164.7,277.28,279.06,2.34
13210,167.7,163.8,277.50,279.27,2.34
13220,166.4,162.9,277.71,279.49,2.34
13230,165.1,162.0,277.93,279.71,2.34
13240,163.8,161.1,278.15,279.94,2.35
13250,163.3,160.2,278.37,280.16,2.36
13260,163.9,159.3,278.58,280.39,2.36
13270,164.6,158.4,278.80,280.61,2.37
13280,165.2,157.3,279.02,280.84,2.38
13290,165.9,155.9,279.24,281.07,2.39
13300,165.5,154.5,279.46,281.31,2.41
13310,164.8,153.1,279.68,281.54,2.42
13320,164.1,151.3,279.90,281.77,2.44
13330,163.5,148.4,280.12,282.02,2.47
13340,161.8,145.4,280.34,282.27,2.49
13350,156.8,142.5,280.58,282.51,2.50
13360,151.8,139.9,280.81,282.76,2.51
13370,146.9,139.4,281.05,283.02,2.53
13380,142.0,138.9,281.28,283.28,2.56
13390,142.8,138.4,281.53,283.54,2.57
13400,143.5,137.9,281.79,283.80,2.57
13410,144.3,137.7,282.04,284.06,2.59
13420,145.0,137.4,282.29,284.32,2.60
13430,145.5,137.1,282.53,284.59,2.61
13440,146.0,137.3,282.78,284.85,2.63
13450,146.5,137.8,283.03,285.11,2.64
13460,147.0,138.3,283.27,285.37,2.66
13470,144.3,138.8,283.53,285.63,2.66
13480,141.5,140.3,283.78,285.88,2.66
13490,138.7,142.3,284.04,286.14,2.66
13500,136.1,144.3,284.29,286.39,2.66
13510,138.7,146.4,284.55,286.64,2.65
13520,141.2,150.3,284.80,286.88,2.63
13530,143.8,155.1,285.06,287.10,2.61
13540,146.6,159.9,285.31,287.33,2.58
13550,151.7,164.7,285.54,287.56,2.58
13560,156.7,167.5,285.77,287.79,2.58
13570,161.8,165.7,286.00,288.01,2.57
13580,166.8,164.0,286.23,288.23,2.56
13590,168.5,162.2,286.44,288.45,2.56
13600,169.1,160.4,286.65,288.66,2.57
13610,169.8,154.2,286.87,288.91,2.60
13620,170.4,146.5,287.08,289.16,2.64
13630,170.4,138.8,287.29,289.40,2.67
13640,159.8,131.0,287.54,289.65,2.68
13650,149.1,127.5,287.78,289.93,2.71
13660,138.5,125.5,288.02,290.22,2.76
13670,127.9,123.5,288.26,290.50,2.80
13680,125.7,121.6,288.55,290.79,2.81
13690,124.2,120.1,288.83,291.10,2.82
13700,122.8,118.6,289.12,291.40,2.83
13710,123.2,117.1,289.41,291.70,2.85
13720,125.7,120.8,289.70,291.99,2.85
13730,128.3,124.8,289.98,292.28,2.86
13740,130.9,128.9,290.26,292.57,2.87
13750,136.0,133.6,290.52,292.84,2.88
13760,141.4,138.9,290.77,293.10,2.88
13770,146.7,144.3,291.03,293.35,2.88
13780,152.1,149.6,291.28,293.61,2.88
13790,155.9,150.1,291.51,293.86,2.91
13800,159.7,146.6,291.73,294.11,2.93
13810,163.5,143.1,291.96,294.35,2.96
13820,167.3,139.6,292.18,294.60,2.98
13830,165.2,135.4,292.41,294.87,3.02
13840,158.5,130.3,292.64,295.15,3.06
13850,151.7,125.3,292.88,295.43,3.11
13860,145.0,120.3,293.11,295.70,3.16
13870,138.6,118.6,293.35,296.01,3.22
13880,133.4,117.0,293.63,296.32,3.25
13890,128.1,115.5,293.90,296.62,3.28
13900,122.9,115.8,294.18,296.93,3.31
13910,120.8,117.1,294.47,297.24,3.33
13920,120.5,118.3,294.77,297.54,3.33
13930,120.2,120.2,295.07,297.84,3.34
13940,121.0,123.1,295.36,298.13,3.33
13950,124.4,126.1,295.65,298.43,3.34
13960,127.9,129.0,295.93,298.72,3.34
13970,131.3,132.6,296.22,298.98,3.32
13980,133.9,136.4,296.49,299.25,3.32
13990,136.3,140.1,296.75,299.51,3.32
14000,138.6,142.5,297.02,299.77,3.32
14010,141.0,140.2,297.28,300.03,3.31
14020,143.0,137.8,297.53,300.29,3.33
14030,145.0,135.5,297.78,300.55,3.34
14040,147.0,131.5,298.02,300.83,3.36
14050,148.9,124.4,298.27,301.12,3.41
14060,141.7,117.3,298.54,301.42,3.44
14070,134.3,110.2,298.81,301.71,3.47
14080,126.8,110.3,299.07,302.04,3.52
14090,120.2,110.6,299.35,302.36,3.57
14100,116.4,111.0,299.66,302.69,3.59
14110,112.7,114.3,299.98,303.00,3.58
14120,109.1,118.0,300.29,303.31,3.58
14130,111.9,121.7,300.61,303.61,3.57
14140,114.8,127.0,300.92,303.89,3.53
14150,117.6,133.2,301.24,304.16,3.48
14160,123.4,139.3,301.52,304.43,3.47
14170,129.5,145.5,301.80,304.70,3.45
14180,135.7,151.2,302.08,304.93,3.41
14190,141.8,156.9,302.35,305.16,3.37
14200,148.2,162.6,302.58,305.38,3.36
14210,154.5,168.2,302.82,305.61,3.35
14220,160.8,168.0,303.05,305.84,3.34
14230,166.9,162.0,303.29,306.06,3.34
14240,165.0,156.1,303.51,306.29,3.34
14250,163.0,150.2,303.73,306.52,3.35
14260,161.0,144.0,303.95,306.75,3.36
14270,159.0,135.7,304.17,307.03,3.42
14280,152.3,127.4,304.42,307.31,3.45
14290,141.3,119.1,304.68,307.58,3.47
14300,130.3,113.3,304.94,307.89,3.51
14310,119.2,110.1,305.20,308.21,3.57
14320,113.2,106.8,305.51,308.54,3.59
14330,109.3,105.0,305.84,308.88,3.60
14340,105.4,105.0,306.17,309.22,3.61
14350,105.7,105.0,306.50,309.56,3.62
14360,108.4,107.8,306.83,309.89,3.62
14370,111.1,112.9,307.16,310.21,3.61
14380,113.6,117.9,307.48,310.53,3.61
14390,116.1,122.9,307.79,310.83,3.60
14400,118.6,127.6,308.10,311.11,3.57
14410,122.1,132.3,308.40,311.39,3.55
14420,126.8,137.1,308.68,311.67,3.54
14430,131.6,142.5,308.96,311.91,3.51
14440,136.3,148.0,309.24,312.15,3.47
14450,142.2,153.5,309.49,312.40,3.47
14460,148.2,159.1,309.73,312.64,3.47
14470,154.2,160.3,309.97,312.87,3.46
14480,160.2,159.1,310.21,313.10,3.45
14490,163.5,158.0,310.43,313.32,3.45
14500,165.7,156.9,310.65,313.55,3.46
14510,167.8,154.0,310.86,313.78,3.48
14520,170.0,145.7,311.08,314.04,3.52
14530,171.3,137.5,311.30,314.30,3.56
14540,161.0,129.3,311.54,314.56,3.58
14550,150.7,122.2,311.78,314.83,3.62
14560,140.4,117.2,312.01,315.14,3.69
14570,130.1,112.3,312.25,315.45,3.76
14580,123.6,107.8,312.55,315.77,3.78
14590,117.6,106.1,312.85,316.11,3.82
14600,111.5,104.4,313.15,316.45,3.86
14610,108.0,103.7,313.48,316.79,3.87
14620,106.3,107.0,313.82,317.12,3.87
14630,104.6,110.4,314.15,317.46,3.86
14640,105.3,114.2,314.49,317.78,3.85
14650,107.3,120.1,314.83,318.07,3.81
14660,109.3,125.9,315.16,318.37,3.76
14670,114.8,131.8,315.47,318.66,3.75
14680,122.1,135.7,315.77,318.92,3.72
14690,129.5,139.0,316.06,319.18,3.68
14700,136.2,142.4,316.34,319.44,3.66
14710,141.2,145.7,316.59,319.70,3.67
14720,146.2,149.6,316.84,319.93,3.65
14730,151.1,153.6,317.09,320.17,3.64
14740,155.9,157.5,317.33,320.40,3.63
14750,159.8,161.5,317.55,320.63,3.64
14760,163.8,164.1,317.77,320.85,3.65
14770,167.7,165.8,317.99,321.07,3.64
14780,171.7,167.5,318.21,321.29,3.64
14790,174.1,169.2,318.42,321.50,3.65
14800,175.7,171.0,318.62,321.72,3.66
14810,177.3,170.6,318.82,321.93,3.67
14820,179.0,170.2,319.03,322.14,3.67
14830,180.6,169.7,319.23,322.35,3.68
14840,181.4,169.3,319.43,322.56,3.70
14850,182.0,169.1,319.63,322.78,3.71
14860,182.6,169.3,319.82,322.99,3.73
14870,183.2,169.5,320.02,323.20,3.74
14880,183.8,169.7,320.22,323.41,3.76
14890,185.2,169.9,320.41,323.63,3.78
14900,186.9,171.3,320.60,323.83,3.79
14910,188.6,173.5,320.79,324.04,3.81
14920,190.3,175.8,320.98,324.24,3.82
14930,192.0,178.0,321.17,324.45,3.84
14940,194.1,180.3,321.36,324.65,3.85
14950,196.6,182.9,321.54,324.85,3.87
14960,199.2,185.8,321.72,325.04,3.88
14970,201.7,188.7,321.90,325.23,3.89
14980,204.2,191.5,322.08,325.42,3.90
14990,206.7,194.4,322.26,325.61,3.91
15000,208.9,196.1,322.43,325.80,3.93
15010,211.1,196.3,322.60,325.98,3.95
15020,213.3,196.4,322.77,326.17,3.96
15030,215.5,196.6,322.94,326.35,3.98
15040,217.7,196.8,323.10,326.53,3.99
15050,219.9,197.0,323.27,326.72,4.00
15060,215.0,193.8,323.45,326.91,4.02
15070,209.7,190.6,323.62,327.10,4.04
15080,204.4,187.3,323.80,327.29,4.05
15090,199.1,184.1,323.98,327.48,4.07
15100,193.9,180.8,324.15,327.67,4.08
15110,188.5,176.2,324.33,327.88,4.11
15120,183.0,171.0,324.54,328.09,4.12
15130,177.5,165.9,324.74,328.31,4.13
15140,172.0,160.7,324.95,328.52,4.14
15150,166.5,155.8,325.15,328.74,4.15
15160,161.5,153.2,325.36,328.98,4.17
15170,157.3,150.5,325.60,329.22,4.18
15180,153.1,147.9,325.83,329.46,4.19
15190,148.9,145.3,326.07,329.70,4.19
15200,145.1,144.7,326.30,329.94,4.20
15210,146.1,144.5,326.55,330.19,4.21
15220,147.0,144.2,326.79,330.44,4.21
15230,148.0,144.3,327.04,330.69,4.22
15240,149.0,145.2,327.28,330.94,4.22
15250,150.0,146.1,327.52,331.18,4.23
15260,150.9,147.0,327.76,331.43,4.23
15270,151.9,147.8,328.00,331.68,4.24
15280,152.8,149.0,328.23,331.92,4.24
15290,152.8,150.2,328.47,332.16,4.25
15300,152.6,151.4,328.71,332.40,4.25
15310,152.3,152.6,328.94,332.64,4.25
15320,152.1,154.2,329.18,332.87,4.25
15330,152.9,156.0,329.41,333.10,4.25
15340,154.5,157.9,329.64,333.33,4.24
15350,156.2,159.7,329.87,333.56,4.24
15360,157.8,161.2,330.11,333.78,4.24
15370,159.2,161.9,330.34,334.00,4.23
15380,159.8,162.5,330.56,334.23,4.23
15390,160.5,163.2,330.78,334.45,4.22
15400,161.2,163.8,331.01,334.67,4.22
15410,161.9,166.1,331.23,334.88,4.21
15420,163.0,168.9,331.45,335.09,4.20
15430,164.3,171.6,331.67,335.31,4.19
15440,165.7,174.4,331.89,335.52,4.19
15450,167.0,177.1,332.11,335.73,4.18
15460,168.8,180.8,332.32,335.92,4.16
15470,172.9,184.5,332.52,336.11,4.15
15480,176.9,188.1,332.73,336.31,4.14
15490,181.0,191.8,332.93,336.50,4.13
15500,185.0,195.5,333.13,336.69,4.12
15510,188.5,195.8,333.33,336.88,4.11
15520,190.4,195.7,333.52,337.06,4.11
15530,192.2,195.5,333.70,337.25,4.10
15540,194.1,195.3,333.89,337.43,4.10
15550,196.0,195.1,334.08,337.61,4.10
15560,197.8,194.8,334.26,337.80,4.10
15570,198.3,194.2,334.44,337.98,4.10
15580,198.7,193.6,334.62,338.17,4.11
15590,199.1,193.1,334.81,338.36,4.11
15600,199.4,192.5,334.99,338.54,4.12
15610,199.8,192.0,335.17,338.73,4.12
15620,200.1,193.0,335.35,338.91,4.13
15630,200.5,193.9,335.53,339.10,4.13
15640,200.9,194.8,335.71,339.28,4.14
15650,201.2,195.7,335.88,339.47,4.14
15660,201.6,196.7,336.06,339.65,4.15
15670,201.9,196.6,336.24,339.84,4.16
15680,200.4,196.1,336.43,340.02,4.16
15690,198.4,195.5,336.61,340.21,4.16
15700,196.4,195.0,336.79,340.39,4.16
15710,194.4,194.4,336.97,340.58,4.16
15720,192.3,193.8,337.16,340.76,4.16
15730,190.9,192.9,337.34,340.95,4.17
15740,190.7,191.9,337.53,341.14,4.16
15750,190.6,191.0,337.72,341.32,4.16
15760,190.4,190.0,337.91,341.51,4.16
15770,190.2,189.1,338.10,341.70,4.16
15780,190.0,190.0,338.29,341.89,4.16
15790,191.2,191.1,338.47,342.08,4.16
15800,192.3,192.3,338.66,342.26,4.16
15810,193.4,193.4,338.85,342.45,4.16
15820,194.5,194.5,339.03,342.64,4.16
15830,195.6,196.2,339.22,342.82,4.16
15840,197.5,198.4,339.40,343.00,4.16
15850,199.6,200.5,339.58,343.18,4.16
15860,201.7,202.7,339.76,343.36,4.16
15870,203.9,204.8,339.94,343.54,4.16
15880,206.0,207.0,340.11,343.72,4.16
15890,208.1,208.2,340.29,343.89,4.16
15900,209.8,209.4,340.46,344.06,4.16
15910,211.5,210.6,340.63,344.23,4.16
15920,213.2,211.8,340.80,344.40,4.16
15930,214.9,213.0,340.97,344.57,4.16
15940,216.6,214.2,341.14,344.74,4.17
15950,218.1,215.3,341.31,344.91,4.16
15960,218.4,216.5,341.47,345.07,4.16
15970,218.7,217.6,341.63,345.24,4.16
15980,219.0,218.8,341.80,345.40,4.17
15990,219.4,219.9,341.96,345.57,4.17
16000,219.7,221.2,342.13,345.73,4.17
16010,220.1,223.2,342.29,345.89,4.16
16020,221.5,225.3,342.45,346.05,4.16
16030,223.0,227.4,342.61,346.21,4.16
16040,224.4,229.4,342.77,346.37,4.16
16050,225.9,231.5,342.93,346.53,4.15
16060,227.3,233.5,343.09,346.68,4.15
16070,228.8,235.5,343.25,346.84,4.14
16080,230.8,237.4,343.41,346.99,4.14
16090,232.9,239.4,343.56,347.13,4.14
16100,235.1,241.3,343.71,347.28,4.13
16110,237.2,243.3,343.86,347.43,4.13
16120,239.3,245.2,344.02,347.58,4.13
16130,241.5,247.0,344.17,347.73,4.12
16140,243.5,247.3,344.32,347.88,4.12
16150,245.2,247.6,344.46,348.02,4.12
16160,247.0,247.9,344.61,348.17,4.12
16170,248.7,248.2,344.75,348.31,4.12
16180,250.4,248.5,344.90,348.46,4.12
16190,252.2,248.8,345.04,348.60,4.12
16200,253.9,247.9,345.19,348.75,4.12
16210,253.5,242.5,345.33,348.91,4.13
16220,249.5,237.0,345.48,349.06,4.14
16230,245.5,231.6,345.63,349.22,4.15
16240,241.5,226.1,345.78,349.37,4.15
16250,237.4,220.7,345.93,349.53,4.16
16260,233.4,215.2,346.08,349.68,4.17
16270,229.4,209.8,346.23,349.86,4.19
16280,224.1,204.4,346.39,350.04,4.21
16290,218.1,199.0,346.56,350.22,4.22
16300,212.1,193.5,346.73,350.40,4.23
16310,206.1,188.1,346.90,350.58,4.24
16320,200.1,183.0,347.08,350.77,4.25
16330,194.2,178.9,347.25,350.98,4.29
16340,188.6,174.7,347.44,351.18,4.30
16350,183.2,170.6,347.64,351.39,4.31
16360,177.8,166.4,347.84,351.60,4.32
16370,172.4,163.0,348.04,351.81,4.33
16380,167.0,160.5,348.24,352.04,4.36
16390,164.4,158.0,348.46,352.27,4.36
16400,162.3,155.5,348.69,352.49,4.37
16410,160.3,153.0,348.91,352.72,4.37
16420,158.3,153.9,349.13,352.95,4.38
16430,157.4,154.9,349.36,353.19,4.39
16440,158.5,155.8,349.58,353.42,4.40
16450,159.6,156.7,349.81,353.65,4.40
16460,160.8,156.5,350.03,353.88,4.41
16470,161.9,155.8,350.26,354.11,4.42
16480,163.6,155.1,350.48,354.35,4.43
16490,165.3,154.4,350.69,354.58,4.44
16500,167.0,151.1,350.91,354.82,4.47
16510,168.8,143.7,351.13,355.08,4.51
16520,167.7,136.2,351.35,355.33,4.55
16530,159.7,128.7,351.58,355.59,4.57
16540,151.7,123.6,351.82,355.87,4.61
16550,143.7,120.9,352.05,356.17,4.68
16560,135.8,118.3,352.29,356.47,4.74
16570,131.6,116.3,352.57,356.77,4.76
16580,127.4,118.1,352.85,357.07,4.78
16590,123.2,119.9,353.13,357.37,4.80
16600,121.0,121.7,353.42,357.68,4.82
16610,121.0,125.3,353.72,357.96,4.80
16620,121.0,129.2,354.02,358.24,4.78
16630,121.5,133.2,354.31,358.52,4.77
16640,126.3,137.3,354.59,358.79,4.76
16650,131.0,142.3,354.87,359.03,4.73
16660,135.7,147.2,355.14,359.28,4.70
16670,140.3,152.1,355.41,359.53,4.68
16680,144.7,156.6,355.65,359.77,4.68
16690,149.1,159.2,355.90,359.99,4.65
16700,153.5,161.9,356.14,360.21,4.63
16710,158.0,164.6,356.37,360.43,4.62
16720,162.8,167.2,356.59,360.66,4.63
16730,167.5,160.6,356.80,360.90,4.65
16740,172.3,150.4,357.02,361.14,4.68
16750,177.0,140.1,357.24,361.39,4.71
16760,171.0,129.8,357.46,361.63,4.73
16770,162.1,121.6,357.69,361.92,4.79
16780,153.3,114.8,357.91,362.23,4.88
16790,144.4,107.9,358.14,362.54,4.96
16800,135.6,103.2,358.39,362.88,5.04
16810,126.9,101.4,358.68,363.23,5.11
16820,118.2,99.7,358.97,363.58,5.17
16830,109.5,99.9,359.26,363.94,5.24
16840,105.0,101.3,359.61,364.30,5.25
16850,100.8,102.7,359.96,364.65,5.25
16860,97.1,106.2,360.31,364.99,5.24
16870,98.6,110.2,360.67,365.32,5.20
16880,100.0,114.1,361.04,365.65,5.17
16890,103.1,120.1,361.39,365.94,5.11
16900,109.3,126.7,361.71,366.23,5.07
16910,115.4,133.2,362.04,366.51,5.03
16920,121.8,139.5,362.35,366.79,4.99
16930,128.6,145.0,362.62,367.03,4.96
16940,135.4,150.6,362.90,367.27,4.93
16950,142.2,156.1,363.17,367.51,4.90
16960,147.6,161.5,363.42,367.74,4.89
16970,152.0,166.2,363.65,367.95,4.87
16980,156.4,170.8,363.88,368.16,4.84
16990,160.9,175.4,364.11,368.37,4.82
17000,165.4,180.0,364.34,368.58,4.80
17010,170.1,184.1,364.54,368.78,4.80
17020,174.8,187.3,364.75,368.97,4.78
17030,179.5,190.5,364.96,369.16,4.76
17040,184.2,193.7,365.16,369.35,4.75
17050,188.2,196.9,365.36,369.54,4.74
17060,191.2,199.9,365.54,369.72,4.74
17070,194.1,192.9,365.73,369.92,4.76
17080,197.1,186.0,365.91,370.12,4.77
17090,200.0,179.1,366.10,370.32,4.78
17100,203.0,172.2,366.28,370.51,4.79
17110,194.0,165.3,366.48,370.71,4.79
17120,185.0,160.8,366.68,370.94,4.82
17130,176.1,156.4,366.88,371.17,4.85
17140,167.1,152.0,367.08,371.40,4.89
17150,158.1,147.6,367.28,371.63,4.92
17160,153.2,145.4,367.52,371.88,4.92
17170,148.3,144.4,367.76,372.13,4.93
17180,143.5,143.4,368.01,372.38,4.93
17190,138.6,142.4,368.25,372.63,4.94
17200,138.2,143.1,368.51,372.88,4.93
17210,138.5,144.8,368.77,373.12,4.92
17220,138.7,146.6,369.03,373.37,4.90
17230,139.1,148.3,369.29,373.62,4.89
17240,142.5,150.5,369.53,373.86,4.88
17250,146.0,153.1,369.78,374.09,4.87
17260,149.5,155.6,370.03,374.32,4.86
17270,152.9,158.2,370.27,374.56,4.84
17280,156.3,159.7,370.50,374.79,4.85
17290,159.6,158.8,370.72,375.02,4.85
17300,163.0,157.9,370.95,375.24,4.86
17310,166.4,157.0,371.17,375.47,4.86
17320,166.4,156.1,371.39,375.70,4.86
17330,163.3,155.8,371.62,375.93,4.87
17340,160.1,155.6,371.84,376.16,4.88
17350,157.0,155.3,372.07,376.39,4.89
17360,154.0,155.1,372.29,376.63,4.90
17370,153.5,154.3,372.53,376.86,4.89
17380,153.0,153.1,372.76,377.10,4.90
17390,152.6,151.9,373.00,377.33,4.90
17400,152.1,150.8,373.23,377.57,4.90
17410,152.9,150.9,373.46,377.80,4.90
17420,154.1,153.4,373.70,378.03,4.90
17430,155.3,156.0,373.93,378.27,4.89
17440,156.4,158.5,374.16,378.50,4.89
17450,157.7,161.1,374.39,378.73,4.89
17460,159.0,165.4,374.62,378.94,4.88
17470,160.4,169.6,374.84,379.15,4.87
17480,161.7,173.8,375.07,379.36,4.85
17490,163.2,178.0,375.29,379.57,4.84
17500,167.0,181.9,375.50,379.77,4.83
17510,170.7,185.2,375.71,379.96,4.81
17520,174.5,188.4,375.92,380.15,4.79
17530,178.3,191.6,376.13,380.34,4.78
17540,181.9,194.8,376.33,380.53,4.76
17550,185.4,198.0,376.52,380.72,4.76
17560,188.8,200.3,376.71,380.90,4.75
17570,192.2,202.6,376.90,381.08,4.73
17580,195.6,204.9,377.09,381.25,4.72
17590,199.0,207.2,377.28,381.43,4.71
17600,202.6,209.5,377.45,381.60,4.71
17610,206.2,211.8,377.62,381.78,4.71
17620,209.8,214.3,377.80,381.94,4.71
17630,213.4,216.8,377.97,382.11,4.70
17640,217.0,219.3,378.14,382.27,4.69
17650,220.8,221.7,378.31,382.44,4.69
17660,224.9,224.2,378.46,382.60,4.70
17670,229.1,226.6,378.62,382.76,4.71
17680,233.2,228.8,378.77,382.92,4.71
17690,237.4,230.9,378.92,383.07,4.71
17700,241.6,233.1,379.08,383.23,4.71
17710,245.7,235.2,379.23,383.38,4.71
17720,249.0,237.4,379.38,383.53,4.72
17730,252.0,239.6,379.52,383.69,4.73
17740,254.9,241.3,379.66,383.84,4.74
17750,257.8,242.9,379.80,383.98,4.75
17760,260.8,244.5,379.94,384.13,4.75
17770,263.7,246.1,380.08,384.28,4.76
17780,266.7,247.7,380.22,384.42,4.77
17790,269.4,249.4,380.35,384.57,4.78
17800,272.0,251.0,380.48,384.72,4.80
17810,274.6,252.6,380.61,384.86,4.81
17820,277.2,254.3,380.74,385.00,4.82
17830,279.8,256.0,380.87,385.14,4.83
17840,282.4,257.7,381.00,385.28,4.84
17850,284.9,259.4,381.13,385.42,4.85
17860,287.5,261.1,381.26,385.56,4.86
17870,289.9,262.7,381.38,385.70,4.88
17880,292.2,264.2,381.50,385.83,4.89
17890,294.5,265.7,381.62,385.97,4.91
17900,296.8,267.2,381.74,386.10,4.92
17910,299.1,268.7,381.86,386.23,4.93
17920,301.4,270.1,381.98,386.37,4.94
17930,303.7,271.6,382.11,386.50,4.96
17940,306.0,273.1,382.23,386.64,4.97
17950,308.1,274.5,382.34,386.77,4.99
17960,310.0,275.8,382.46,386.90,5.00
17970,312.0,277.1,382.57,387.03,5.02
17980,313.9,278.4,382.69,387.16,5.03
17990,315.8,279.7,382.80,387.29,5.05
18000,317.8,280.9,382.91,387.41,5.06
18010,319.7,282.2,383.03,387.54,5.08
18020,321.7,283.5,383.14,387.67,5.09
18030,323.6,284.6,383.26,387.80,5.10
18040,325.4,285.6,383.37,387.92,5.12
18050,327.1,286.6,383.47,388.05,5.13
18060,328.8,287.6,383.58,388.17,5.15
18070,330.6,288.6,383.69,388.30,5.17
18080,332.3,289.6,383.80,388.42,5.18
18090,334.0,290.6,383.91,388.55,5.20
18100,335.8,291.6,384.02,388.67,5.22
18110,337.5,292.6,384.12,388.80,5.23
18120,339.3,293.6,384.23,388.92,5.25
18130,340.3,294.6,384.34,389.04,5.26
18140,340.8,295.5,384.44,389.16,5.28
18150,341.4,296.5,384.55,389.28,5.29
18160,341.9,297.5,384.66,389.41,5.31
18170,342.4,298.5,384.76,389.53,5.33
18180,342.9,299.4,384.87,389.65,5.34
18190,343.5,300.3,384.97,389.77,5.36
18200,344.0,301.0,385.08,389.89,5.37
18210,344.5,301.7,385.18,390.01,5.39
18220,345.0,302.4,385.29,390.13,5.40
18230,345.0,303.1,385.39,390.24,5.41
18240,345.0,303.9,385.49,390.36,5.43
18250,345.0,304.6,385.60,390.48,5.44
18260,345.0,305.3,385.70,390.60,5.46
18270,345.0,306.0,385.81,390.72,5.47
18280,345.0,306.8,385.91,390.84,5.48
18290,345.0,307.6,386.02,390.95,5.50
18300,345.0,308.4,386.12,391.07,5.51
18310,345.0,309.3,386.22,391.18,5.52
18320,345.1,310.1,386.33,391.30,5.53
18330,345.5,310.9,386.43,391.42,5.54
18340,345.8,311.7,386.54,391.53,5.56
18350,346.1,312.5,386.64,391.65,5.57
18360,346.4,313.2,386.74,391.77,5.58
18370,346.7,313.8,386.85,391.88,5.59
18380,347.0,314.4,386.95,391.99,5.60
18390,347.3,314.9,387.06,392.11,5.61
18400,347.6,315.5,387.16,392.22,5.62
18410,348.0,316.1,387.26,392.34,5.63
18420,348.0,316.6,387.37,392.45,5.64
18430,348.0,317.2,387.47,392.56,5.65
18440,348.0,317.8,387.57,392.68,5.66
18450,348.0,318.4,387.68,392.79,5.67
18460,348.0,318.9,387.78,392.90,5.68
18470,348.0,319.5,387.88,393.02,5.69
18480,348.0,320.0,387.99,393.13,5.70
18490,348.0,320.6,388.09,393.24,5.71
18500,348.0,321.2,388.20,393.35,5.72
18510,348.0,321.7,388.30,393.46,5.73
18520,348.0,322.3,388.40,393.58,5.74
18530,348.0,322.8,388.51,393.69,5.74
18540,348.0,323.4,388.61,393.80,5.75
18550,348.0,324.0,388.71,393.91,5.76
18560,348.0,324.5,388.82,394.02,5.77
18570,348.0,325.1,388.92,394.13,5.77
18580,348.0,325.6,389.02,394.24,5.78
18590,348.0,326.2,389.13,394.35,5.79
18600,348.0,326.7,389.23,394.46,5.79
18610,348.0,327.3,389.33,394.57,5.80
18620,348.0,327.8,389.44,394.69,5.81
18630,348.0,328.3,389.54,394.80,5.82
18640,348.0,328.7,389.64,394.90,5.82
18650,348.0,329.2,389.75,395.01,5.83
18660,348.0,329.6,389.85,395.12,5.83
18670,348.0,330.0,389.95,395.23,5.84
18680,348.0,330.5,390.06,395.34,5.84
18690,348.0,330.9,390.16,395.45,5.85
18700,348.0,331.4,390.26,395.56,5.85
18710,348.1,331.8,390.37,395.67,5.86
18720,348.2,332.2,390.47,395.78,5.87
18730,348.3,332.7,390.57,395.88,5.87
18740,348.4,333.1,390.68,395.99,5.87
18750,348.5,333.5,390.78,396.10,5.88
18760,348.6,333.9,390.88,396.21,5.88
18770,348.7,334.4,390.99,396.32,5.89
18780,348.8,334.8,391.09,396.42,5.89
18790,348.9,335.2,391.19,396.53,5.90
18800,349.0,335.7,391.30,396.64,5.90
18810,349.0,336.1,391.40,396.75,5.91
18820,349.0,336.3,391.50,396.85,5.91
18830,349.0,336.5,391.61,396.96,5.91
18840,349.0,336.7,391.71,397.07,5.92
18850,349.0,336.9,391.81,397.17,5.92
18860,349.0,337.1,391.92,397.28,5.92
18870,349.0,337.3,392.02,397.39,5.93
18880,349.0,337.5,392.12,397.49,5.93
18890,349.0,337.8,392.23,397.60,5.94
18900,349.0,338.0,392.33,397.71,5.94
18910,349.0,338.2,392.43,397.81,5.94
18920,349.0,338.4,392.54,397.92,5.94
18930,349.0,338.6,392.64,398.03,5.95
18940,349.0,338.8,392.74,398.13,5.95
18950,349.0,339.0,392.84,398.24,5.95
18960,349.0,339.2,392.95,398.34,5.96
18970,349.0,339.5,393.05,398.45,5.96
18980,349.0,339.7,393.15,398.56,5.96
18990,349.0,339.9,393.26,398.66,5.97
19000,348.9,340.0,393.36,398.77,5.97
19010,348.8,340.2,393.46,398.87,5.97
19020,348.7,340.3,393.57,398.98,5.97
19030,348.6,340.4,393.67,399.09,5.98
19040,348.5,340.5,393.77,399.19,5.98
19050,348.4,340.6,393.88,399.30,5.98
19060,348.3,340.7,393.98,399.40,5.98
19070,348.2,340.8,394.08,399.51,5.99
19080,348.1,340.9,394.19,399.62,5.99
19090,348.0,341.0,394.29,399.72,5.99
19100,347.9,341.3,394.39,399.83,5.99
19110,347.8,341.6,394.50,399.93,5.99
19120,347.7,341.9,394.60,400.04,6.00
19130,347.6,342.3,394.70,400.14,6.00
19140,347.5,342.6,394.81,400.25,6.00
19150,347.4,342.9,394.91,400.35,6.00
19160,347.3,343.2,395.02,400.46,6.00
19170,347.2,343.5,395.12,400.56,6.00
19180,347.1,343.8,395.22,400.67,6.00
19190,347.0,344.1,395.33,400.77,6.01
19200,347.0,344.3,395.43,400.88,6.01
19210,347.0,344.5,395.53,400.98,6.01
19220,347.0,344.7,395.64,401.08,6.01
19230,347.0,344.9,395.74,401.19,6.01
19240,347.0,345.1,395.84,401.29,6.01
19250,347.0,345.4,395.95,401.40,6.01
19260,347.0,345.6,396.05,401.50,6.01
19270,347.0,345.8,396.16,401.61,6.01
19280,347.0,346.0,396.26,401.71,6.01
19290,346.3,345.5,396.36,401.82,6.01
19300,345.5,345.0,396.47,401.92,6.01
19310,344.6,344.5,396.57,402.03,6.01
19320,343.8,344.0,396.68,402.13,6.01
19330,343.0,343.4,396.78,402.23,6.01
19340,342.1,342.9,396.89,402.34,6.01
19350,341.3,342.4,396.99,402.44,6.01
19360,340.4,341.9,397.10,402.55,6.01
19370,339.6,341.3,397.20,402.65,6.01
19380,338.4,340.6,397.31,402.76,6.01
19390,336.1,339.7,397.42,402.87,6.01
19400,333.8,338.7,397.53,402.97,6.00
19410,331.5,337.8,397.64,403.08,6.00
19420,329.2,336.8,397.75,403.19,6.00
19430,326.9,335.8,397.86,403.29,6.00
19440,324.6,334.9,397.97,403.40,5.99
19450,322.3,333.9,398.08,403.51,5.99
19460,319.9,332.9,398.19,403.62,5.99
19470,317.8,332.0,398.30,403.72,5.98
19480,316.1,331.0,398.41,403.83,5.98
19490,314.5,330.0,398.53,403.94,5.97
19500,312.9,329.0,398.64,404.05,5.97
19510,311.3,328.0,398.76,404.16,5.96
19520,309.6,327.0,398.88,404.27,5.96
19530,308.0,326.0,398.99,404.38,5.95
19540,306.4,325.1,399.11,404.49,5.94
19550,304.8,324.1,399.22,404.60,5.94
19560,304.0,323.1,399.34,404.71,5.93
19570,304.0,322.6,399.46,404.82,5.92
19580,304.0,322.1,399.58,404.94,5.92
19590,304.0,321.7,399.70,405.05,5.91
19600,304.0,321.2,399.81,405.16,5.91
19610,304.0,320.8,399.93,405.27,5.90
19620,304.0,320.3,400.05,405.38,5.89
19630,304.0,319.9,400.17,405.50,5.89
19640,304.0,319.4,400.29,405.61,5.88
19650,303.9,319.0,400.41,405.72,5.87
19660,303.8,318.7,400.53,405.83,5.87
19670,303.6,318.3,400.64,405.95,5.86
19680,303.5,318.0,400.76,406.06,5.86
19690,303.4,317.6,400.88,406.17,5.85
19700,303.3,317.3,401.00,406.29,5.85
19710,303.2,317.0,401.12,406.40,5.84
19720,303.0,316.6,401.24,406.51,5.84
19730,303.4,316.3,401.36,406.63,5.83
19740,304.0,316.1,401.47,406.74,5.83
19750,304.6,316.7,401.59,406.85,5.82
19760,305.1,317.2,401.71,406.97,5.82
19770,305.7,317.8,401.83,407.08,5.81
19780,306.3,318.4,401.94,407.19,5.81
19790,306.9,318.9,402.06,407.31,5.80
19800,307.5,319.5,402.18,407.42,5.80
19810,308.1,320.1,402.30,407.53,5.79
19820,308.4,320.6,402.41,407.65,5.79
19830,308.8,320.4,402.53,407.76,5.79
19840,309.1,318.7,402.65,407.87,5.79
19850,309.4,317.0,402.76,407.99,5.79
19860,309.8,315.2,402.88,408.10,5.78
19870,310.1,313.5,403.00,408.22,5.78
19880,310.5,311.8,403.11,408.33,5.78
19890,310.8,310.1,403.23,408.45,5.78
19900,308.8,308.4,403.35,408.56,5.78
19910,304.7,306.6,403.47,408.68,5.77
19920,300.7,303.5,403.59,408.80,5.77
19930,296.7,299.5,403.71,408.92,5.77
19940,292.6,295.5,403.84,409.05,5.77
19950,288.6,291.6,403.96,409.17,5.77
19960,284.6,287.6,404.08,409.30,5.77
19970,280.5,283.6,404.20,409.42,5.78
19980,276.7,279.7,404.33,409.54,5.77
19990,273.1,275.7,404.47,409.67,5.76
20000,269.6,272.8,404.60,409.80,5.76
20010,266.1,270.8,404.74,409.93,5.75
20020,262.5,268.8,404.87,410.07,5.75
20030,259.0,266.8,405.01,410.20,5.75
20040,255.5,264.7,405.15,410.34,5.75
20050,252.0,262.7,405.28,410.47,5.75
20060,250.5,260.7,405.43,410.61,5.74
20070,249.1,258.3,405.57,410.75,5.73
20080,247.6,254.5,405.72,410.89,5.73
20090,246.1,250.7,405.87,411.04,5.73
20100,244.7,246.9,406.01,411.18,5.73
20110,243.2,243.1,406.16,411.33,5.73
20120,241.7,239.3,406.30,411.48,5.73
20130,239.9,235.5,406.46,411.62,5.73
20140,238.1,232.5,406.61,411.77,5.73
20150,236.2,230.9,406.76,411.93,5.73
20160,234.4,229.3,406.91,412.09,5.74
20170,232.6,227.7,407.07,412.25,5.74
20180,230.7,226.1,407.22,412.41,5.75
20190,230.2,224.6,407.37,412.56,5.75
20200,230.5,223.0,407.53,412.72,5.75
20210,230.8,219.9,407.68,412.89,5.76
20220,231.1,216.9,407.84,413.06,5.78
20230,231.4,213.9,408.00,413.23,5.79
20240,231.7,210.9,408.15,413.39,5.80
20250,231.0,207.8,408.31,413.56,5.81
20260,225.5,204.6,408.48,413.73,5.81
20270,220.0,197.9,408.64,413.92,5.84
20280,214.5,191.1,408.81,414.12,5.86
20290,209.0,184.4,408.98,414.31,5.89
20300,203.4,177.7,409.15,414.50,5.91
20310,197.5,171.0,409.32,414.69,5.93
20320,189.9,163.4,409.52,414.92,5.96
20330,182.3,155.6,409.72,415.15,6.00
20340,174.7,147.9,409.92,415.39,6.03
20350,167.1,140.2,410.12,415.62,6.07
20360,159.5,132.5,410.33,415.89,6.12
20370,151.5,125.0,410.58,416.18,6.17
20380,143.6,117.4,410.82,416.47,6.21
20390,135.6,109.8,411.07,416.77,6.26
20400,127.3,101.9,411.33,417.13,6.36
20410,117.1,94.0,411.65,417.49,6.40
20420,106.9,89.0,411.97,417.87,6.46
20430,96.9,89.0,412.29,418.27,6.54
20440,92.6,89.0,412.68,418.68,6.55
20450,88.2,95.5,413.08,419.05,6.53
20460,87.6,102.8,413.47,419.41,6.50
20470,90.8,108.9,413.87,419.77,6.45
20480,94.0,108.2,414.27,420.10,6.39
20490,101.1,107.6,414.62,420.44,6.38
20500,108.4,107.4,414.96,420.77,6.36
20510,115.0,110.3,415.31,421.09,6.34
20520,115.0,113.2,415.62,421.41,6.35
20530,115.0,115.6,415.93,421.74,6.36
20540,115.0,106.9,416.25,422.08,6.40
20550,112.7,98.2,416.57,422.43,6.42
20560,110.1,90.5,416.89,422.79,6.46
20570,107.5,87.6,417.22,423.20,6.55
20580,98.6,84.7,417.59,423.61,6.58
20590,88.2,86.7,417.98,424.02,6.61
