filename,time,speed
Xiaomi SU7 Ultra20260819_145057.069.jpg,00:00.72,119
Xiaomi SU7 Ultra20260819_145058.067.jpg,00:01.72,153
Xiaomi SU7 Ultra20260819_145059.067.jpg,00:02.72,158
Xiaomi SU7 Ultra20260819_145100.065.jpg,00:03.72,138
Xiaomi SU7 Ultra20260819_145101.066.jpg,00:04.72,111
Xiaomi SU7 Ultra20260819_145102.067.jpg,00:05.72,90
Xiaomi SU7 Ultra20260819_145103.069.jpg,00:06.72,81
Xiaomi SU7 Ultra20260819_145104.066.jpg,00:07.72,86
Xiaomi SU7 Ultra20260819_145105.065.jpg,00:08.72,100
Xiaomi SU7 Ultra20260819_145106.069.jpg,00:09.72,125
Xiaomi SU7 Ultra20260819_145107.064.jpg,00:10.72,159
Xiaomi SU7 Ultra20260819_145108.065.jpg,00:11.72,174
Xiaomi SU7 Ultra20260819_145109.068.jpg,00:12.72,185
Xiaomi SU7 Ultra20260819_145110.067.jpg,00:13.72,179
Xiaomi SU7 Ultra20260819_145111.066.jpg,00:14.72,160
Xiaomi SU7 Ultra20260819_145112.065.jpg,00:15.72,152
Xiaomi SU7 Ultra20260819_145113.068.jpg,00:16.72,167
Xiaomi SU7 Ultra20260819_145114.065.jpg,00:17.72,189
Xiaomi SU7 Ultra20260819_145115.066.jpg,00:18.72,205
Xiaomi SU7 Ultra20260819_145116.066.jpg,00:19.72,204
Xiaomi SU7 Ultra20260819_145117.065.jpg,00:20.72,202
Xiaomi SU7 Ultra20260819_145118.068.jpg,00:21.72,170
Xiaomi SU7 Ultra20260819_145119.065.jpg,00:22.72,143
Xiaomi SU7 Ultra20260819_145120.065.jpg,00:23.72,128
Xiaomi SU7 Ultra20260819_145121.072.jpg,00:24.5,113
Xiaomi SU7 Ultra20260819_145122.062.jpg,00:25.72,105
Xiaomi SU7 Ultra20260819_145123.064.jpg,00:26.72,119
Xiaomi SU7 Ultra20260819_145124.065.jpg,00:27.72,140
Xiaomi SU7 Ultra20260819_145125.065.jpg,00:28.72,153
Xiaomi SU7 Ultra20260819_145126.067.jpg,00:29.72,139
Xiaomi SU7 Ultra20260819_145127.068.jpg,00:30.72,118
Xiaomi SU7 Ultra20260819_145128.074.jpg,00:31.72,113
Xiaomi SU7 Ultra20260819_145129.065.jpg,00:32.72,112
Xiaomi SU7 Ultra20260819_145130.066.jpg,00:33.72,108
Xiaomi SU7 Ultra20260819_145131.071.jpg,00:34.72,124
Xiaomi SU7 Ultra20260819_145132.072.jpg,00:35.72,147
Xiaomi SU7 Ultra20260819_145133.067.jpg,00:36.72,138
Xiaomi SU7 Ultra20260819_145134.073.jpg,00:37.72,107
Xiaomi SU7 Ultra20260819_145135.064.jpg,00:38.72,99
Xiaomi SU7 Ultra20260819_145136.076.jpg,00:39.72,100
Xiaomi SU7 Ultra20260819_145137.065.jpg,00:40.72,113
Xiaomi SU7 Ultra20260819_145138.065.jpg,00:41.72,129
Xiaomi SU7 Ultra20260819_145139.065.jpg,00:42.72,152
Xiaomi SU7 Ultra20260819_145140.065.jpg,00:43.72,177
Xiaomi SU7 Ultra20260819_145141.066.jpg,00:44.72,204
Xiaomi SU7 Ultra20260819_145142.066.jpg,00:45.72,226
Xiaomi SU7 Ultra20260819_145143.066.jpg,00:46.72,245
Xiaomi SU7 Ultra20260819_145144.069.jpg,00:47.72,253
Xiaomi SU7 Ultra20260819_145145.069.jpg,00:48.72,265
Xiaomi SU7 Ultra20260819_145146.068.jpg,00:49.72,278
Xiaomi SU7 Ultra20260819_145147.068.jpg,00:50.72,236
Xiaomi SU7 Ultra20260819_145148.068.jpg,00:51.72,214
Xiaomi SU7 Ultra20260819_145149.068.jpg,00:52.72,188
Xiaomi SU7 Ultra20260819_145150.069.jpg,00:53.72,171
Xiaomi SU7 Ultra20260819_145151.068.jpg,00:54.72,177
Xiaomi SU7 Ultra20260819_145152.068.jpg,00:55.72,187
Xiaomi SU7 Ultra20260819_145153.064.jpg,00:56.72,193
Xiaomi SU7 Ultra20260819_145154.065.jpg,00:57.72,208
Xiaomi SU7 Ultra20260819_145155.064.jpg,00:58.72,226
Xiaomi SU7 Ultra20260819_145156.063.jpg,00:59.72,239
Xiaomi SU7 Ultra20260819_145157.066.jpg,01:00.72,254
Xiaomi SU7 Ultra20260819_145158.069.jpg,01:01.72,267
Xiaomi SU7 Ultra20260819_145159.064.jpg,01:02.72,277
Xiaomi SU7 Ultra20260819_145200.064.jpg,01:03.72,289
Xiaomi SU7 Ultra20260819_145201.046.jpg,01:04.6,298
Xiaomi SU7 Ultra20260819_145202.063.jpg,01:05.72,310
Xiaomi SU7 Ultra20260819_145203.064.jpg,01:06.72,312
Xiaomi SU7 Ultra20260819_145204.064.jpg,01:07.72,281
Xiaomi SU7 Ultra20260819_145205.065.jpg,01:08.72,271
Xiaomi SU7 Ultra20260819_145206.065.jpg,01:09.72,234
Xiaomi SU7 Ultra20260819_145207.064.jpg,01:10.72,211
Xiaomi SU7 Ultra20260819_145208.065.jpg,01:11.72,204
Xiaomi SU7 Ultra20260819_145209.064.jpg,01:12.72,206
Xiaomi SU7 Ultra20260819_145210.063.jpg,01:13.72,213
Xiaomi SU7 Ultra20260819_145211.067.jpg,01:14.72,212
Xiaomi SU7 Ultra20260819_145212.066.jpg,01:15.72,170
Xiaomi SU7 Ultra20260819_145213.067.jpg,01:16.72,132
Xiaomi SU7 Ultra20260819_145214.068.jpg,01:17.72,110
Xiaomi SU7 Ultra20260819_145215.068.jpg,01:18.72,100
Xiaomi SU7 Ultra20260819_145216.069.jpg,01:19.72,99
Xiaomi SU7 Ultra20260819_145217.068.jpg,01:20.72,113
Xiaomi SU7 Ultra20260819_145218.069.jpg,01:21.72,133
Xiaomi SU7 Ultra20260819_145219.069.jpg,01:22.72,156
Xiaomi SU7 Ultra20260819_145220.069.jpg,01:23.72,181
Xiaomi SU7 Ultra20260819_145221.068.jpg,01:24.72,209
Xiaomi SU7 Ultra20260819_145222.068.jpg,01:25.72,224
Xiaomi SU7 Ultra20260819_145223.068.jpg,01:26.72,241
Xiaomi SU7 Ultra20260819_145224.067.jpg,01:27.72,252
Xiaomi SU7 Ultra20260819_145225.068.jpg,01:28.72,268
Xiaomi SU7 Ultra20260819_145226.068.jpg,01:29.72,281
Xiaomi SU7 Ultra20260819_145227.068.jpg,01:30.72,275
Xiaomi SU7 Ultra20260819_145228.070.jpg,01:31.72,251
Xiaomi SU7 Ultra20260819_145229.065.jpg,01:32.72,238
Xiaomi SU7 Ultra20260819_145230.067.jpg,01:33.72,240
Xiaomi SU7 Ultra20260819_145231.071.jpg,01:34.72,236
Xiaomi SU7 Ultra20260819_145232.066.jpg,01:35.72,202
Xiaomi SU7 Ultra20260819_145233.072.jpg,01:36.72,175
Xiaomi SU7 Ultra20260819_145234.069.jpg,01:37.72,173
Xiaomi SU7 Ultra20260819_145235.067.jpg,01:38.72,163
Xiaomi SU7 Ultra20260819_145236.069.jpg,01:39.72,134
Xiaomi SU7 Ultra20260819_145237.068.jpg,01:40.72,125
Xiaomi SU7 Ultra20260819_145238.075.jpg,01:41.72,132
Xiaomi SU7 Ultra20260819_145239.068.jpg,01:42.72,120
Xiaomi SU7 Ultra20260819_145240.076.jpg,01:43.72,95
Xiaomi SU7 Ultra20260819_145241.075.jpg,01:44.72,85
Xiaomi SU7 Ultra20260819_145242.072.jpg,01:45.72,77
Xiaomi SU7 Ultra20260819_145243.073.jpg,01:46.72,93
Xiaomi SU7 Ultra20260819_145244.068.jpg,01:47.72,90
Xiaomi SU7 Ultra20260819_145245.071.jpg,01:48.72,96
Xiaomi SU7 Ultra20260819_145246.069.jpg,01:49.72,121
Xiaomi SU7 Ultra20260819_145247.068.jpg,01:50.72,152
Xiaomi SU7 Ultra20260819_145248.070.jpg,01:51.72,181
Xiaomi SU7 Ultra20260819_145249.070.jpg,01:52.72,205
Xiaomi SU7 Ultra20260819_145250.072.jpg,01:53.72,225
Xiaomi SU7 Ultra20260819_145251.073.jpg,01:54.72,242
Xiaomi SU7 Ultra20260819_145252.072.jpg,01:55.72,256
Xiaomi SU7 Ultra20260819_145253.075.jpg,01:56.72,248
Xiaomi SU7 Ultra20260819_145254.077.jpg,01:57.72,219
Xiaomi SU7 Ultra20260819_145255.077.jpg,01:58.72,194
Xiaomi SU7 Ultra20260819_145256.075.jpg,01:59.72,173
Xiaomi SU7 Ultra20260819_145257.075.jpg,02:00.72,170
Xiaomi SU7 Ultra20260819_145258.076.jpg,02:01.72,176
Xiaomi SU7 Ultra20260819_145259.079.jpg,02:02.72,188
Xiaomi SU7 Ultra20260819_145300.079.jpg,02:03.72,168
Xiaomi SU7 Ultra20260819_145301.079.jpg,02:04.72,125
Xiaomi SU7 Ultra20260819_145302.070.jpg,02:05.72,107
Xiaomi SU7 Ultra20260819_145303.071.jpg,02:06.72,108
Xiaomi SU7 Ultra20260819_145304.072.jpg,02:07.72,121
Xiaomi SU7 Ultra20260819_145305.076.jpg,02:08.72,134
Xiaomi SU7 Ultra20260819_145306.071.jpg,02:09.72,153
Xiaomi SU7 Ultra20260819_145307.071.jpg,02:10.72,168
Xiaomi SU7 Ultra20260819_145308.073.jpg,02:11.72,134
Xiaomi SU7 Ultra20260819_145309.075.jpg,02:12.72,106
Xiaomi SU7 Ultra20260819_145310.071.jpg,02:13.72,94
Xiaomi SU7 Ultra20260819_145311.068.jpg,02:14.72,92
Xiaomi SU7 Ultra20260819_145312.067.jpg,02:15.72,109
Xiaomi SU7 Ultra20260819_145313.068.jpg,02:16.72,131
Xiaomi SU7 Ultra20260819_145314.068.jpg,02:17.72,161
Xiaomi SU7 Ultra20260819_145315.069.jpg,02:18.72,176
Xiaomi SU7 Ultra20260819_145316.068.jpg,02:19.72,158
Xiaomi SU7 Ultra20260819_145317.068.jpg,02:20.72,153
Xiaomi SU7 Ultra20260819_145318.067.jpg,02:21.72,161
Xiaomi SU7 Ultra20260819_145319.069.jpg,02:22.72,181
Xiaomi SU7 Ultra20260819_145320.069.jpg,02:23.72,175
Xiaomi SU7 Ultra20260819_145321.068.jpg,02:24.72,155
Xiaomi SU7 Ultra20260819_145322.069.jpg,02:25.72,143
Xiaomi SU7 Ultra20260819_145323.068.jpg,02:26.72,140
Xiaomi SU7 Ultra20260819_145324.069.jpg,02:27.72,149
Xiaomi SU7 Ultra20260819_145325.068.jpg,02:28.72,163
Xiaomi SU7 Ultra20260819_145326.069.jpg,02:29.72,174
Xiaomi SU7 Ultra20260819_145327.068.jpg,02:30.72,191
Xiaomi SU7 Ultra20260819_145328.070.jpg,02:31.72,181
Xiaomi SU7 Ultra20260819_145329.069.jpg,02:32.72,144
Xiaomi SU7 Ultra20260819_145330.068.jpg,02:33.72,127
Xiaomi SU7 Ultra20260819_145331.069.jpg,02:34.72,109
Xiaomi SU7 Ultra20260819_145332.068.jpg,02:35.72,88
Xiaomi SU7 Ultra20260819_145333.069.jpg,02:36.72,72
Xiaomi SU7 Ultra20260819_145334.069.jpg,02:37.72,73
Xiaomi SU7 Ultra20260819_145335.069.jpg,02:38.72,90
Xiaomi SU7 Ultra20260819_145336.069.jpg,02:39.72,110
Xiaomi SU7 Ultra20260819_145337.069.jpg,02:40.72,121
Xiaomi SU7 Ultra20260819_145338.070.jpg,02:41.72,145
Xiaomi SU7 Ultra20260819_145339.069.jpg,02:42.72,172
Xiaomi SU7 Ultra20260819_145340.069.jpg,02:43.72,197
Xiaomi SU7 Ultra20260819_145341.070.jpg,02:44.72,204
Xiaomi SU7 Ultra20260819_145342.069.jpg,02:45.72,194
Xiaomi SU7 Ultra20260819_145343.068.jpg,02:46.72,167
Xiaomi SU7 Ultra20260819_145344.070.jpg,02:47.72,132
Xiaomi SU7 Ultra20260819_145345.075.jpg,02:48.72,115
Xiaomi SU7 Ultra20260819_145346.068.jpg,02:49.72,109
Xiaomi SU7 Ultra20260819_145347.070.jpg,02:50.72,116
Xiaomi SU7 Ultra20260819_145348.069.jpg,02:51.72,130
Xiaomi SU7 Ultra20260819_145349.072.jpg,02:52.72,148
Xiaomi SU7 Ultra20260819_145350.068.jpg,02:53.72,144
Xiaomi SU7 Ultra20260819_145351.072.jpg,02:54.72,117
Xiaomi SU7 Ultra20260819_145352.068.jpg,02:55.72,109
Xiaomi SU7 Ultra20260819_145353.068.jpg,02:56.72,120
Xiaomi SU7 Ultra20260819_145354.068.jpg,02:57.72,140
Xiaomi SU7 Ultra20260819_145355.070.jpg,02:58.72,167
Xiaomi SU7 Ultra20260819_145356.068.jpg,02:59.72,189
Xiaomi SU7 Ultra20260819_145357.068.jpg,03:00.72,211
Xiaomi SU7 Ultra20260819_145358.070.jpg,03:01.72,228
Xiaomi SU7 Ultra20260819_145359.068.jpg,03:02.72,242
Xiaomi SU7 Ultra20260819_145400.068.jpg,03:03.72,236
Xiaomi SU7 Ultra20260819_145401.068.jpg,03:04.72,220
Xiaomi SU7 Ultra20260819_145402.069.jpg,03:05.72,217
Xiaomi SU7 Ultra20260819_145403.070.jpg,03:06.72,219
Xiaomi SU7 Ultra20260819_145404.068.jpg,03:07.72,188
Xiaomi SU7 Ultra20260819_145405.068.jpg,03:08.72,152
Xiaomi SU7 Ultra20260819_145406.069.jpg,03:09.72,125
Xiaomi SU7 Ultra20260819_145407.066.jpg,03:10.72,110
Xiaomi SU7 Ultra20260819_145408.069.jpg,03:11.72,107
Xiaomi SU7 Ultra20260819_145409.067.jpg,03:12.72,110
Xiaomi SU7 Ultra20260819_145410.069.jpg,03:13.72,130
Xiaomi SU7 Ultra20260819_145411.068.jpg,03:14.72,145
Xiaomi SU7 Ultra20260819_145412.069.jpg,03:15.72,165
Xiaomi SU7 Ultra20260819_145413.068.jpg,03:16.72,187
Xiaomi SU7 Ultra20260819_145414.069.jpg,03:17.72,206
Xiaomi SU7 Ultra20260819_145415.068.jpg,03:18.72,221
Xiaomi SU7 Ultra20260819_145416.069.jpg,03:19.72,222
Xiaomi SU7 Ultra20260819_145417.067.jpg,03:20.72,217
Xiaomi SU7 Ultra20260819_145418.068.jpg,03:21.72,217
Xiaomi SU7 Ultra20260819_145419.068.jpg,03:22.72,226
Xiaomi SU7 Ultra20260819_145420.069.jpg,03:23.72,238
Xiaomi SU7 Ultra20260819_145421.068.jpg,03:24.72,247
Xiaomi SU7 Ultra20260819_145422.068.jpg,03:25.72,246
Xiaomi SU7 Ultra20260819_145423.068.jpg,03:26.72,243
Xiaomi SU7 Ultra20260819_145424.068.jpg,03:27.72,238
Xiaomi SU7 Ultra20260819_145425.071.jpg,03:28.72,243
Xiaomi SU7 Ultra20260819_145426.068.jpg,03:29.72,252
Xiaomi SU7 Ultra20260819_145427.075.jpg,03:30.72,263
Xiaomi SU7 Ultra20260819_145428.069.jpg,03:31.72,272
Xiaomi SU7 Ultra20260819_145429.068.jpg,03:32.72,279
Xiaomi SU7 Ultra20260819_145430.069.jpg,03:33.72,287
Xiaomi SU7 Ultra20260819_145431.070.jpg,03:34.72,274
Xiaomi SU7 Ultra20260819_145432.070.jpg,03:35.72,259
Xiaomi SU7 Ultra20260819_145433.068.jpg,03:36.72,255
Xiaomi SU7 Ultra20260819_145434.069.jpg,03:37.72,254
Xiaomi SU7 Ultra20260819_145435.068.jpg,03:38.72,260
Xiaomi SU7 Ultra20260819_145436.066.jpg,03:39.72,230
Xiaomi SU7 Ultra20260819_145437.066.jpg,03:40.72,198
Xiaomi SU7 Ultra20260819_145438.068.jpg,03:41.72,183
Xiaomi SU7 Ultra20260819_145439.065.jpg,03:42.72,178
Xiaomi SU7 Ultra20260819_145440.066.jpg,03:43.72,186
Xiaomi SU7 Ultra20260819_145441.070.jpg,03:44.72,199
Xiaomi SU7 Ultra20260819_145442.066.jpg,03:45.72,211
Xiaomi SU7 Ultra20260819_145443.071.jpg,03:46.72,227
Xiaomi SU7 Ultra20260819_145444.067.jpg,03:47.72,218
Xiaomi SU7 Ultra20260819_145445.067.jpg,03:48.72,198
Xiaomi SU7 Ultra20260819_145446.069.jpg,03:49.72,185
Xiaomi SU7 Ultra20260819_145447.069.jpg,03:50.72,191
Xiaomi SU7 Ultra20260819_145448.063.jpg,03:51.72,207
Xiaomi SU7 Ultra20260819_145449.063.jpg,03:52.72,211
Xiaomi SU7 Ultra20260819_145450.069.jpg,03:53.72,178
Xiaomi SU7 Ultra20260819_145451.070.jpg,03:54.72,143
Xiaomi SU7 Ultra20260819_145452.066.jpg,03:55.72,108
Xiaomi SU7 Ultra20260819_145453.066.jpg,03:56.72,87
Xiaomi SU7 Ultra20260819_145454.066.jpg,03:57.72,78
Xiaomi SU7 Ultra20260819_145455.065.jpg,03:58.72,89
Xiaomi SU7 Ultra20260819_145456.067.jpg,03:59.72,110
Xiaomi SU7 Ultra20260819_145457.067.jpg,04:00.72,131
Xiaomi SU7 Ultra20260819_145458.066.jpg,04:01.72,153
Xiaomi SU7 Ultra20260819_145459.065.jpg,04:02.72,174
Xiaomi SU7 Ultra20260819_145500.065.jpg,04:03.72,187
Xiaomi SU7 Ultra20260819_145501.066.jpg,04:04.72,188
Xiaomi SU7 Ultra20260819_145502.067.jpg,04:05.72,152
Xiaomi SU7 Ultra20260819_145503.066.jpg,04:06.72,113
Xiaomi SU7 Ultra20260819_145504.065.jpg,04:07.72,92
Xiaomi SU7 Ultra20260819_145505.064.jpg,04:08.72,85
Xiaomi SU7 Ultra20260819_145506.064.jpg,04:09.72,85
Xiaomi SU7 Ultra20260819_145507.066.jpg,04:10.72,86
Xiaomi SU7 Ultra20260819_145508.065.jpg,04:11.72,90
Xiaomi SU7 Ultra20260819_145509.065.jpg,04:12.72,111
Xiaomi SU7 Ultra20260819_145510.064.jpg,04:13.72,133
Xiaomi SU7 Ultra20260819_145511.064.jpg,04:14.72,152
Xiaomi SU7 Ultra20260819_145512.065.jpg,04:15.72,168
Xiaomi SU7 Ultra20260819_145513.069.jpg,04:16.72,183
Xiaomi SU7 Ultra20260819_145514.067.jpg,04:17.72,198
Xiaomi SU7 Ultra20260819_145515.069.jpg,04:18.72,212
Xiaomi SU7 Ultra20260819_145516.068.jpg,04:19.72,193
Xiaomi SU7 Ultra20260819_145517.069.jpg,04:20.72,181
Xiaomi SU7 Ultra20260819_145518.065.jpg,04:21.72,176
Xiaomi SU7 Ultra20260819_145519.066.jpg,04:22.72,182
Xiaomi SU7 Ultra20260819_145520.068.jpg,04:23.72,190
Xiaomi SU7 Ultra20260819_145521.067.jpg,04:24.72,157
Xiaomi SU7 Ultra20260819_145522.068.jpg,04:25.72,146
Xiaomi SU7 Ultra20260819_145523.065.jpg,04:26.72,138
Xiaomi SU7 Ultra20260819_145524.065.jpg,04:27.72,141
Xiaomi SU7 Ultra20260819_145525.068.jpg,04:28.72,130
Xiaomi SU7 Ultra20260819_145526.065.jpg,04:29.72,139
Xiaomi SU7 Ultra20260819_145527.071.jpg,04:30.72,141
Xiaomi SU7 Ultra20260819_145528.066.jpg,04:31.72,118
Xiaomi SU7 Ultra20260819_145529.041.jpg,04:32.6,111
Xiaomi SU7 Ultra20260819_145530.068.jpg,04:33.72,115
Xiaomi SU7 Ultra20260819_145531.066.jpg,04:34.72,133
Xiaomi SU7 Ultra20260819_145532.065.jpg,04:35.72,156
Xiaomi SU7 Ultra20260819_145533.068.jpg,04:36.72,175
Xiaomi SU7 Ultra20260819_145534.060.jpg,04:37.72,190
Xiaomi SU7 Ultra20260819_145535.065.jpg,04:38.72,166
Xiaomi SU7 Ultra20260819_145536.066.jpg,04:39.72,162
Xiaomi SU7 Ultra20260819_145537.064.jpg,04:40.72,158
Xiaomi SU7 Ultra20260819_145538.066.jpg,04:41.72,152
Xiaomi SU7 Ultra20260819_145539.065.jpg,04:42.72,140
Xiaomi SU7 Ultra20260819_145540.064.jpg,04:43.72,138
Xiaomi SU7 Ultra20260819_145541.064.jpg,04:44.72,137
Xiaomi SU7 Ultra20260819_145542.068.jpg,04:45.72,139
Xiaomi SU7 Ultra20260819_145543.066.jpg,04:46.72,147
Xiaomi SU7 Ultra20260819_145544.069.jpg,04:47.72,168
Xiaomi SU7 Ultra20260819_145545.070.jpg,04:48.72,160
Xiaomi SU7 Ultra20260819_145546.068.jpg,04:49.72,129
Xiaomi SU7 Ultra20260819_145547.066.jpg,04:50.72,122
Xiaomi SU7 Ultra20260819_145548.067.jpg,04:51.72,117
Xiaomi SU7 Ultra20260819_145549.068.jpg,04:52.72,131
Xiaomi SU7 Ultra20260819_145550.067.jpg,04:53.72,152
Xiaomi SU7 Ultra20260819_145551.068.jpg,04:54.72,138
Xiaomi SU7 Ultra20260819_145552.066.jpg,04:55.72,120
Xiaomi SU7 Ultra20260819_145553.065.jpg,04:56.72,115
Xiaomi SU7 Ultra20260819_145554.064.jpg,04:57.72,119
Xiaomi SU7 Ultra20260819_145555.064.jpg,04:58.72,129
Xiaomi SU7 Ultra20260819_145556.065.jpg,04:59.72,143
Xiaomi SU7 Ultra20260819_145557.069.jpg,05:00.72,134
Xiaomi SU7 Ultra20260819_145558.066.jpg,05:01.72,110
Xiaomi SU7 Ultra20260819_145559.066.jpg,05:02.72,111
Xiaomi SU7 Ultra20260819_145600.065.jpg,05:03.72,123
Xiaomi SU7 Ultra20260819_145601.066.jpg,05:04.72,146
Xiaomi SU7 Ultra20260819_145602.066.jpg,05:05.72,171
Xiaomi SU7 Ultra20260819_145603.065.jpg,05:06.72,145
Xiaomi SU7 Ultra20260819_145604.065.jpg,05:07.72,115
Xiaomi SU7 Ultra20260819_145605.065.jpg,05:08.72,105
Xiaomi SU7 Ultra20260819_145606.066.jpg,05:09.72,105
Xiaomi SU7 Ultra20260819_145607.064.jpg,05:10.72,121
Xiaomi SU7 Ultra20260819_145608.064.jpg,05:11.72,138
Xiaomi SU7 Ultra20260819_145609.066.jpg,05:12.72,161
Xiaomi SU7 Ultra20260819_145610.066.jpg,05:13.72,156
Xiaomi SU7 Ultra20260819_145611.065.jpg,05:14.72,124
Xiaomi SU7 Ultra20260819_145612.064.jpg,05:15.72,108
Xiaomi SU7 Ultra20260819_145613.068.jpg,05:16.72,103
Xiaomi SU7 Ultra20260819_145614.066.jpg,05:17.72,113
Xiaomi SU7 Ultra20260819_145615.070.jpg,05:18.72,133
Xiaomi SU7 Ultra20260819_145616.064.jpg,05:19.72,146
Xiaomi SU7 Ultra20260819_145617.065.jpg,05:20.72,163
Xiaomi SU7 Ultra20260819_145618.066.jpg,05:21.72,171
Xiaomi SU7 Ultra20260819_145619.066.jpg,05:22.72,169
Xiaomi SU7 Ultra20260819_145620.066.jpg,05:23.72,170
Xiaomi SU7 Ultra20260819_145621.065.jpg,05:24.72,181
Xiaomi SU7 Ultra20260819_145622.067.jpg,05:25.72,196
Xiaomi SU7 Ultra20260819_145623.067.jpg,05:26.72,197
Xiaomi SU7 Ultra20260819_145624.069.jpg,05:27.72,180
Xiaomi SU7 Ultra20260819_145625.066.jpg,05:28.72,156
Xiaomi SU7 Ultra20260819_145626.067.jpg,05:29.72,145
Xiaomi SU7 Ultra20260819_145627.061.jpg,05:30.6,144
Xiaomi SU7 Ultra20260819_145628.064.jpg,05:31.72,148
Xiaomi SU7 Ultra20260819_145629.067.jpg,05:32.72,153
Xiaomi SU7 Ultra20260819_145630.068.jpg,05:33.72,161
Xiaomi SU7 Ultra20260819_145631.070.jpg,05:34.72,164
Xiaomi SU7 Ultra20260819_145632.072.jpg,05:35.72,177
Xiaomi SU7 Ultra20260819_145633.067.jpg,05:36.72,196
Xiaomi SU7 Ultra20260819_145634.065.jpg,05:37.72,195
Xiaomi SU7 Ultra20260819_145635.068.jpg,05:38.72,192
Xiaomi SU7 Ultra20260819_145636.065.jpg,05:39.72,197
Xiaomi SU7 Ultra20260819_145637.065.jpg,05:40.72,194
Xiaomi SU7 Ultra20260819_145638.065.jpg,05:41.72,189
Xiaomi SU7 Ultra20260819_145639.065.jpg,05:42.72,195
Xiaomi SU7 Ultra20260819_145640.065.jpg,05:43.72,207
Xiaomi SU7 Ultra20260819_145641.065.jpg,05:44.72,214
Xiaomi SU7 Ultra20260819_145642.066.jpg,05:45.72,221
Xiaomi SU7 Ultra20260819_145643.066.jpg,05:46.72,234
Xiaomi SU7 Ultra20260819_145644.065.jpg,05:47.72,247
Xiaomi SU7 Ultra20260819_145645.065.jpg,05:48.72,249
Xiaomi SU7 Ultra20260819_145646.064.jpg,05:49.72,214
Xiaomi SU7 Ultra20260819_145647.064.jpg,05:50.72,184
Xiaomi SU7 Ultra20260819_145648.068.jpg,05:51.72,164
Xiaomi SU7 Ultra20260819_145649.072.jpg,05:52.72,153
Xiaomi SU7 Ultra20260819_145650.065.jpg,05:53.72,157
Xiaomi SU7 Ultra20260819_145651.067.jpg,05:54.72,154
Xiaomi SU7 Ultra20260819_145652.067.jpg,05:55.72,125
Xiaomi SU7 Ultra20260819_145653.067.jpg,05:56.72,116
Xiaomi SU7 Ultra20260819_145654.066.jpg,05:57.72,122
Xiaomi SU7 Ultra20260819_145655.066.jpg,05:58.72,136
Xiaomi SU7 Ultra20260819_145656.065.jpg,05:59.72,156
Xiaomi SU7 Ultra20260819_145657.064.jpg,06:00.72,168
Xiaomi SU7 Ultra20260819_145658.068.jpg,06:01.72,126
Xiaomi SU7 Ultra20260819_145659.065.jpg,06:02.72,104
Xiaomi SU7 Ultra20260819_145700.067.jpg,06:03.72,99
Xiaomi SU7 Ultra20260819_145701.064.jpg,06:04.72,103
Xiaomi SU7 Ultra20260819_145702.064.jpg,06:05.72,115
Xiaomi SU7 Ultra20260819_145703.068.jpg,06:06.72,138
Xiaomi SU7 Ultra20260819_145704.071.jpg,06:07.72,161
Xiaomi SU7 Ultra20260819_145705.067.jpg,06:08.72,183
Xiaomi SU7 Ultra20260819_145706.066.jpg,06:09.72,200
Xiaomi SU7 Ultra20260819_145707.069.jpg,06:10.72,165
Xiaomi SU7 Ultra20260819_145708.071.jpg,06:11.72,146
Xiaomi SU7 Ultra20260819_145709.066.jpg,06:12.72,142
Xiaomi SU7 Ultra20260819_145710.065.jpg,06:13.72,149
Xiaomi SU7 Ultra20260819_145711.067.jpg,06:14.72,160
Xiaomi SU7 Ultra20260819_145712.067.jpg,06:15.72,156
Xiaomi SU7 Ultra20260819_145713.065.jpg,06:16.72,155
Xiaomi SU7 Ultra20260819_145714.065.jpg,06:17.72,150
Xiaomi SU7 Ultra20260819_145715.068.jpg,06:18.72,161
Xiaomi SU7 Ultra20260819_145716.068.jpg,06:19.72,181
Xiaomi SU7 Ultra20260819_145717.065.jpg,06:20.72,198
Xiaomi SU7 Ultra20260819_145718.068.jpg,06:21.72,211
Xiaomi SU7 Ultra20260819_145719.066.jpg,06:22.72,226
Xiaomi SU7 Ultra20260819_145720.069.jpg,06:23.72,240
Xiaomi SU7 Ultra20260819_145721.071.jpg,06:24.72,251
Xiaomi SU7 Ultra20260819_145722.069.jpg,06:25.72,263
Xiaomi SU7 Ultra20260819_145723.068.jpg,06:26.72,274
Xiaomi SU7 Ultra20260819_145724.066.jpg,06:27.72,284
Xiaomi SU7 Ultra20260819_145725.064.jpg,06:28.72,292
Xiaomi SU7 Ultra20260819_145726.065.jpg,06:29.72,300
Xiaomi SU7 Ultra20260819_145727.066.jpg,06:30.72,306
Xiaomi SU7 Ultra20260819_145728.065.jpg,06:31.72,313
Xiaomi SU7 Ultra20260819_145729.067.jpg,06:32.72,318
Xiaomi SU7 Ultra20260819_145730.068.jpg,06:33.72,323
Xiaomi SU7 Ultra20260819_145731.072.jpg,06:34.72,328
Xiaomi SU7 Ultra20260819_145732.067.jpg,06:35.72,332
Xiaomi SU7 Ultra20260819_145733.065.jpg,06:36.72,336
Xiaomi SU7 Ultra20260819_145734.068.jpg,06:37.72,338
Xiaomi SU7 Ultra20260819_145735.068.jpg,06:38.72,340
Xiaomi SU7 Ultra20260819_145736.070.jpg,06:39.72,341
Xiaomi SU7 Ultra20260819_145737.071.jpg,06:40.72,344
Xiaomi SU7 Ultra20260819_145738.066.jpg,06:41.72,346
Xiaomi SU7 Ultra20260819_145739.066.jpg,06:42.72,341
Xiaomi SU7 Ultra20260819_145740.079.jpg,06:43.72,332
Xiaomi SU7 Ultra20260819_145741.068.jpg,06:44.72,323
Xiaomi SU7 Ultra20260819_145742.068.jpg,06:45.72,319
Xiaomi SU7 Ultra20260819_145743.068.jpg,06:46.72,316
Xiaomi SU7 Ultra20260819_145744.067.jpg,06:47.72,321
Xiaomi SU7 Ultra20260819_145745.067.jpg,06:48.72,306
Xiaomi SU7 Ultra20260819_145746.067.jpg,06:49.72,274
Xiaomi SU7 Ultra20260819_145747.069.jpg,06:50.72,259
Xiaomi SU7 Ultra20260819_145748.067.jpg,06:51.72,233
Xiaomi SU7 Ultra20260819_145749.069.jpg,06:52.72,223
Xiaomi SU7 Ultra20260819_145750.068.jpg,06:53.72,205
Xiaomi SU7 Ultra20260819_145751.070.jpg,06:54.72,170
Xiaomi SU7 Ultra20260819_145752.069.jpg,06:55.72,137
Xiaomi SU7 Ultra20260819_145753.069.jpg,06:56.72,111
Xiaomi SU7 Ultra20260819_145754.069.jpg,06:57.72,89
Xiaomi SU7 Ultra20260819_145755.068.jpg,06:58.72,89
Xiaomi SU7 Ultra20260819_145756.069.jpg,06:59.72,109
Xiaomi SU7 Ultra20260819_145757.069.jpg,07:00.72,107
Xiaomi SU7 Ultra20260819_145758.069.jpg,07:01.72,116
Xiaomi SU7 Ultra20260819_145759.069.jpg,07:02.72,91
Xiaomi SU7 Ultra20260819_145800.067.jpg,07:03.72,84
Xiaomi SU7 Ultra20260819_145801.071.jpg,07:04.72,93
Xiaomi SU7 Ultra20260819_145802.068.jpg,07:04.9,94
