t_s,speed_kmh,accel_m_s2,power_kW,power_filt_kW
0.72,119.0,0.000,19.9,343.8
1.72,153.0,9.444,1011.7,405.6
2.72,158.0,1.389,185.3,235.2
3.72,138.0,-5.556,-491.4,-283.9
4.72,111.0,-7.500,-545.8,-460.2
5.72,90.0,-5.833,-343.4,-338.8
6.72,81.0,-2.500,-127.2,-126.4
7.72,86.0,1.389,91.6,80.5
8.72,100.0,3.889,277.2,326.0
9.72,125.0,6.944,609.1,646.5
10.72,159.0,9.444,1053.2,733.0
11.72,174.0,4.167,536.7,675.4
12.72,185.0,3.056,436.1,273.6
13.72,179.0,-1.667,-152.1,-83.1
14.72,160.0,-5.278,-533.2,-293.3
15.72,152.0,-2.222,-194.7,-71.7
16.72,167.0,4.167,512.7,385.3
17.72,189.0,6.111,837.9,678.8
18.72,205.0,4.444,685.7,518.0
19.72,204.0,-0.278,30.3,235.7
20.72,202.0,-0.556,-9.0,-319.0
21.72,170.0,-8.889,-978.2,-561.1
22.72,143.0,-7.500,-696.0,-670.6
23.72,128.0,-4.167,-337.6,-474.7
24.50,113.0,-5.342,-390.4,-280.6
25.72,105.0,-1.821,-113.9,-57.1
26.72,119.0,3.889,332.9,266.5
27.72,140.0,5.833,580.5,440.4
28.72,153.0,3.611,408.0,216.8
29.72,139.0,-3.889,-338.0,-125.3
30.72,118.0,-5.833,-446.0,-290.8
31.72,113.0,-1.389,-88.3,-179.3
32.72,112.0,-0.278,-3.5,-52.2
33.72,108.0,-1.111,-64.8,108.7
34.72,124.0,4.444,394.4,332.1
35.72,147.0,6.389,666.5,284.9
36.72,138.0,-2.500,-206.2,-48.9
37.72,107.0,-8.611,-607.1,-316.1
38.72,99.0,-2.222,-134.9,-236.4
39.72,100.0,0.278,32.9,64.0
40.72,113.0,3.611,293.9,246.0
41.72,129.0,4.444,411.3,465.3
42.72,152.0,6.389,690.6,660.5
43.72,177.0,6.944,879.7,891.3
44.72,204.0,7.500,1103.5,1002.2
45.72,226.0,6.111,1023.4,1037.2
46.72,245.0,5.278,984.9,836.2
47.72,253.0,2.222,500.3,739.5
48.72,265.0,3.333,733.4,689.2
49.72,278.0,3.611,833.7,-65.1
50.72,236.0,-11.667,-1762.4,-578.6
51.72,214.0,-6.111,-807.1,-1144.0
52.72,188.0,-7.222,-862.4,-723.7
53.72,171.0,-4.722,-501.7,-372.1
54.72,177.0,1.667,247.8,50.9
55.72,187.0,2.778,406.6,310.6
56.72,193.0,1.667,277.3,447.4
57.72,208.0,4.167,658.3,596.4
58.72,226.0,5.000,853.5,733.0
59.72,239.0,3.611,687.0,792.6
60.72,254.0,4.167,837.2,771.7
61.72,267.0,3.611,790.9,767.2
62.72,277.0,2.778,673.6,762.7
63.72,289.0,3.333,823.5,752.3
64.60,298.0,2.841,759.6,805.2
65.72,310.0,2.976,832.5,640.6
66.72,312.0,0.556,329.5,-105.1
67.72,281.0,-8.611,-1477.4,-504.2
68.72,271.0,-2.778,-364.8,-1123.7
69.72,234.0,-10.278,-1529.0,-910.3
70.72,211.0,-6.389,-837.0,-855.2
71.72,204.0,-1.944,-199.7,-296.3
72.72,206.0,0.556,147.8,101.6
73.72,213.0,1.944,356.7,180.1
74.72,212.0,-0.278,35.8,-301.7
75.72,170.0,-11.667,-1297.7,-726.5
76.72,132.0,-10.556,-917.7,-884.4
77.72,110.0,-6.111,-437.7,-509.7
78.72,100.0,-2.778,-173.8,-205.4
79.72,99.0,-0.278,-4.7,45.6
80.72,113.0,3.889,315.1,278.4
81.72,133.0,5.556,524.9,516.7
82.72,156.0,6.389,710.0,712.0
83.72,181.0,6.944,901.2,927.9
84.72,209.0,7.778,1172.5,930.7
85.72,224.0,4.167,718.5,922.1
86.72,241.0,4.722,875.3,744.5
87.72,252.0,3.056,639.6,820.2
88.72,268.0,4.444,945.8,810.3
89.72,281.0,3.611,845.6,543.9
90.72,275.0,-1.667,-159.8,-109.5
91.72,251.0,-6.667,-1014.3,-551.1
92.72,238.0,-3.611,-479.2,-433.0
93.72,240.0,0.556,194.6,-120.7
94.72,236.0,-1.111,-77.5,-368.8
95.72,202.0,-9.444,-1223.5,-713.9
96.72,175.0,-7.500,-840.8,-694.5
97.72,173.0,-0.556,-19.3,-375.5
98.72,163.0,-2.778,-266.6,-330.1
99.72,134.0,-8.056,-704.6,-386.8
100.72,125.0,-2.500,-189.4,-231.9
101.72,132.0,1.944,198.3,-80.5
102.72,120.0,-3.333,-250.3,-161.8
103.72,95.0,-6.944,-433.4,-277.6
104.72,85.0,-2.778,-149.1,-229.8
105.72,77.0,-2.222,-106.8,12.0
106.72,93.0,4.444,291.9,48.7
107.72,90.0,-0.833,-39.1,124.7
108.72,96.0,1.667,121.3,223.7
109.72,121.0,6.944,588.9,543.1
110.72,152.0,8.611,919.1,848.4
111.72,181.0,8.056,1037.2,983.4
112.72,205.0,6.667,993.9,988.3
113.72,225.0,5.556,933.7,935.7
114.72,242.0,4.722,879.7,870.2
115.72,256.0,3.889,797.3,472.7
116.72,248.0,-2.222,-258.9,-190.9
117.72,219.0,-8.056,-1111.0,-740.2
118.72,194.0,-6.944,-850.7,-866.2
119.72,173.0,-5.833,-636.9,-513.2
120.72,170.0,-0.833,-52.0,-147.6
121.72,176.0,1.667,246.1,224.6
122.72,188.0,3.333,479.8,45.7
123.72,168.0,-5.556,-588.7,-365.6
124.72,125.0,-11.944,-987.9,-640.8
125.72,107.0,-5.000,-345.8,-432.3
126.72,108.0,0.278,36.7,2.3
127.72,121.0,3.611,316.1,235.2
128.72,134.0,3.611,352.8,416.5
129.72,153.0,5.278,580.5,483.1
130.72,168.0,4.167,516.1,88.7
131.72,134.0,-9.444,-830.5,-285.4
132.72,106.0,-7.778,-541.9,-523.9
133.72,94.0,-3.333,-199.3,-254.5
134.72,92.0,-0.556,-22.4,47.7
135.72,109.0,4.722,364.8,302.7
136.72,131.0,6.111,565.8,625.6
137.72,161.0,8.333,946.1,685.2
138.72,176.0,4.167,543.7,330.8
139.72,158.0,-5.000,-497.4,-21.1
140.72,153.0,-1.389,-109.5,-108.8
141.72,161.0,2.222,280.6,300.8
142.72,181.0,5.556,731.1,287.1
143.72,175.0,-1.667,-150.3,11.2
144.72,155.0,-5.556,-547.1,-330.1
145.72,143.0,-3.333,-293.0,-297.0
146.72,140.0,-0.833,-50.8,-19.9
147.72,149.0,2.500,284.2,234.0
148.72,163.0,3.889,468.5,386.2
149.72,174.0,3.056,406.0,514.2
150.72,191.0,4.722,668.3,261.7
151.72,181.0,-2.778,-289.1,-197.3
152.72,144.0,-10.278,-971.2,-547.7
153.72,127.0,-4.722,-382.9,-568.7
154.72,109.0,-5.000,-352.0,-357.0
155.72,88.0,-5.833,-336.0,-298.8
156.72,72.0,-4.444,-208.4,-174.2
157.72,73.0,0.278,21.9,37.5
158.72,90.0,4.722,299.1,250.5
159.72,110.0,5.556,430.3,333.4
160.72,121.0,3.056,270.6,461.7
161.72,145.0,6.667,684.2,624.2
162.72,172.0,7.500,917.6,863.3
163.72,197.0,6.944,988.2,747.6
164.72,204.0,1.944,336.9,340.4
165.72,194.0,-2.778,-304.0,-257.4
166.72,167.0,-7.500,-805.1,-650.8
167.72,132.0,-9.722,-843.3,-665.7
168.72,115.0,-4.722,-348.8,-432.8
169.72,109.0,-1.667,-106.2,-94.5
170.72,116.0,1.944,171.4,143.7
171.72,130.0,3.889,365.9,356.5
172.72,148.0,5.000,532.3,273.3
173.72,144.0,-1.111,-78.3,-40.1
174.72,117.0,-7.500,-574.3,-266.6
175.72,109.0,-2.222,-147.2,-151.1
176.72,120.0,3.056,268.2,225.1
177.72,140.0,5.556,554.2,570.5
178.72,167.0,7.500,889.2,760.4
179.72,189.0,6.111,837.9,891.4
180.72,211.0,6.111,946.9,868.1
181.72,228.0,4.722,819.5,836.6
182.72,242.0,3.889,743.3,465.6
183.72,236.0,-1.667,-166.2,-0.3
184.72,220.0,-4.444,-578.1,-262.1
185.72,217.0,-0.833,-42.0,-151.9
186.72,219.0,0.556,164.5,-305.5
187.72,188.0,-8.611,-1039.0,-622.9
188.72,152.0,-10.000,-994.3,-881.8
189.72,125.0,-7.500,-612.1,-633.2
190.72,110.0,-4.167,-293.0,-316.5
191.72,107.0,-0.833,-44.2,-86.1
192.72,110.0,0.833,79.0,182.4
193.72,130.0,5.556,512.4,343.5
194.72,145.0,4.167,439.0,537.4
195.72,165.0,5.556,660.9,642.7
196.72,187.0,6.111,828.2,764.9
197.72,206.0,5.278,805.7,780.3
198.72,221.0,4.167,707.0,546.6
199.72,222.0,0.278,126.9,236.8
200.72,217.0,-1.389,-123.5,27.9
201.72,217.0,0.000,80.3,142.7
202.72,226.0,2.500,471.4,396.8
203.72,238.0,3.333,638.7,546.8
204.72,247.0,2.500,530.3,411.4
205.72,246.0,-0.278,65.2,188.8
206.72,243.0,-0.833,-29.1,-28.4
207.72,238.0,-1.389,-121.5,61.9
208.72,243.0,1.389,336.2,253.2
209.72,252.0,2.500,544.9,519.3
210.72,263.0,3.056,676.7,609.1
211.72,272.0,2.500,605.8,601.9
212.72,279.0,1.944,523.2,576.3
213.72,287.0,2.222,600.1,200.9
214.72,274.0,-3.611,-520.5,-174.2
215.72,259.0,-4.167,-602.1,-397.2
216.72,255.0,-1.111,-69.0,-199.2
217.72,254.0,-0.278,73.6,142.3
218.72,260.0,1.667,422.3,-235.7
219.72,230.0,-8.333,-1203.0,-635.9
220.72,198.0,-8.889,-1126.8,-931.1
221.72,183.0,-4.167,-463.4,-569.5
222.72,178.0,-1.389,-118.2,-82.5
223.72,186.0,2.222,334.1,255.5
224.72,199.0,3.611,550.5,478.4
225.72,211.0,3.333,550.5,624.6
226.72,227.0,4.444,772.6,345.3
227.72,218.0,-2.500,-287.3,-65.0
228.72,198.0,-5.556,-680.4,-455.3
229.72,185.0,-3.611,-398.1,-268.3
230.72,191.0,1.667,273.5,189.6
231.72,207.0,4.444,693.5,400.1
232.72,211.0,1.111,233.3,-42.6
233.72,178.0,-9.167,-1054.7,-577.4
234.72,143.0,-9.722,-910.9,-886.5
235.72,108.0,-9.722,-693.8,-645.7
236.72,87.0,-5.833,-332.3,-383.0
237.72,78.0,-2.500,-122.8,-86.6
238.72,89.0,3.056,195.4,174.5
239.72,110.0,5.833,451.0,395.8
240.72,131.0,5.833,541.2,553.0
241.72,153.0,6.111,666.7,646.9
242.72,174.0,5.833,732.9,637.2
243.72,187.0,3.611,512.0,445.4
244.72,188.0,0.278,91.3,-130.4
245.72,152.0,-10.000,-994.3,-571.1
246.72,113.0,-10.833,-810.1,-718.4
247.72,92.0,-5.833,-350.9,-420.7
248.72,85.0,-1.944,-101.2,-147.2
249.72,85.0,0.000,10.6,-21.2
250.72,86.0,0.278,26.9,38.9
251.72,90.0,1.111,79.3,187.2
252.72,111.0,5.833,455.2,369.8
253.72,133.0,6.111,574.9,535.5
254.72,152.0,5.278,576.4,566.3
255.72,168.0,4.444,547.7,564.1
256.72,183.0,4.167,568.1,579.2
257.72,198.0,4.167,621.7,607.7
258.72,212.0,3.889,633.3,208.6
259.72,193.0,-5.278,-629.3,-117.7
260.72,181.0,-3.333,-357.1,-368.0
261.72,176.0,-1.389,-117.7,-72.6
262.72,182.0,1.667,256.9,160.7
263.72,190.0,2.222,343.0,-112.4
264.72,157.0,-9.167,-937.1,-288.3
265.72,146.0,-3.056,-270.9,-462.7
266.72,138.0,-2.222,-180.2,-114.4
267.72,141.0,0.833,108.0,-105.7
268.72,130.0,-3.056,-244.8,42.0
269.72,139.0,2.500,262.7,33.1
270.72,141.0,0.556,81.5,-48.7
271.72,118.0,-6.389,-490.4,-185.8
272.60,111.0,-2.210,-148.6,-181.1
273.72,115.0,0.992,95.7,140.7
274.72,133.0,5.000,474.9,426.9
275.72,156.0,6.389,710.0,618.9
276.72,175.0,5.278,671.7,658.2
277.72,190.0,4.167,592.9,185.9
278.72,166.0,-6.667,-707.1,-65.6
279.72,162.0,-1.111,-82.6,-290.5
280.72,158.0,-1.111,-81.8,-100.7
281.72,152.0,-1.667,-137.6,-169.0
282.72,140.0,-3.333,-287.6,-149.9
283.72,138.0,-0.556,-24.7,-103.7
284.72,137.0,-0.278,1.0,18.8
285.72,139.0,0.556,79.9,111.1
286.72,147.0,2.222,252.3,345.9
287.72,168.0,5.833,705.5,251.8
288.72,160.0,-2.222,-202.5,-74.9
289.72,129.0,-8.611,-727.8,-356.6
290.72,122.0,-1.944,-139.5,-319.4
291.72,117.0,-1.389,-90.7,46.2
292.72,131.0,3.889,368.9,303.9
293.72,152.0,5.833,633.5,222.2
294.72,138.0,-3.889,-335.8,-29.3
295.72,120.0,-5.000,-385.6,-270.3
296.72,115.0,-1.389,-89.5,-121.9
297.72,119.0,1.111,109.3,95.2
298.72,129.0,2.778,265.9,260.3
299.72,143.0,3.889,405.6,156.8
300.72,134.0,-2.500,-201.1,-91.5
301.72,110.0,-6.667,-479.0,-214.0
302.72,111.0,0.278,38.1,-47.4
303.72,123.0,3.333,298.6,332.8
304.72,146.0,6.389,661.7,602.7
305.72,171.0,6.944,847.7,277.2
306.72,145.0,-7.222,-678.0,-153.3
307.72,115.0,-8.333,-629.7,-496.5
308.72,105.0,-2.778,-181.8,-265.3
309.72,105.0,0.000,15.5,72.7
310.72,121.0,4.444,384.3,289.3
311.72,138.0,4.722,468.0,528.9
312.72,161.0,6.389,734.3,363.9
313.72,156.0,-1.389,-110.7,-33.4
314.72,124.0,-8.889,-723.9,-381.0
315.72,108.0,-4.444,-308.3,-371.3
316.72,103.0,-1.389,-81.8,-53.3
317.72,113.0,2.778,230.2,224.4
318.72,133.0,5.556,524.9,380.8
319.72,146.0,3.611,387.4,490.9
320.72,163.0,4.722,560.3,416.4
321.72,171.0,2.222,301.5,280.5
322.72,169.0,-0.556,-20.3,119.0
323.72,170.0,0.278,75.8,160.2
324.72,181.0,3.056,425.1,371.8
325.72,196.0,4.167,614.4,379.8
326.72,197.0,0.278,99.9,63.2
327.72,180.0,-4.722,-524.6,-364.1
328.72,156.0,-6.667,-667.6,-487.2
329.72,145.0,-3.056,-269.3,-312.6
330.60,144.0,-0.316,-0.9,-46.4
331.72,148.0,0.992,131.1,102.8
332.72,153.0,1.389,178.0,196.6
333.72,161.0,2.222,280.6,197.1
334.72,164.0,0.833,132.7,298.0
335.72,177.0,3.611,480.6,458.4
336.72,196.0,5.278,761.8,422.3
337.72,195.0,-0.278,24.6,245.7
338.72,192.0,-0.833,-49.3,74.4
339.72,197.0,1.389,247.9,49.9
340.72,194.0,-0.833,-48.9,26.1
341.72,189.0,-1.389,-120.8,37.1
342.72,195.0,1.667,281.1,232.7
343.72,207.0,3.333,537.9,392.7
344.72,214.0,1.944,359.0,423.9
345.72,221.0,1.944,374.9,467.7
346.72,234.0,3.611,669.2,586.7
347.72,247.0,3.611,715.9,531.3
348.72,249.0,0.556,208.7,-135.1
349.72,214.0,-9.722,-1329.8,-701.7
350.72,184.0,-8.333,-984.0,-963.3
351.72,164.0,-5.556,-576.0,-614.0
352.72,153.0,-3.056,-281.9,-234.5
353.72,157.0,1.111,154.4,-59.9
354.72,154.0,-0.833,-52.0,-185.6
355.72,125.0,-8.056,-659.1,-296.1
356.72,116.0,-2.500,-177.3,-226.0
357.72,122.0,1.667,158.5,121.7
358.72,136.0,3.889,384.1,388.2
359.72,156.0,5.556,622.0,475.8
360.72,168.0,3.333,421.4,23.8
361.72,126.0,-11.667,-971.9,-321.7
362.72,104.0,-6.111,-414.7,-488.6
363.72,99.0,-1.389,-79.1,-133.8
364.72,103.0,1.111,92.4,97.0
365.72,115.0,3.333,277.8,331.2
366.72,138.0,6.389,623.6,545.2
367.72,161.0,6.389,734.3,722.2
368.72,183.0,6.111,808.8,749.1
369.72,200.0,4.722,704.1,156.2
370.72,165.0,-9.722,-1044.2,-276.8
371.72,146.0,-5.278,-490.4,-537.4
372.72,142.0,-1.111,-77.7,-113.3
373.72,149.0,1.944,228.2,173.1
374.72,160.0,3.056,368.7,171.8
375.72,156.0,-1.111,-81.4,97.8
376.72,155.0,-0.278,6.2,-61.1
377.72,150.0,-1.389,-108.1,89.8
378.72,161.0,3.056,371.3,331.4
379.72,181.0,5.556,731.1,599.5
380.72,198.0,4.722,696.1,672.5
381.72,211.0,3.611,590.1,670.8
382.72,226.0,4.167,726.2,684.0
383.72,240.0,3.889,735.7,699.4
384.72,251.0,3.056,636.3,699.4
385.72,263.0,3.333,726.2,692.5
386.72,274.0,3.056,715.0,712.9
387.72,284.0,2.778,697.5,676.1
388.72,292.0,2.222,615.8,651.6
389.72,300.0,2.222,641.4,601.1
390.72,306.0,1.667,546.1,604.4
391.72,313.0,1.944,625.8,564.8
392.72,318.0,1.389,522.5,561.8
393.72,323.0,1.389,537.1,537.2
394.72,328.0,1.389,552.0,530.3
395.72,332.0,1.111,501.7,522.3
396.72,336.0,1.111,513.3,469.1
397.72,338.0,0.556,392.2,434.3
398.72,340.0,0.556,397.3,375.1
399.72,341.0,0.278,335.9,401.9
400.72,344.0,0.833,472.5,407.2
401.72,346.0,0.556,413.1,279.0
402.72,341.0,-1.389,-48.5,18.5
403.72,332.0,-2.500,-309.2,-223.4
404.72,323.0,-2.500,-312.5,-211.9
405.72,319.0,-1.111,-14.0,-94.9
406.72,316.0,-0.833,41.7,186.3
407.72,321.0,1.389,531.2,-29.4
408.72,306.0,-4.167,-661.2,-542.9
409.72,274.0,-8.889,-1498.6,-920.7
410.72,259.0,-4.167,-602.1,-1047.5
411.72,233.0,-7.222,-1041.6,-658.8
412.72,223.0,-2.778,-332.8,-666.1
413.72,205.0,-5.000,-623.8,-676.9
414.72,170.0,-9.722,-1074.1,-840.2
415.72,137.0,-9.167,-822.7,-807.2
416.72,111.0,-7.222,-525.0,-568.0
417.72,89.0,-6.111,-356.4,-290.0
418.72,89.0,0.000,11.4,27.1
419.72,109.0,5.556,426.3,137.9
420.72,107.0,-0.556,-24.1,205.7
421.72,116.0,2.500,215.0,-74.9
422.72,91.0,-6.944,-415.5,-100.2
423.72,84.0,-1.944,-100.1,-115.3
424.72,93.0,2.500,169.6,60.1
424.90,94.0,1.543,110.7,93.5
