No.,MM,SS,FF,SPEED,G,Max G,Min G
1,0,0,0,104,-,1.05,-1.28
2,0,0,32,113,0.80,,
3,0,1,32,143,0.85,,
4,0,2,32,167,0.68,,
5,0,3,32,157,-0.28,,
6,0,4,32,124,-0.94,,
7,0,5,32,96,-0.79,,
8,0,6,32,81,-0.43,,
9,0,7,32,79,-0.06,,
10,0,8,32,96,0.48,,
11,0,9,32,126,0.85,,
12,0,10,32,158,0.91,,
13,0,11,32,177,0.54,,
14,0,12,32,181,0.11,,
15,0,13,32,181,0.00,,
16,0,14,32,159,-0.62,,
17,0,15,32,162,0.09,,
18,0,16,32,174,0.34,,
19,0,17,32,189,0.43,,
20,0,18,32,200,0.31,,
21,0,19,32,201,0.03,,
22,0,20,32,200,-0.03,,
23,0,21,32,173,-0.77,,
24,0,22,32,140,-0.94,,
25,0,23,32,125,-0.43,,
26,0,24,32,103,-0.62,,
27,0,25,32,105,0.06,,
28,0,26,32,123,0.51,,
29,0,27,32,146,0.65,,
30,0,28,32,152,0.17,,
31,0,29,32,148,-0.11,,
32,0,30,32,125,-0.65,,
33,0,31,32,115,-0.28,,
34,0,32,32,116,0.03,,
35,0,33,32,110,-0.17,,
36,0,34,32,125,0.43,,
37,0,35,32,152,0.77,,
38,0,36,32,140,-0.34,,
39,0,37,32,112,-0.79,,
40,0,38,32,96,-0.45,,
41,0,39,32,102,0.17,,
42,0,40,32,125,0.65,,
43,0,41,32,146,0.60,,
44,0,42,32,169,0.65,,
45,0,43,32,191,0.62,,
46,0,44,32,223,0.91,,
47,0,45,32,251,0.79,,
48,0,46,32,264,0.37,,
49,0,47,32,269,0.14,,
50,0,48,32,278,0.26,,
51,0,49,32,261,-0.48,,
52,0,50,32,225,-1.02,,
53,0,51,32,200,-0.71,,
54,0,52,32,174,-0.74,,
55,0,53,32,178,0.11,,
56,0,54,32,190,0.34,,
57,0,55,32,199,0.26,,
58,0,56,32,212,0.37,,
59,0,57,32,227,0.43,,
60,0,58,32,234,0.20,,
61,0,59,32,245,0.31,,
62,1,0,32,258,0.37,,
63,1,1,32,269,0.31,,
64,1,2,32,280,0.31,,
65,1,3,32,291,0.31,,
66,1,4,32,301,0.28,,
67,1,5,32,314,0.37,,
68,1,6,32,295,-0.54,,
69,1,7,32,280,-0.43,,
70,1,8,32,246,-0.96,,
71,1,9,32,213,-0.94,,
72,1,10,32,208,-0.14,,
73,1,11,32,207,-0.03,,
74,1,12,32,218,0.31,,
75,1,13,32,221,0.09,,
76,1,14,32,184,-1.05,,
77,1,15,32,141,-1.22,,
78,1,16,32,111,-0.85,,
79,1,17,32,97,-0.40,,
80,1,18,32,105,0.23,,
81,1,19,32,106,0.03,,
82,1,20,32,125,0.54,,
83,1,21,32,149,0.68,,
84,1,22,32,174,0.71,,
85,1,23,32,201,0.77,,
86,1,24,32,220,0.54,,
87,1,25,32,237,0.48,,
88,1,26,32,253,0.45,,
89,1,27,32,268,0.43,,
90,1,28,32,278,0.28,,
91,1,29,32,291,0.37,,
92,1,30,32,277,-0.40,,
93,1,31,32,248,-0.82,,
94,1,32,32,242,-0.17,,
95,1,33,32,240,-0.06,,
96,1,34,32,210,-0.85,,
97,1,35,32,176,-0.96,,
98,1,36,32,176,0.00,,
99,1,37,32,170,-0.17,,
100,1,38,32,129,-1.16,,
101,1,39,32,128,-0.03,,
102,1,40,32,133,0.14,,
103,1,41,32,128,-0.14,,
104,1,42,32,95,-0.94,,
105,1,43,32,84,-0.31,,
106,1,44,32,82,-0.06,,
107,1,45,32,96,0.40,,
108,1,46,32,88,-0.23,,
109,1,47,32,100,0.34,,
110,1,48,32,127,0.77,,
111,1,49,32,154,0.77,,
112,1,50,32,188,0.96,,
113,1,51,32,225,1.05,,
114,1,52,32,251,0.74,,
115,1,53,32,278,0.77,,
116,1,54,32,261,-0.48,,
117,1,55,32,229,-0.91,,
118,1,56,32,206,-0.65,,
119,1,57,32,181,-0.71,,
120,1,58,32,165,-0.45,,
121,1,59,32,171,0.17,,
122,2,0,32,179,0.23,,
123,2,1,32,191,0.34,,
124,2,2,32,150,-1.16,,
125,2,3,32,115,-0.99,,
126,2,4,32,105,-0.28,,
127,2,5,32,111,0.17,,
128,2,6,32,134,0.65,,
129,2,7,32,151,0.48,,
130,2,8,32,174,0.65,,
131,2,9,32,152,-0.62,,
132,2,10,32,120,-0.91,,
133,2,11,32,94,-0.74,,
134,2,12,32,91,-0.09,,
135,2,13,32,98,0.20,,
136,2,14,32,124,0.74,,
137,2,15,32,154,0.85,,
138,2,16,32,180,0.74,,
139,2,17,32,168,-0.34,,
140,2,18,32,151,-0.48,,
141,2,19,32,157,0.17,,
142,2,20,32,166,0.26,,
143,2,21,32,182,0.45,,
144,2,22,32,166,-0.45,,
145,2,23,32,144,-0.62,,
146,2,24,32,145,0.03,,
147,2,25,32,148,0.09,,
148,2,26,32,154,0.17,,
149,2,27,32,170,0.45,,
150,2,28,32,188,0.51,,
151,2,29,32,205,0.48,,
152,2,30,32,162,-1.22,,
153,2,31,32,132,-0.85,,
154,2,32,32,119,-0.37,,
155,2,33,32,97,-0.62,,
156,2,34,32,80,-0.48,,
157,2,35,32,64,-0.45,,
158,2,36,32,77,0.37,,
159,2,37,32,114,1.05,,
160,2,38,32,129,0.43,,
161,2,39,32,150,0.60,,
162,2,40,32,175,0.71,,
163,2,41,32,198,0.65,,
164,2,42,32,215,0.48,,
165,2,43,32,192,-0.65,,
166,2,44,32,160,-0.91,,
167,2,45,32,134,-0.74,,
168,2,46,32,112,-0.62,,
169,2,47,32,113,0.03,,
170,2,48,32,123,0.28,,
171,2,49,32,140,0.48,,
172,2,50,32,157,0.48,,
173,2,51,32,145,-0.34,,
174,2,52,32,115,-0.85,,
175,2,53,32,111,-0.11,,
176,2,54,32,126,0.43,,
177,2,55,32,147,0.60,,
178,2,56,32,172,0.71,,
179,2,57,32,197,0.71,,
180,2,58,32,221,0.68,,
181,2,59,32,250,0.82,,
182,3,0,32,237,-0.37,,
183,3,1,32,215,-0.62,,
184,3,2,32,202,-0.37,,
185,3,3,32,206,0.11,,
186,3,4,32,209,0.09,,
187,3,5,32,180,-0.82,,
188,3,6,32,148,-0.91,,
189,3,7,32,121,-0.77,,
190,3,8,32,109,-0.34,,
191,3,9,32,106,-0.09,,
192,3,10,32,107,0.03,,
193,3,11,32,126,0.54,,
194,3,12,32,149,0.65,,
195,3,13,32,169,0.57,,
196,3,14,32,188,0.54,,
197,3,15,32,205,0.48,,
198,3,16,32,220,0.43,,
199,3,17,32,218,-0.06,,
200,3,18,32,217,-0.03,,
201,3,19,32,219,0.06,,
202,3,20,32,227,0.23,,
203,3,21,32,237,0.28,,
204,3,22,32,245,0.23,,
205,3,23,32,244,-0.03,,
206,3,24,32,240,-0.11,,
207,3,25,32,232,-0.23,,
208,3,26,32,234,0.06,,
209,3,27,32,243,0.26,,
210,3,28,32,254,0.31,,
211,3,29,32,263,0.26,,
212,3,30,32,272,0.26,,
213,3,31,32,279,0.20,,
214,3,32,32,277,-0.06,,
215,3,33,32,257,-0.57,,
216,3,34,32,255,-0.06,,
217,3,35,32,251,-0.11,,
218,3,36,32,252,0.03,,
219,3,37,32,231,-0.60,,
220,3,38,32,201,-0.85,,
221,3,39,32,173,-0.79,,
222,3,40,32,175,0.06,,
223,3,41,32,181,0.17,,
224,3,42,32,195,0.40,,
225,3,43,32,210,0.43,,
226,3,44,32,224,0.40,,
227,3,45,32,221,-0.09,,
228,3,46,32,197,-0.68,,
229,3,47,32,187,-0.28,,
230,3,48,32,190,0.09,,
231,3,49,32,203,0.37,,
232,3,50,32,216,0.37,,
233,3,51,32,186,-0.85,,
234,3,52,32,158,-0.79,,
235,3,53,32,121,-1.05,,
236,3,54,32,92,-0.82,,
237,3,55,32,80,-0.34,,
238,3,56,32,82,0.06,,
239,3,57,32,100,0.51,,
240,3,58,32,122,0.62,,
241,3,59,32,144,0.62,,
242,4,0,32,167,0.65,,
243,4,1,32,180,0.37,,
244,4,2,32,198,0.51,,
245,4,3,32,167,-0.88,,
246,4,4,32,134,-0.94,,
247,4,5,32,100,-0.96,,
248,4,6,32,86,-0.40,,
249,4,7,32,85,-0.03,,
250,4,8,32,83,-0.06,,
251,4,9,32,84,0.03,,
252,4,10,32,92,0.23,,
253,4,11,32,113,0.60,,
254,4,12,32,138,0.71,,
255,4,13,32,162,0.68,,
256,4,14,32,188,0.74,,
257,4,15,32,215,0.77,,
258,4,16,32,238,0.65,,
259,4,17,32,208,-0.85,,
260,4,18,32,174,-0.96,,
261,4,19,32,170,-0.11,,
262,4,20,32,185,0.43,,
263,4,21,32,201,0.45,,
264,4,22,32,175,-0.74,,
265,4,23,32,144,-0.88,,
266,4,24,32,142,-0.06,,
267,4,25,32,140,-0.06,,
268,4,26,32,133,-0.20,,
269,4,27,32,136,0.09,,
270,4,28,32,152,0.45,,
271,4,29,32,126,-0.74,,
272,4,30,32,116,-0.28,,
273,4,31,32,109,-0.20,,
274,4,32,32,125,0.45,,
275,4,33,32,152,0.77,,
276,4,34,32,175,0.65,,
277,4,35,32,191,0.45,,
278,4,36,32,169,-0.62,,
279,4,37,32,163,-0.17,,
280,4,38,32,166,0.09,,
281,4,39,32,163,-0.09,,
282,4,40,32,142,-0.60,,
283,4,41,32,145,0.09,,
284,4,42,32,147,0.06,,
285,4,43,32,136,-0.31,,
286,4,44,32,146,0.28,,
287,4,45,32,168,0.62,,
288,4,46,32,171,0.09,,
289,4,47,32,127,-1.25,,
290,4,48,32,122,-0.14,,
291,4,49,32,131,0.26,,
292,4,50,32,152,0.60,,
293,4,51,32,169,0.48,,
294,4,52,32,140,-0.82,,
295,4,53,32,121,-0.54,,
296,4,54,32,120,-0.03,,
297,4,55,32,132,0.34,,
298,4,56,32,141,0.26,,
299,4,57,32,149,0.23,,
300,4,58,32,121,-0.79,,
301,4,59,32,109,-0.34,,
302,5,0,32,118,0.26,,
303,5,1,32,140,0.62,,
304,5,2,32,167,0.77,,
305,5,3,32,158,-0.26,,
306,5,4,32,116,-1.19,,
307,5,5,32,104,-0.34,,
308,5,6,32,112,0.23,,
309,5,7,32,120,0.23,,
310,5,8,32,137,0.48,,
311,5,9,32,162,0.71,,
312,5,10,32,172,0.28,,
313,5,11,32,129,-1.22,,
314,5,12,32,109,-0.57,,
315,5,13,32,104,-0.14,,
316,5,14,32,110,0.17,,
317,5,15,32,135,0.71,,
318,5,16,32,155,0.57,,
319,5,17,32,173,0.51,,
320,5,18,32,181,0.23,,
321,5,19,32,184,0.09,,
322,5,20,32,193,0.26,,
323,5,21,32,207,0.40,,
324,5,22,32,220,0.37,,
325,5,23,32,190,-0.85,,
326,5,24,32,163,-0.77,,
327,5,25,32,145,-0.51,,
328,5,26,32,149,0.11,,
329,5,27,32,153,0.11,,
330,5,28,32,152,-0.03,,
331,5,29,32,159,0.20,,
332,5,30,32,162,0.09,,
333,5,31,32,168,0.17,,
334,5,32,32,188,0.57,,
335,5,33,32,198,0.28,,
336,5,34,32,200,0.06,,
337,5,35,32,202,0.06,,
338,5,36,32,191,-0.31,,
339,5,37,32,190,-0.03,,
340,5,38,32,196,0.17,,
341,5,39,32,208,0.34,,
342,5,40,32,218,0.28,,
343,5,41,32,220,0.06,,
344,5,42,32,229,0.26,,
345,5,43,32,243,0.40,,
346,5,44,32,255,0.34,,
347,5,45,32,228,-0.77,,
348,5,46,32,193,-0.99,,
349,5,47,32,166,-0.77,,
350,5,48,32,157,-0.26,,
351,5,49,32,162,0.14,,
352,5,50,32,170,0.23,,
353,5,51,32,136,-0.96,,
354,5,52,32,121,-0.43,,
355,5,53,32,121,0.00,,
356,5,54,32,138,0.48,,
357,5,55,32,156,0.51,,
358,5,56,32,178,0.62,,
359,5,57,32,139,-1.11,,
360,5,58,32,109,-0.85,,
361,5,59,32,97,-0.34,,
362,6,0,32,101,0.11,,
363,6,1,32,120,0.54,,
364,6,2,32,145,0.71,,
365,6,3,32,164,0.54,,
366,6,4,32,187,0.65,,
367,6,5,32,203,0.45,,
368,6,6,32,158,-1.28,,
369,6,7,32,138,-0.57,,
370,6,8,32,139,0.03,,
371,6,9,32,153,0.40,,
372,6,10,32,168,0.43,,
373,6,11,32,154,-0.40,,
374,6,12,32,152,-0.06,,
375,6,13,32,157,0.14,,
376,6,14,32,163,0.17,,
377,6,15,32,181,0.51,,
378,6,16,32,199,0.51,,
379,6,17,32,220,0.60,,
380,6,18,32,247,0.77,,
381,6,19,32,268,0.60,,
382,6,20,32,288,0.57,,
383,6,21,32,307,0.54,,
384,6,22,32,324,0.48,,
385,6,23,32,340,0.45,,
386,6,24,32,345,0.14,,
387,6,25,32,345,0.00,,
388,6,26,32,348,0.09,,
389,6,27,32,348,0.00,,
390,6,28,32,348,0.00,,
391,6,29,32,348,0.00,,
392,6,30,32,349,0.03,,
393,6,31,32,349,0.00,,
394,6,32,32,349,0.00,,
395,6,33,32,348,-0.03,,
396,6,34,32,347,-0.03,,
397,6,35,32,347,0.00,,
398,6,36,32,339,-0.23,,
399,6,37,32,318,-0.60,,
400,6,38,32,304,-0.40,,
401,6,39,32,304,0.00,,
402,6,40,32,303,-0.03,,
403,6,41,32,308,0.14,,
404,6,42,32,311,0.09,,
405,6,43,32,278,-0.94,,
406,6,44,32,252,-0.74,,
407,6,45,32,242,-0.28,,
408,6,46,32,230,-0.34,,
409,6,47,32,232,0.06,,
410,6,48,32,199,-0.94,,
411,6,49,32,161,-1.08,,
412,6,50,32,129,-0.91,,
413,6,51,32,97,-0.91,,
414,6,52,32,86,-0.31,,
415,6,53,32,94,0.23,,
416,6,54,32,115,0.60,,
417,6,55,32,115,0.00,,
418,6,56,32,107,-0.23,,
419,6,57,32,80,-0.77,,
420,6,58,32,86,0.17,,
421,6,59,15,106,0.68,,
,,,,,,,
,,,,,,,
,,,,,,,
,,,,,,,
,,,,,,,
,,,,,,,
,,,,,,,
,,,,,,,
,,,,,,,
,,,,,,,
,,,,,,,
,,,,,,,
,,,,,,,
,,,,,,,
,,,,,,,
,,,,,,,
,,,,,,,
,,,,,,,
,,,,,,,
,,,,,,,
,,,,,,,
,,,,,,,
,,,,,,,
,,,,,,,
,,,,,,,
,,,,,,,
,,,,,,,
,,,,,,,
,,,,,,,
,,,,,,,
,,,,,,,
,,,,,,,
,,,,,,,
,,,,,,,
,,,,,,,
,,,,,,,
,,,,,,,
,,,,,,,
,,,,,,,
,,,,,,,
,,,,,,,
,,,,,,,
,,,,,,,
,,,,,,,
,,,,,,,
,,,,,,,
,,,,,,,
,,,,,,,
,,,,,,,
,,,,,,,
,,,,,,,
,,,,,,,
,,,,,,,
,,,,,,,
,,,,,,,
,,,,,,,
,,,,,,,
,,,,,,,
,,,,,,,
,,,,,,,
,,,,,,,
,,,,,,,
,,,,,,,
,,,,,,,
,,,,,,,
,,,,,,,
,,,,,,,
,,,,,,,
,,,,,,,
,,,,,,,
,,,,,,,
,,,,,,,
,,,,,,,
,,,,,,,
,,,,,,,
,,,,,,,
,,,,,,,
,,,,,,,
,,,,,,,
,,,,,,,
,,,,,,,
,,,,,,,
,,,,,,,
,,,,,,,
,,,,,,,
,,,,,,,
,,,,,,,
,,,,,,,
,,,,,,,
,,,,,,,
,,,,,,,
,,,,,,,
,,,,,,,
,,,,,,,
,,,,,,,
,,,,,,,
,,,,,,,
,,,,,,,
,,,,,,,
,,,,,,,
,,,,,,,
,,,,,,,
,,,,,,,
,,,,,,,
,,,,,,,
,,,,,,,
,,,,,,,
,,,,,,,
,,,,,,,
,,,,,,,
,,,,,,,
,,,,,,,
,,,,,,,
,,,,,,,
,,,,,,,
,,,,,,,
,,,,,,,
,,,,,,,
,,,,,,,
,,,,,,,
,,,,,,,
,,,,,,,
,,,,,,,
,,,,,,,
,,,,,,,
,,,,,,,
,,,,,,,
,,,,,,,
,,,,,,,
