t_s,speed_kmh,power_kW
-0.04,102.0,570.8
0.16,108.0,584.3
0.36,113.0,645.9
0.56,118.0,698.9
0.76,125.0,779.2
0.96,131.0,831.3
1.16,137.0,817.3
1.36,143.0,841.1
1.56,148.0,814.1
1.76,154.0,804.0
1.96,158.0,811.0
2.16,163.0,781.6
2.56,172.0,577.4
2.76,176.0,-388.4
2.96,174.0,-659.5
3.16,164.0,-1062.9
3.36,157.0,-1129.0
3.56,150.0,-992.8
3.76,143.0,-920.9
3.96,136.0,-837.9
4.16,130.0,-764.3
4.36,124.0,-706.2
4.56,118.0,-673.6
4.96,106.0,-547.9
5.16,102.0,-404.4
5.36,96.0,-362.7
5.56,94.0,-336.9
5.76,90.0,-287.7
5.96,86.0,-267.0
6.16,83.0,-192.6
6.36,81.0,-124.3
6.56,80.0,-67.7
6.76,79.0,-43.6
6.96,79.0,-12.4
7.16,78.0,26.1
7.36,79.0,73.2
7.56,80.0,161.0
7.76,82.0,221.9
7.96,86.0,343.4
8.16,89.0,408.4
8.36,96.0,505.2
8.76,106.0,643.3
8.96,113.0,768.4
9.16,120.0,794.1
9.36,126.0,847.9
9.56,132.0,890.0
9.76,140.0,946.6
9.96,146.0,960.6
10.16,152.0,942.6
10.36,158.0,951.2
10.56,164.0,941.6
10.76,169.0,822.9
10.96,174.0,626.9
11.16,176.0,357.6
11.36,177.0,133.4
11.56,176.0,114.7
11.76,176.0,166.7
11.96,178.0,257.5
12.16,179.0,413.3
12.56,184.0,478.3
12.96,188.0,180.0
13.16,185.0,-671.3
13.56,176.0,-745.3
13.76,172.0,-703.8
13.96,166.0,-649.5
14.16,163.0,-542.8
14.36,159.0,-296.2
14.56,157.0,-92.1
14.76,158.0,141.3
14.96,159.0,252.4
15.16,161.0,320.0
15.36,162.0,402.2
15.56,165.0,411.1
15.76,168.0,453.2
15.96,169.0,418.3
16.36,174.0,497.0
16.56,177.0,464.9
16.76,179.0,524.2
16.96,181.0,602.5
17.16,185.0,764.1
17.36,189.0,839.0
17.56,194.0,845.4
17.76,197.0,685.7
17.96,201.0,405.2
18.16,201.0,187.3
18.36,200.0,27.9
18.56,200.0,47.6
18.76,200.0,126.5
18.96,200.0,146.2
19.16,201.0,108.0
19.36,201.0,108.0
19.56,200.0,87.1
19.76,201.0,108.0
19.96,201.0,88.2
20.16,201.0,-90.1
20.36,200.0,-425.5
20.56,197.0,-693.0
20.76,190.0,-916.4
20.96,186.0,-1009.6
21.16,179.0,-1046.2
21.36,173.0,-1167.8
21.56,165.0,-1150.3
21.76,157.0,-1082.6
21.96,150.0,-889.3
22.16,144.0,-643.0
22.36,140.0,-405.8
22.56,138.0,-278.2
22.76,137.0,-290.0
22.96,134.0,-403.5
23.16,130.0,-482.4
23.36,125.0,-532.1
23.76,116.0,-551.6
23.96,110.0,-456.2
24.16,105.0,-343.3
24.36,103.0,-174.7
24.56,102.0,-82.7
24.76,102.0,23.6
25.16,103.0,143.0
25.36,105.0,226.0
25.56,107.0,272.8
25.76,109.0,364.3
25.96,113.0,478.8
26.16,118.0,582.6
26.36,123.0,608.6
26.56,128.0,622.2
26.76,132.0,616.8
26.96,137.0,641.8
27.16,141.0,675.8
27.36,146.0,730.4
27.76,156.0,380.3
27.96,156.0,-168.9
28.16,154.0,-258.6
28.36,152.0,-286.0
28.56,148.0,-192.5
28.76,148.0,-46.7
28.96,148.0,55.5
29.16,149.0,12.2
29.36,148.0,-105.0
29.56,147.0,-365.5
29.76,144.0,-586.3
29.96,137.0,-735.7
30.16,131.0,-769.9
30.36,125.0,-637.7
30.56,119.0,-479.6
30.76,116.0,-308.2
30.96,114.0,-202.2
31.16,113.0,-144.9
31.76,116.0,252.1
31.96,118.0,47.6
32.16,120.0,-69.4
32.36,116.0,-216.7
32.56,113.0,-278.6
32.76,111.0,-153.8
32.96,109.0,-54.7
33.16,110.0,31.7
33.36,110.0,86.0
33.56,111.0,52.6
33.96,111.0,404.3
34.36,125.0,795.1
34.56,130.0,760.6
34.76,136.0,784.2
34.96,142.0,806.9
35.16,147.0,764.7
35.36,152.0,747.8
35.56,156.0,492.4
35.76,161.0,-29.2
35.96,157.0,-633.8
36.16,149.0,-971.9
36.36,140.0,-930.2
36.56,135.0,-832.1
36.76,129.0,-720.6
36.96,122.0,-671.3
37.16,117.0,-552.8
37.36,112.0,-464.1
37.56,109.0,-430.8
37.76,104.0,-381.2
37.96,100.0,-308.1
38.16,97.0,-175.1
38.36,96.0,-69.4
38.56,96.0,34.7
38.76,96.0,91.5
38.96,98.0,161.4
39.16,99.0,231.5
39.36,102.0,299.4
39.56,105.0,360.5
39.76,109.0,511.7
40.16,120.0,647.1
40.36,125.0,606.7
40.56,130.0,581.2
40.76,134.0,560.7
40.96,137.0,570.4
41.36,146.0,639.9
41.56,149.0,687.8
41.76,154.0,743.3
41.96,159.0,832.3
42.16,164.0,796.1
42.36,169.0,822.9
42.56,172.0,822.1
42.76,178.0,906.7
42.96,182.0,929.4
43.16,188.0,908.1
43.36,191.0,1018.6
43.56,196.0,1125.9
43.76,203.0,1391.2
43.96,209.0,1498.7
44.16,217.0,1477.0
44.36,223.0,1457.1
44.56,228.0,1449.3
44.76,234.0,1493.1
44.96,241.0,1521.1
45.16,246.0,1509.4
45.36,251.0,1372.4
45.56,257.0,1209.4
45.76,260.0,970.8
45.96,262.0,644.9
46.16,264.0,548.2
46.36,264.0,496.2
46.56,266.0,476.2
46.76,267.0,400.3
46.96,268.0,350.2
47.16,267.0,374.0
47.36,269.0,485.4
47.56,270.0,594.9
47.76,272.0,548.3
47.96,273.0,686.2
48.16,274.0,717.0
48.36,278.0,678.1
48.56,279.0,296.8
48.76,279.0,-445.7
48.96,275.0,-1068.1
49.16,268.0,-1657.5
49.36,261.0,-2008.6
49.56,251.0,-1967.7
49.76,241.0,-1662.2
49.96,235.0,-1302.4
50.16,231.0,-919.7
50.36,225.0,-856.9
50.56,223.0,-895.0
50.76,217.0,-940.1
50.96,212.0,-1089.6
51.16,206.0,-1083.6
51.36,200.0,-1095.8
51.56,194.0,-1028.7
51.76,188.0,-945.1
51.96,183.0,-832.7
52.16,178.0,-584.7
52.36,174.0,-316.5
52.56,174.0,-7.7
52.76,174.0,198.1
52.96,176.0,253.5
53.16,177.0,307.8
53.36,178.0,397.8
53.56,180.0,527.7
53.76,184.0,596.1
53.96,187.0,534.0
54.16,189.0,391.9
54.36,190.0,300.9
54.56,191.0,340.8
54.76,192.0,381.1
54.96,195.0,465.9
55.16,196.0,507.6
55.36,199.0,495.1
56.36,212.0,728.4
56.56,215.0,804.8
56.76,218.0,861.4
56.96,222.0,815.0
57.16,226.0,766.5
57.36,227.0,658.9
57.56,230.0,557.0
57.76,232.0,518.0
57.96,233.0,360.4
58.16,234.0,293.7
58.36,234.0,339.8
58.56,235.0,527.6
58.76,237.0,697.6
58.96,241.0,760.9
59.16,243.0,769.3
59.36,245.0,753.6
59.56,248.0,790.5
59.76,251.0,778.6
59.96,253.0,762.1
60.16,255.0,745.3
60.36,258.0,757.5
60.56,260.0,791.4
60.76,262.0,774.1
60.96,265.0,786.6
61.16,267.0,768.7
61.36,269.0,724.0
61.56,271.0,785.4
61.76,273.0,874.5
61.96,276.0,860.9
62.16,279.0,874.4
62.36,280.0,934.1
62.56,283.0,1032.0
62.76,287.0,939.2
62.96,290.0,753.3
63.16,289.0,606.8
63.36,291.0,814.8
63.56,293.0,967.8
63.76,298.0,933.3
63.96,298.0,874.5
64.16,300.0,811.7
64.56,305.0,893.5
64.76,307.0,855.1
64.96,308.0,950.7
65.16,311.0,1026.3
65.36,314.0,700.9
65.56,316.0,-7.5
65.76,312.0,-721.7
65.96,307.0,-1293.5
66.16,302.0,-1518.6
66.36,295.0,-1436.1
66.56,288.0,-1128.5
66.76,285.0,-699.6
66.96,283.0,-334.9
67.16,281.0,-252.2
67.36,280.0,-528.7
67.56,278.0,-966.1
67.76,271.0,-1565.4
67.96,264.0,-1924.0
68.16,254.0,-1937.8
68.36,246.0,-1885.4
68.56,238.0,-1597.6
68.76,230.0,-1438.1
68.96,225.0,-1256.1
69.16,218.0,-1094.0
69.36,213.0,-905.0
69.56,208.0,-539.1
69.76,206.0,-190.2
69.96,206.0,114.4
70.16,207.0,217.7
70.36,208.0,199.0
70.56,208.0,137.5
70.76,208.0,55.5
70.96,208.0,35.0
71.16,207.0,34.1
71.36,207.0,54.5
71.56,207.0,217.7
71.76,207.0,401.4
71.96,210.0,678.6
72.16,213.0,858.6
72.36,218.0,882.9
72.56,221.0,854.1
72.76,224.0,691.7
72.96,227.0,211.4
73.16,228.0,-461.0
73.36,221.0,-1106.5
73.56,214.0,-1478.0
73.76,206.0,-1449.1
73.96,198.0,-1379.0
74.16,191.0,-1278.3
74.36,184.0,-1272.0
74.56,177.0,-1332.2
74.76,168.0,-1434.7
74.96,159.0,-1456.0
75.16,148.0,-1280.4
75.56,132.0,-894.4
75.76,125.0,-625.4
75.96,120.0,-601.7
76.16,116.0,-486.2
76.56,107.0,-477.5
76.76,100.0,-327.9
76.96,98.0,-215.4
77.16,96.0,-12.6
77.36,97.0,83.1
77.56,99.0,163.2
77.76,100.0,165.0
77.96,102.0,168.7
78.16,103.0,170.5
78.36,105.0,132.8
78.56,106.0,92.5
78.76,106.0,19.3
78.96,106.0,8.9
79.16,105.0,60.4
79.36,106.0,176.1
79.56,108.0,318.2
79.76,112.0,419.2
79.96,116.0,503.7
80.16,120.0,557.5
80.36,125.0,594.4
80.56,130.0,606.8
80.76,134.0,640.0
80.96,138.0,687.6
81.16,144.0,790.6
81.36,149.0,878.7
81.56,155.0,901.3
81.76,161.0,859.5
81.96,166.0,823.2
82.16,169.0,837.2
82.56,180.0,1085.3
82.76,186.0,1062.2
82.96,192.0,1100.3
83.16,196.0,1048.6
83.96,214.0,736.9
84.16,216.0,766.7
84.36,220.0,871.0
84.56,223.0,907.5
84.76,228.0,865.0
84.96,230.0,874.4
85.16,233.0,842.7
85.36,237.0,861.1
85.56,240.0,827.7
85.76,242.0,884.4
85.96,245.0,970.9
86.16,250.0,996.2
86.36,253.0,986.6
86.56,255.0,971.5
86.76,259.0,991.4
86.96,263.0,1011.6
87.16,265.0,891.1
87.36,268.0,693.6
87.56,270.0,728.0
87.76,270.0,781.2
87.96,274.0,825.0
88.16,277.0,920.0
88.36,278.0,869.9
88.56,281.0,883.4
88.76,284.0,981.1
88.96,286.0,934.5
89.16,289.0,948.6
89.36,291.0,728.7
89.56,294.0,219.1
89.76,292.0,-447.4
89.96,288.0,-1014.9
90.16,282.0,-1196.9
90.36,277.0,-1209.8
90.56,272.0,-1194.5
90.76,267.0,-1310.4
90.96,261.0,-1391.2
91.16,254.0,-1311.8
91.36,248.0,-1067.4
91.56,244.0,-693.6
91.76,241.0,-284.4
91.96,240.0,47.0
92.16,241.0,333.3
92.36,242.0,502.7
92.56,244.0,533.0
92.76,246.0,321.2
92.96,247.0,-90.3
93.16,244.0,-453.1
93.36,240.0,-828.3
93.56,237.0,-1077.9
93.76,230.0,-1188.7
93.96,223.0,-1334.6
94.16,218.0,-1330.4
94.36,210.0,-1412.1
94.56,203.0,-1510.3
94.76,194.0,-1392.0
94.96,186.0,-1174.6
95.16,180.0,-820.8
95.36,176.0,-492.5
95.56,174.0,-196.4
95.76,173.0,-8.2
95.96,174.0,146.6
96.16,174.0,198.1
96.36,176.0,166.7
96.56,176.0,166.7
96.76,176.0,45.3
96.96,177.0,-163.3
97.16,175.0,-611.0
97.36,170.0,-1031.8
97.56,160.0,-1275.4
97.76,152.0,-1245.0
97.96,142.0,-1054.7
98.16,136.0,-784.3
98.36,129.0,-453.5
98.56,128.0,-223.2
98.76,127.0,-8.9
98.96,127.0,41.1
99.16,128.0,67.0
99.36,128.0,79.6
99.56,128.0,117.5
99.76,129.0,144.1
99.96,131.0,185.7
100.16,131.0,237.3
100.36,133.0,333.3
100.56,136.0,341.8
100.76,140.0,104.8
100.96,139.0,-266.2
101.16,134.0,-509.2
101.36,128.0,-767.6
101.76,114.0,-754.4
101.96,108.0,-671.9
102.16,100.0,-564.4
102.36,95.0,-424.6
102.56,91.0,-272.8
102.76,89.0,-196.9
102.96,87.0,-141.3
103.16,85.0,-113.2
103.36,84.0,-70.6
103.56,83.0,-28.9
103.76,83.0,-37.1
103.96,83.0,-20.8
104.16,81.0,19.4
104.36,82.0,100.6
104.56,84.0,202.7
104.76,87.0,270.3
104.96,90.0,288.9
105.16,94.0,274.6
105.36,96.0,167.2
105.56,98.0,-2.9
105.76,96.0,-164.0
105.96,93.0,-232.7
106.16,89.0,-188.1
106.36,88.0,-38.7
106.56,87.0,124.5
106.76,91.0,238.5
106.96,94.0,311.7
107.16,97.0,322.1
107.36,100.0,381.9
107.56,104.0,428.6
107.76,109.0,504.0
108.36,127.0,717.2
108.56,132.0,694.8
108.76,138.0,769.2
108.96,142.0,806.9
109.16,149.0,834.7
109.36,154.0,925.4
109.56,159.0,957.7
109.76,166.0,1117.7
109.96,172.0,1279.8
110.16,180.0,1414.8
110.36,188.0,1519.6
110.56,196.0,1531.6
110.76,203.0,1531.3
110.96,210.0,1589.4
111.16,217.0,1626.7
111.36,225.0,1538.4
111.56,231.0,1539.5
111.76,235.0,1384.7
111.96,243.0,1368.1
112.16,246.0,1412.4
112.36,251.0,1372.4
112.56,257.0,1564.1
112.76,262.0,1600.5
112.96,268.0,1591.8
113.16,273.0,1439.6
113.36,278.0,952.1
113.56,280.0,271.7
113.76,278.0,-500.3
113.96,274.0,-1092.6
114.16,268.0,-1366.9
114.36,261.0,-1494.1
114.56,255.0,-1517.0
114.76,248.0,-1458.6
114.96,241.0,-1400.9
115.16,235.0,-1348.7
115.36,229.0,-1252.2
115.56,222.0,-1066.9
115.76,217.0,-875.9
115.96,214.0,-718.6
116.16,210.0,-729.0
116.36,206.0,-819.7
116.56,201.0,-862.8
116.76,196.0,-922.0
116.96,191.0,-882.9
117.16,185.0,-840.6
117.36,181.0,-842.6
117.56,176.0,-752.7
117.76,170.0,-596.1
117.96,167.0,-373.1
118.16,166.0,-142.3
118.36,165.0,37.0
118.56,165.0,183.4
118.76,167.0,285.4
118.96,169.0,339.8
119.16,170.0,344.7
119.56,174.0,354.9
119.76,175.0,355.0
119.96,177.0,307.8
120.16,179.0,206.6
120.36,179.0,118.3
120.56,178.0,330.2
120.96,185.0,680.7
121.16,189.0,56.5
121.36,191.0,-355.8
121.56,184.0,-927.4
121.76,176.0,-1238.5
121.96,169.0,-1326.1
122.16,161.0,-1267.1
122.36,150.0,-1214.6
122.56,144.0,-1168.2
122.76,135.0,-1045.0
122.96,126.0,-1089.7
123.96,108.0,-198.9
124.16,106.0,-147.8
124.36,105.0,-94.9
124.56,103.0,8.1
124.76,104.0,110.8
124.96,106.0,197.0
125.16,108.0,342.5
125.56,116.0,503.7
125.76,120.0,545.7
125.96,125.0,582.1
126.16,129.0,627.3
126.36,134.0,666.4
126.56,139.0,665.5
126.76,144.0,577.7
126.96,147.0,518.4
127.16,149.0,440.2
127.56,155.0,652.5
127.76,160.0,790.7
127.96,165.0,817.7
128.16,169.0,672.9
128.36,174.0,318.1
128.56,174.0,-179.2
128.76,170.0,-612.9
128.96,164.0,-836.6
129.16,159.0,-860.4
129.36,152.0,-825.4
129.56,147.0,-854.0
129.96,134.0,-858.3
130.16,127.0,-847.7
130.36,120.0,-779.1
130.56,113.0,-679.6
130.76,107.0,-581.5
130.96,102.0,-464.8
131.16,97.0,-328.1
131.36,94.0,-188.7
131.56,93.0,-104.3
131.76,93.0,-67.7
131.96,91.0,-75.5
132.56,93.0,106.5
132.76,94.0,80.0
132.96,95.0,118.5
133.16,95.0,127.9
133.36,98.0,273.1
133.76,105.0,477.3
133.96,110.0,704.0
134.16,116.0,732.4
134.36,124.0,797.2
134.56,129.0,830.8
134.76,135.0,818.1
134.96,142.0,904.9
135.16,147.0,938.6
135.36,154.0,910.3
135.56,160.0,932.6
135.76,164.0,925.5
135.96,170.0,928.8
136.16,176.0,930.1
136.36,180.0,669.6
136.56,184.0,197.1
136.76,183.0,-255.5
136.96,178.0,-654.9
137.16,174.0,-831.0
137.36,168.0,-805.4
137.56,162.0,-779.4
137.76,158.0,-715.3
137.96,153.0,-369.4
138.36,151.0,68.4
138.56,152.0,253.4
138.76,154.0,272.7
138.96,155.0,244.3
139.16,157.0,201.9
139.36,157.0,248.3
139.56,158.0,297.1
139.76,161.0,351.7
139.96,163.0,357.0
140.16,164.0,311.2
140.36,166.0,601.1
140.76,176.0,677.3
140.96,178.0,415.4
141.16,180.0,492.2
141.36,182.0,391.2
141.56,186.0,35.5
141.76,184.0,-437.7
141.96,178.0,-847.9
142.16,172.0,-924.2
142.36,166.0,-845.9
142.56,161.0,-806.8
142.76,156.0,-737.8
142.96,150.0,-608.4
143.16,146.0,-421.0
143.36,144.0,-203.0
143.56,143.0,-61.0
143.76,143.0,37.7
143.96,143.0,108.1
144.16,144.0,123.5
144.36,145.0,167.6
144.56,145.0,181.9
144.76,147.0,141.7
144.96,148.0,128.4
145.16,147.0,69.2
145.36,148.0,84.6
145.56,148.0,143.0
145.76,149.0,188.4
145.96,150.0,264.0
146.16,152.0,343.2
146.36,154.0,424.5
146.56,157.0,449.5
146.76,160.0,506.8
146.96,162.0,561.9
147.16,166.0,577.7
147.36,170.0,660.7
147.56,172.0,618.6
147.76,177.0,639.3
147.96,179.0,735.9
148.16,183.0,736.6
148.36,188.0,852.5
148.56,191.0,868.0
148.76,196.0,874.7
148.96,200.0,934.8
149.16,204.0,120.4
149.56,197.0,-901.1
149.76,188.0,-1461.3
150.16,172.0,-1360.2
150.36,162.0,-1162.7
150.56,155.0,-1115.5
150.76,149.0,-869.1
151.16,137.0,-683.6
151.36,132.0,-554.3
151.56,128.0,-403.5
151.96,123.0,-236.6
152.16,122.0,-214.4
152.36,119.0,-310.4
152.76,112.0,-445.1
152.96,107.0,-507.6
153.16,102.0,-464.8
153.36,97.0,-433.3
153.56,93.0,-361.0
153.76,88.0,-290.3
153.96,86.0,-250.0
154.16,83.0,-217.1
154.36,80.0,-256.9
154.56,77.0,-278.0
154.76,72.0,-253.3
154.96,68.0,-206.0
155.16,66.0,-122.1
155.36,64.0,-30.2
155.56,64.0,70.7
155.76,66.0,151.2
155.96,70.0,229.7
156.16,72.0,300.3
156.36,77.0,397.5
156.56,83.0,576.5
156.76,90.0,697.0
156.96,100.0,795.9
157.16,107.0,779.1
157.36,114.0,741.7
157.56,119.0,477.2
157.96,123.0,317.6
158.16,125.0,409.6
158.36,129.0,423.9
158.56,132.0,499.7
158.76,135.0,591.8
158.96,140.0,684.4
159.16,146.0,759.2
159.36,150.0,796.3
159.56,155.0,824.9
159.76,161.0,859.5
159.96,166.0,855.9
160.16,170.0,845.0
160.36,175.0,889.8
160.56,180.0,918.0
160.76,185.0,891.8
160.96,189.0,894.9
161.16,193.0,897.4
161.36,198.0,963.1
161.56,202.0,945.6
161.76,207.0,911.5
161.96,210.0,782.1
162.16,214.0,378.3
162.36,215.0,-85.4
162.56,211.0,-606.9
162.76,207.0,-843.3
162.96,201.0,-862.8
163.16,197.0,-945.5
163.36,192.0,-1057.3
163.56,185.0,-1187.1
163.76,177.0,-1140.3
163.96,170.0,-981.5
164.16,165.0,-825.0
164.36,160.0,-770.7
164.56,155.0,-733.5
164.76,149.0,-692.8
164.96,145.0,-690.0
165.16,140.0,-695.6
165.36,134.0,-680.9
165.56,128.0,-627.0
165.76,124.0,-571.8
165.96,119.0,-467.9
166.16,114.0,-438.2
166.36,112.0,-364.7
166.96,112.0,76.9
167.16,113.0,55.5
167.36,113.0,55.5
167.56,113.0,108.1
167.96,116.0,301.1
168.16,119.0,458.8
168.36,123.0,463.1
168.56,127.0,491.8
168.76,130.0,478.7
168.96,134.0,468.2
169.16,137.0,493.2
169.36,140.0,463.6
169.56,144.0,464.1
169.76,146.0,514.5
169.96,149.0,540.9
170.16,154.0,561.1
170.36,157.0,465.0
170.56,159.0,158.4
170.76,160.0,-250.3
170.96,156.0,-553.3
171.16,149.0,-883.8
171.36,145.0,-1033.0
171.56,134.0,-1024.3
171.76,126.0,-816.4
172.16,117.0,-322.1
172.56,114.0,-118.7
172.76,113.0,-89.3
172.96,112.0,-88.7
173.56,113.0,412.0
173.76,116.0,377.9
173.96,120.0,403.7
174.16,122.0,411.0
174.36,126.0,487.7
174.56,129.0,551.0
174.76,135.0,605.1
174.96,138.0,633.2
175.16,143.0,672.0
175.36,147.0,735.7
175.56,153.0,768.2
175.76,157.0,805.5
175.96,162.0,817.4
176.16,167.0,910.9
176.36,172.0,1025.5
176.56,178.0,1029.5
176.76,185.0,1055.9
176.96,188.0,945.1
177.16,194.0,979.2
177.36,197.0,1015.8
177.56,204.0,1056.9
177.76,207.0,1095.1
177.96,213.0,1026.6
178.16,217.0,1092.0
178.36,221.0,1137.3
178.56,226.0,1345.7
178.76,232.0,1432.7
178.96,239.0,1530.0
179.16,243.0,1368.1
179.36,250.0,1070.1
179.56,252.0,534.4
179.76,253.0,-310.3
179.96,249.0,-849.7
180.16,242.0,-1191.0
180.36,237.0,-1194.7
180.56,231.0,-1079.1
180.76,226.0,-948.9
180.96,221.0,-758.0
181.16,218.0,-664.3
181.36,215.0,-636.4
181.56,211.0,-669.3
181.76,207.0,-511.0
182.16,203.0,-252.5
182.36,202.0,103.6
182.76,203.0,162.0
183.96,211.0,323.1
184.76,202.0,-1404.0
184.96,195.0,-1340.9
185.16,187.0,-1235.6
185.36,180.0,-1175.7
185.56,174.0,-1134.8
185.96,159.0,-981.3
186.16,153.0,-800.3
186.36,148.0,-761.5
186.56,142.0,-704.8
186.76,137.0,-722.2
186.96,132.0,-697.4
187.16,125.0,-563.8
187.56,118.0,-364.5
187.76,114.0,-269.6
187.96,112.0,-221.2
188.16,110.0,-141.7
188.36,109.0,-108.4
188.56,108.0,-22.5
188.76,107.0,-11.9
188.96,109.0,-22.5
189.16,107.0,-54.1
189.36,106.0,-106.1
189.56,105.0,-63.8
189.76,104.0,8.3
189.96,104.0,80.1
190.16,106.0,197.0
190.36,107.0,283.4
190.56,111.0,360.5
190.76,114.0,427.1
190.96,118.0,466.3
191.36,126.0,535.6
191.56,131.0,573.1
191.76,134.0,640.0
191.96,139.0,679.2
192.16,145.0,753.6
192.36,149.0,731.8
192.56,154.0,728.1
192.76,158.0,686.4
192.96,163.0,646.2
193.16,165.0,671.3
193.36,169.0,672.9
193.56,174.0,781.2
193.76,177.0,761.5
193.96,182.0,714.1
194.16,185.0,764.1
194.36,188.0,778.4
194.56,193.0,859.4
194.76,197.0,799.4
195.16,203.0,633.7
195.36,205.0,598.1
195.56,208.0,617.9
195.96,213.0,720.7
196.16,216.0,766.7
196.36,220.0,589.1
196.56,222.0,311.7
196.76,221.0,26.3
196.96,220.0,-104.8
197.16,219.0,-105.2
197.36,218.0,-62.6
197.56,217.0,1.1
197.76,217.0,65.2
197.96,217.0,108.0
198.16,217.0,108.0
198.36,217.0,150.8
198.56,217.0,172.2
198.76,218.0,173.8
198.96,218.0,195.3
199.16,218.0,216.8
199.36,219.0,283.4
199.56,220.0,372.3
199.76,221.0,440.2
199.96,223.0,511.8
200.16,225.0,518.2
200.36,227.0,547.0
200.56,228.0,572.8
200.76,231.0,605.9
200.96,233.0,636.0
201.16,235.0,597.1
201.36,237.0,557.4
201.56,239.0,540.5
201.76,240.0,543.8
201.96,242.0,526.5
202.16,244.0,460.8
202.36,245.0,318.9
202.56,245.0,149.8
202.76,245.0,125.7
202.96,244.0,100.1
203.16,245.0,101.5
203.36,244.0,124.1
203.56,244.0,3.8
203.76,244.0,-44.3
203.96,242.0,-117.5
204.16,241.0,-236.8
204.36,240.0,-331.5
204.56,237.0,-423.8
204.76,234.0,-398.3
204.96,232.0,-168.1
205.16,231.0,82.2
205.36,232.0,220.7
205.56,233.0,245.6
205.76,233.0,176.7
205.96,233.0,176.7
206.16,233.0,337.4
206.36,234.0,455.2
206.56,237.0,557.4
206.76,238.0,537.3
206.96,240.0,496.5
207.16,241.0,547.1
207.36,243.0,625.6
207.56,245.0,753.6
207.76,248.0,790.5
207.96,251.0,729.1
208.16,253.0,687.3
208.36,254.0,616.0
208.56,257.0,677.4
208.76,258.0,681.2
208.96,261.0,589.8
209.16,262.0,593.3
209.36,263.0,570.8
209.56,265.0,656.0
209.76,267.0,663.5
209.96,269.0,644.5
210.16,270.0,594.9
210.36,272.0,601.9
210.56,273.0,605.4
210.76,275.0,612.5
210.96,276.0,616.1
211.16,278.0,623.3
211.36,279.0,626.9
211.56,281.0,578.7
211.76,282.0,387.6
211.96,283.0,-28.1
212.16,281.0,-446.1
212.36,277.0,-882.1
212.56,273.0,-1036.1
212.76,267.0,-1020.9
212.96,263.0,-855.0
213.16,259.0,-540.4
213.36,257.0,-310.6
213.56,256.0,-83.4
213.76,255.0,91.7
213.96,255.0,142.0
214.16,256.0,118.5
214.36,255.0,66.6
214.56,254.0,-9.9
214.76,254.0,-9.9
214.96,253.0,-35.9
215.16,252.0,-86.6
215.36,251.0,-37.9
215.56,250.0,133.7
215.76,250.0,256.9
215.96,252.0,310.9
216.16,252.0,261.2
216.36,252.0,62.5
216.56,252.0,-285.3
216.76,250.0,-827.4
216.96,244.0,-1198.7
217.16,236.0,-1330.2
217.36,231.0,-1306.8
217.56,225.0,-1233.9
217.76,218.0,-1287.4
217.96,212.0,-1173.2
218.16,205.0,-1099.3
218.36,201.0,-1080.8
218.56,194.0,-1086.1
218.76,188.0,-1093.3
218.96,181.0,-896.2
219.16,176.0,-631.3
219.36,173.0,-281.1
219.56,172.0,-8.7
219.76,173.0,128.2
219.96,174.0,180.9
220.16,174.0,146.6
220.36,175.0,148.0
220.56,175.0,148.0
220.76,176.0,218.8
220.96,176.0,322.9
221.16,179.0,400.6
221.36,181.0,531.2
221.56,183.0,538.2
221.76,187.0,589.3
221.96,189.0,615.4
222.16,192.0,608.2
222.36,195.0,619.7
222.56,198.0,650.8
222.76,200.0,678.5
222.96,204.0,715.1
223.16,207.0,748.3
223.36,210.0,678.6
223.56,213.0,669.7
223.76,215.0,677.6
223.96,218.0,711.0
224.16,221.0,723.4
224.36,224.0,669.6
224.56,226.0,610.5
224.76,228.0,348.0
224.96,230.0,-123.2
225.16,227.0,-661.3
225.36,221.0,-1106.5
225.56,215.0,-1187.4
225.76,208.0,-1154.2
225.96,203.0,-784.2
226.36,197.0,-482.2
226.56,195.0,-456.7
226.76,191.0,-374.6
226.96,189.0,-278.8
227.16,188.0,-111.2
227.36,187.0,17.8
227.56,187.0,91.6
227.76,188.0,166.8
227.96,188.0,203.9
228.16,189.0,224.2
228.36,190.0,300.9
228.56,191.0,359.7
228.76,193.0,497.9
228.96,195.0,658.2
229.16,199.0,713.7
229.36,203.0,730.9
229.56,205.0,638.5
229.76,208.0,650.1
229.96,210.0,678.6
230.16,214.0,483.8
230.36,216.0,-21.1
230.56,214.0,-634.2
230.76,207.0,-1149.4
230.96,201.0,-1318.5
231.16,192.0,-1227.6
231.36,186.0,-1174.6
231.56,180.0,-980.5
231.76,173.0,-946.1
231.96,169.0,-859.7
232.16,162.0,-859.3
232.36,158.0,-948.9
232.56,150.0,-1007.6
232.76,143.0,-1075.9
232.96,134.0,-1024.3
233.76,108.0,-512.2
233.96,105.0,-550.3
234.16,98.0,-476.2
234.36,92.0,-448.0
234.56,89.0,-319.7
234.76,84.0,-236.2
234.96,83.0,-168.0
235.16,80.0,-91.3
235.36,80.0,-75.6
235.56,79.0,-35.8
235.76,78.0,3.0
235.96,78.0,72.2
236.16,80.0,153.1
236.36,82.0,229.9
236.56,85.0,272.2
236.76,89.0,320.7
236.96,92.0,350.1
237.16,96.0,394.3
237.36,100.0,460.7
237.56,105.0,474.4
237.76,110.0,498.0
237.96,113.0,490.0
238.16,118.0,524.5
238.36,122.0,543.3
238.56,127.0,529.4
238.76,130.0,529.9
238.96,134.0,587.1
239.16,138.0,714.8
239.36,144.0,776.4
239.56,150.0,781.5
239.76,154.0,712.9
239.96,158.0,702.0
240.16,162.0,705.6
240.36,167.0,680.5
240.56,170.0,627.2
240.76,173.0,537.5
240.96,176.0,496.4
241.16,178.0,520.7
241.36,180.0,563.1
241.56,184.0,632.4
241.76,187.0,699.9
241.96,190.0,731.7
242.16,194.0,539.4
242.36,198.0,455.6
242.56,195.0,177.6
243.16,175.0,-1232.0
243.36,167.0,-949.2
243.56,160.0,-896.9
243.76,157.0,-850.4
243.96,150.0,-933.7
244.16,143.0,-1033.6
244.36,134.0,-997.9
244.56,127.0,-935.3
244.76,119.0,-878.5
244.96,112.0,-751.1
245.16,103.0,-550.3
245.36,100.0,-377.1
245.56,97.0,-242.0
245.76,95.0,-256.1
245.96,92.0,-248.5
246.16,88.0,-194.8
246.36,86.0,-122.9
246.56,86.0,-46.6
246.76,85.0,-12.6
246.96,85.0,-4.3
247.16,85.0,29.3
247.36,85.0,20.9
247.56,86.0,-21.1
247.76,85.0,-46.1
247.96,83.0,-53.5
248.16,83.0,-4.4
248.36,83.0,36.5
248.56,84.0,37.1
248.76,84.0,12.2
248.96,84.0,4.0
249.16,83.0,28.3
249.36,84.0,28.8
249.56,85.0,46.0
249.76,84.0,78.5
249.96,85.0,163.3
250.16,88.0,299.6
250.36,92.0,404.5
250.56,97.0,398.6
250.76,102.0,399.9
250.96,103.0,404.0
251.16,108.0,424.6
251.36,113.0,490.0
251.56,116.0,538.0
251.76,120.0,604.8
251.96,127.0,729.7
252.16,132.0,746.9
252.36,138.0,714.8
252.56,142.0,722.9
252.76,147.0,735.7
252.96,152.0,792.7
253.16,157.0,821.0
253.36,162.0,849.4
253.56,167.0,910.9
253.76,172.0,957.7
253.96,178.0,994.4
254.16,183.0,1007.2
254.36,188.0,1000.7
254.56,193.0,1030.6
254.76,198.0,1138.8
254.96,203.0,1211.1
255.16,210.0,1258.2
255.36,215.0,1207.4
255.56,220.0,1131.3
255.76,224.0,1199.5
255.96,229.0,1185.7
256.16,235.0,851.9
256.36,238.0,185.4
256.56,235.0,-607.5
256.76,230.0,-1143.4
256.96,223.0,-1378.6
257.16,216.0,-1490.2
257.36,208.0,-1502.7
257.56,200.0,-1490.1
257.76,192.0,-1284.4
257.96,184.0,-1090.6
258.16,180.0,-891.8
258.36,174.0,-625.2
258.56,170.0,-428.5
258.76,169.0,-176.6
258.96,168.0,39.2
259.16,168.0,188.2
259.36,170.0,359.0
259.56,172.0,516.9
259.76,175.0,596.5
259.96,179.0,647.7
260.16,182.0,642.3
260.36,185.0,654.7
260.56,188.0,685.7
260.76,192.0,702.9
260.96,195.0,696.6
261.16,198.0,631.3
261.36,201.0,345.8
261.56,203.0,-229.6
261.76,199.0,-816.4
261.96,191.0,-1146.5
262.16,184.0,-1422.3
262.56,166.0,-1212.9
262.76,160.0,-912.7
262.96,153.0,-800.3
263.16,148.0,-586.4
263.36,144.0,-316.6
263.56,143.0,-89.2
263.76,143.0,51.8
263.96,144.0,24.1
264.16,144.0,-75.3
264.36,142.0,-130.9
264.56,140.0,-102.2
264.76,140.0,-19.4
264.96,140.0,35.8
265.16,140.0,-19.4
265.36,140.0,-157.4
265.56,138.0,-291.8
265.76,134.0,-297.9
265.96,131.0,-137.2
266.16,131.0,4.9
266.36,133.0,97.4
266.56,132.0,83.3
266.76,133.0,71.1
266.96,133.0,149.8
267.16,134.0,204.1
267.36,136.0,261.4
267.56,138.0,376.7
267.96,144.0,520.9
268.16,147.0,503.9
268.36,152.0,223.4
268.56,153.0,59.4
268.76,147.0,-738.1
269.16,132.0,-849.8
269.36,126.0,-605.3
269.56,120.0,-459.8
269.76,117.0,-252.9
269.96,116.0,-79.5
270.16,116.0,-10.9
270.36,116.0,-64.8
270.76,113.0,-144.9
271.16,110.0,-126.3
271.36,109.0,181.7
271.76,114.0,330.8
271.96,117.0,439.1
272.16,120.0,474.7
272.36,125.0,582.1
272.56,129.0,665.5
272.76,135.0,738.2
272.96,140.0,822.4
273.16,146.0,816.7
273.36,152.0,852.7
273.56,156.0,815.3
273.76,162.0,817.4
273.96,166.0,816.2
274.36,175.0,682.8
274.56,176.0,513.7
274.76,181.0,531.2
274.96,182.0,678.2
275.16,185.0,527.0
275.36,191.0,265.5
275.56,189.0,-260.2
275.76,185.0,-767.7
275.96,179.0,-852.1
276.16,173.0,-792.7
276.36,169.0,-609.8
276.56,165.0,-402.1
276.76,163.0,-189.3
276.96,162.0,-12.9
277.16,163.0,99.9
277.36,163.0,132.0
277.56,164.0,133.3
277.76,164.0,133.3
277.96,165.0,134.6
278.16,165.0,167.1
278.36,166.0,217.7
278.56,167.0,203.1
278.76,169.0,106.6
278.96,168.0,-109.9
279.16,167.0,-422.5
279.36,163.0,-542.8
279.56,157.0,-739.9
279.96,147.0,-527.0
280.16,143.0,-187.9
280.36,142.0,-88.9
280.56,142.0,79.0
280.76,143.0,150.4
280.96,144.0,151.9
281.16,145.0,139.0
281.36,145.0,139.0
281.56,146.0,125.9
281.76,147.0,141.7
281.96,147.0,83.7
282.16,148.0,-46.7
282.36,147.0,-220.6
282.56,144.0,-345.0
282.76,140.0,-323.0
282.96,138.0,-223.8
283.16,137.0,-74.0
283.36,136.0,33.5
283.56,137.0,142.1
283.76,138.0,293.1
283.96,140.0,367.0
284.16,144.0,549.3
284.36,146.0,600.8
284.56,153.0,662.6
284.76,155.0,672.1
284.96,160.0,648.7
285.16,163.0,758.7
285.36,168.0,817.5
285.56,173.0,878.5
285.76,178.0,608.4
285.96,182.0,462.9
286.16,179.0,-761.4
286.56,161.0,-1487.0
286.76,151.0,-1460.4
286.96,140.0,-1178.6
287.16,131.0,-782.8
287.36,127.0,-434.6
287.56,126.0,-207.9
287.76,124.0,-107.3
287.96,123.0,-82.5
288.16,123.0,-9.7
288.36,122.0,74.3
288.56,123.0,184.3
288.76,125.0,261.7
288.96,128.0,281.5
289.16,129.0,296.7
289.36,131.0,379.4
289.56,134.0,481.5
289.76,139.0,610.7
289.96,142.0,666.9
290.16,148.0,595.3
290.36,152.0,568.0
290.56,153.0,572.1
290.76,157.0,697.1
290.96,163.0,742.6
291.16,168.0,386.9
291.36,169.0,-143.3
291.56,164.0,-626.5
291.76,159.0,-860.4
291.96,152.0,-870.4
292.16,146.0,-823.9
292.36,140.0,-723.2
292.56,135.0,-605.8
292.76,130.0,-456.8
292.96,127.0,-384.5
293.16,125.0,-306.8
293.56,119.0,-233.3
293.76,116.0,0.6
293.96,117.0,70.0
294.16,118.0,152.3
294.36,120.0,167.2
294.56,120.0,214.5
294.76,122.0,302.8
294.96,125.0,409.6
295.16,129.0,449.3
295.36,132.0,447.6
295.56,135.0,378.9
295.76,138.0,279.5
295.96,139.0,213.4
296.16,139.0,203.6
296.56,143.0,307.5
296.76,144.0,293.8
296.96,147.0,272.1
297.16,148.0,99.2
297.36,149.0,-208.1
297.56,145.0,-489.9
297.76,140.0,-750.8
297.96,134.0,-799.8
298.16,126.0,-841.3
301.16,135.0,764.8
301.36,140.0,794.8
301.56,146.0,837.3
301.96,157.0,874.0
302.16,163.0,855.1
302.36,167.0,821.6
302.76,176.0,82.5
302.96,176.0,-1065.0
303.16,165.0,-1117.7
303.36,158.0,-1353.8
303.56,149.0,-1236.3
303.76,139.0,-1197.9
303.96,131.0,-1041.1
304.16,122.0,-851.7
304.36,116.0,-685.5
304.56,110.0,-456.2
304.76,106.0,-283.7
304.96,105.0,-125.9
305.16,104.0,8.3
305.36,104.0,100.6
305.56,106.0,186.5
305.76,108.0,233.0
305.96,110.0,182.0
306.36,112.0,104.5
306.76,113.0,127.2
306.96,114.0,281.0
307.16,116.0,320.7
307.36,120.0,391.9
307.56,123.0,477.0
307.96,131.0,473.5
308.16,133.0,516.9
308.36,137.0,614.8
308.56,142.0,694.9
308.76,148.0,726.5
308.96,151.0,757.4
309.16,156.0,738.4
309.36,162.0,801.5
309.56,165.0,801.5
309.76,170.0,761.2
309.96,175.0,441.3
310.16,178.0,-198.7
310.36,172.0,-890.3
310.56,164.0,-1402.4
310.76,154.0,-1381.9
310.96,142.0,-1194.7
311.16,136.0,-998.8
311.36,129.0,-936.7
311.56,122.0,-719.4
311.76,111.0,-591.4
311.96,114.0,-272.8
312.36,109.0,-96.2
312.56,109.0,-1.0
312.76,110.0,-76.7
312.96,108.0,-139.6
313.16,105.0,-167.3
313.36,104.0,-83.9
313.56,103.0,38.5
313.76,104.0,131.4
313.96,106.0,207.4
314.16,108.0,296.9
314.36,110.0,378.7
314.56,115.0,487.8
314.76,119.0,599.5
314.96,124.0,650.5
315.16,130.0,735.0
315.36,135.0,711.6
315.56,141.0,634.1
315.76,144.0,606.1
315.96,147.0,561.9
316.16,152.0,612.9
316.36,155.0,672.1
316.56,159.0,628.5
316.76,164.0,650.6
316.96,166.0,610.4
317.16,170.0,576.9
317.36,173.0,571.6
317.56,176.0,427.0
317.76,178.0,380.3
317.96,178.0,292.6
318.16,181.0,299.2
318.36,181.0,317.1
318.56,183.0,231.5
318.76,184.0,197.1
318.96,184.0,106.4
319.16,184.0,142.7
319.36,184.0,287.8
319.56,186.0,383.8
319.76,189.0,410.5
319.96,190.0,375.9
320.16,191.0,359.7
320.36,193.0,459.8
320.56,195.0,523.6
320.76,198.0,572.8
321.36,207.0,809.5
321.56,210.0,864.9
321.76,214.0,905.7
321.96,218.0,711.0
322.16,222.0,158.5
322.36,220.0,-191.6
322.56,214.0,-992.8
322.96,202.0,-1105.3
323.16,196.0,-1250.5
323.36,190.0,-1103.7
323.56,181.0,-860.5
323.76,178.0,-725.1
323.96,176.0,-700.7
324.16,170.0,-897.8
324.36,163.0,-1024.8
324.56,156.0,-792.7
324.96,148.0,-371.8
325.16,146.0,-18.0
325.36,145.0,53.2
325.56,147.0,170.6
325.76,148.0,215.9
325.96,149.0,129.7
326.16,150.0,71.8
326.36,149.0,56.2
326.56,149.0,56.2
326.76,150.0,101.4
326.96,150.0,185.9
327.36,153.0,130.5
327.56,153.0,-16.0
327.76,152.0,-1.4
327.96,152.0,13.6
328.16,152.0,43.6
328.36,152.0,103.5
328.56,152.0,193.4
328.76,154.0,257.5
328.96,156.0,307.8
329.16,157.0,248.3
329.36,159.0,174.0
329.56,159.0,111.3
329.76,159.0,80.0
329.96,159.0,158.4
330.16,160.0,222.9
330.36,162.0,258.5
330.56,163.0,212.4
330.76,164.0,198.0
330.96,164.0,246.5
331.16,166.0,283.2
331.36,168.0,557.3
331.76,176.0,721.9
331.96,180.0,758.3
332.16,183.0,754.7
332.36,188.0,778.4
332.56,191.0,773.9
332.76,195.0,600.5
332.96,198.0,416.6
333.16,198.0,201.9
333.36,198.0,84.8
333.56,198.0,84.8
333.76,198.0,123.9
333.96,198.0,143.4
334.16,199.0,192.4
334.56,200.0,329.3
334.76,202.0,248.7
334.96,204.0,172.2
335.16,202.0,-69.9
335.36,202.0,-209.3
335.56,199.0,-227.9
335.76,198.0,-247.0
335.96,196.0,-284.5
336.16,195.0,-360.6
336.36,191.0,-374.6
336.56,189.0,-521.0
336.76,187.0,-184.9
336.96,181.0,120.8
337.16,188.0,352.1
337.36,190.0,525.7
337.56,190.0,338.4
337.76,192.0,305.4
337.96,194.0,348.2
338.16,194.0,348.2
338.36,196.0,353.1
338.56,198.0,525.4
338.96,203.0,582.2
339.16,205.0,577.9
339.36,208.0,527.1
339.56,210.0,492.3
339.76,211.0,453.8
339.96,213.0,522.7
340.16,215.0,508.0
340.36,218.0,388.7
340.56,218.0,238.3
340.76,218.0,152.3
340.96,218.0,216.8
341.16,219.0,240.2
341.36,220.0,307.2
341.56,220.0,372.3
341.76,222.0,508.7
341.96,224.0,625.4
342.16,227.0,636.5
342.36,229.0,711.7
342.56,231.0,719.7
342.76,235.0,736.1
342.96,237.0,791.0
343.16,239.0,799.7
343.36,243.0,841.2
343.56,246.0,757.7
343.76,248.0,668.2
343.96,249.0,696.6
344.16,252.0,708.3
344.36,255.0,318.0
344.56,256.0,-310.5
344.76,250.0,-999.9
344.96,245.0,-1516.5
345.16,237.0,-1615.2
345.36,228.0,-1719.6
345.56,221.0,-1542.2
345.76,212.0,-1444.9
345.96,207.0,-1333.0
346.16,198.0,-1164.3
346.36,193.0,-1157.2
346.56,187.0,-977.5
346.76,180.0,-980.5
346.96,176.0,-856.8
347.16,169.0,-676.4
347.36,166.0,-600.4
347.56,163.0,-446.4
347.76,159.0,-421.6
347.96,157.0,-401.6
348.16,154.0,49.3
348.56,159.0,294.9
348.76,160.0,144.0
348.96,160.0,159.8
349.16,161.0,177.1
349.36,162.0,210.6
349.56,163.0,244.5
349.76,164.0,327.3
349.96,166.0,365.0
350.16,169.0,123.2
350.36,170.0,-395.0
350.56,164.0,-933.6
350.76,155.0,-1191.9
350.96,146.0,-959.6
351.36,136.0,-675.1
351.56,130.0,-533.6
351.76,125.0,-514.5
351.96,123.0,-397.7
352.56,120.0,-152.2
352.76,118.0,-22.2
352.96,117.0,58.5
353.16,119.0,189.0
353.36,121.0,288.1
353.56,123.0,305.5
353.76,126.0,363.5
353.96,128.0,483.4
354.16,132.0,551.7
354.36,138.0,586.5
354.76,144.0,504.7
354.96,148.0,609.8
355.16,151.0,668.0
355.36,156.0,692.3
355.56,161.0,780.2
355.76,164.0,812.3
355.96,170.0,861.8
356.16,175.0,1010.5
356.76,163.0,-1233.7
356.96,154.0,-1154.2
357.16,147.0,-1104.5
357.36,139.0,-978.7
357.56,131.0,-847.4
357.76,125.0,-724.0
357.96,120.0,-625.4
358.16,114.0,-573.0
358.36,109.0,-516.7
358.56,104.0,-442.7
358.76,100.0,-298.3
358.96,96.0,-145.1
359.16,97.0,-50.8
359.36,97.0,6.6
359.56,96.0,6.3
359.76,96.0,44.2
359.96,97.0,83.1
360.16,98.0,237.3
360.56,105.0,336.9
360.76,107.0,306.0
361.16,113.0,505.9
361.36,120.0,746.8
361.56,124.0,711.6
361.76,132.0,694.8
361.96,135.0,698.3
362.16,140.0,615.4
362.36,145.0,667.8
362.56,148.0,624.4
362.76,153.0,677.7
362.96,156.0,676.9
363.16,162.0,689.7
363.36,164.0,780.0
363.56,169.0,839.5
363.76,175.0,907.0
363.96,180.0,847.0
364.16,183.0,808.8
364.36,187.0,792.0
364.56,192.0,835.3
364.76,195.0,792.7
364.96,199.0,654.8
365.16,202.0,169.0
365.36,203.0,-569.8
365.56,195.0,-1244.8
365.76,186.0,-1706.3
365.96,176.0,-1602.8
366.16,164.0,-1499.4
366.36,158.0,-1153.6
366.76,144.0,-671.4
367.16,138.0,-175.2
367.36,138.0,-6.2
367.56,138.0,-6.2
367.76,137.0,-6.5
367.96,137.0,61.1
368.16,137.0,169.1
368.36,139.0,309.3
368.56,141.0,453.4
368.76,145.0,524.9
368.96,149.0,496.9
369.16,152.0,403.2
369.36,153.0,361.0
369.56,155.0,397.1
369.76,158.0,515.1
369.96,161.0,573.9
370.16,165.0,459.9
370.36,168.0,221.3
370.56,167.0,-60.3
370.76,165.0,-337.1
370.96,163.0,-478.5
371.16,158.0,-466.1
371.36,154.0,-471.1
371.56,153.0,-158.2
371.96,152.0,5.1
372.16,152.0,88.5
372.36,152.0,58.6
372.56,153.0,104.6
372.76,152.0,238.4
372.96,154.0,257.5
373.16,158.0,250.4
373.36,157.0,155.5
373.56,157.0,93.6
373.76,158.0,203.6
373.96,159.0,283.7
374.16,161.0,367.6
374.36,163.0,485.5
374.56,166.0,594.1
374.76,170.0,660.7
374.96,174.0,695.5
375.16,177.0,666.7
375.56,184.0,697.2
375.76,187.0,810.5
375.96,191.0,811.5
376.16,196.0,874.7
376.36,199.0,752.9
376.76,205.0,895.4
376.96,210.0,1134.0
377.16,215.0,1165.0
377.36,220.0,1239.7
377.56,225.0,1338.8
377.76,231.0,1357.3
377.96,237.0,1398.4
378.16,241.0,1331.1
378.36,247.0,1224.5
378.56,251.0,1273.4
378.76,254.0,1242.0
378.96,260.0,1304.0
379.16,264.0,1381.0
379.36,268.0,1327.6
379.56,273.0,1305.1
379.76,277.0,1275.0
379.96,280.0,1237.7
380.16,284.0,1345.0
380.36,288.0,1398.1
380.56,293.0,1429.9
380.76,296.0,1319.9
382.76,331.0,346.6
382.96,334.0,1145.8
383.16,331.0,1260.2
383.36,340.0,1547.1
383.56,342.0,1594.0
383.76,346.0,870.7
383.96,346.0,563.8
384.16,345.0,220.0
384.36,345.0,288.0
384.56,344.0,352.9
384.76,345.0,419.2
385.16,345.0,458.0
385.36,345.0,628.1
385.56,346.0,666.1
385.76,347.0,601.7
385.96,348.0,537.0
386.16,347.0,464.9
386.36,348.0,365.5
386.56,348.0,434.1
386.76,347.0,396.5
386.96,348.0,434.1
387.16,348.0,468.4
387.36,348.0,468.4
387.56,348.0,434.1
387.76,349.0,403.1
387.96,348.0,365.5
388.16,348.0,331.2
388.36,348.0,399.8
388.56,348.0,331.2
388.76,348.0,365.5
388.96,347.0,396.5
389.16,348.0,434.1
389.36,348.0,537.0
389.56,348.0,502.7
389.76,349.0,506.3
389.96,349.0,471.9
390.16,349.0,403.1
390.36,349.0,403.1
390.56,349.0,403.1
390.76,349.0,471.9
390.96,349.0,437.5
391.16,350.0,406.4
391.36,349.0,368.7
391.56,349.0,334.2
391.76,349.0,403.1
391.96,349.0,403.1
392.16,349.0,334.2
392.36,349.0,299.8
392.56,348.0,296.9
392.76,348.0,331.2
392.96,348.0,399.8
393.16,348.0,399.8
393.36,348.0,331.2
393.56,348.0,296.9
393.76,347.0,362.3
393.96,347.0,362.3
394.16,348.0,399.8
394.36,347.0,362.3
394.56,347.0,328.1
394.76,347.0,396.5
394.96,347.0,396.5
395.16,347.0,464.9
395.36,347.0,499.1
395.56,348.0,296.9
395.76,348.0,22.4
395.96,345.0,-392.2
396.16,343.0,-698.3
396.36,339.0,-832.0
396.56,335.0,-962.2
396.76,331.0,-1023.7
396.96,327.0,-1051.2
397.16,322.0,-980.8
397.36,318.0,-913.1
397.56,315.0,-785.5
397.76,311.0,-659.8
397.96,308.0,-537.0
398.16,306.0,-265.4
398.36,304.0,-27.1
398.56,304.0,152.6
398.76,304.0,272.5
398.96,304.0,272.5
399.16,304.0,212.6
399.36,304.0,182.6
399.56,303.0,299.9
399.76,303.0,270.0
399.96,305.0,275.0
400.16,303.0,329.7
400.36,303.0,389.5
400.56,305.0,545.6
400.76,306.0,549.1
400.96,306.0,488.7
401.16,307.0,582.8
401.36,308.0,677.4
401.56,310.0,746.3
401.76,311.0,750.4
401.96,313.0,450.1
402.16,314.0,-134.8
402.36,311.0,-782.4
402.56,305.0,-1258.3
402.76,300.0,-1659.6
402.96,294.0,-1780.5
403.16,284.0,-1958.4
403.36,278.0,-1897.8
403.56,269.0,-1635.9
403.76,263.0,-1373.5
403.96,257.0,-918.5
404.16,254.0,-510.7
404.36,252.0,-186.0
404.56,252.0,-61.7
404.76,251.0,-136.8
404.96,250.0,-433.1
405.16,247.0,-772.0
405.36,242.0,-976.3
405.56,236.0,-934.8
405.76,232.0,-625.5
405.96,229.0,-213.8
406.16,229.0,102.2
406.36,230.0,307.6
406.56,231.0,309.9
406.76,232.0,243.6
406.96,232.0,175.0
407.16,232.0,83.5
407.36,232.0,-259.6
407.56,231.0,-783.1
407.76,224.0,-1273.5
407.96,216.0,-1596.6
408.16,208.0,-1687.2
408.36,199.0,-1542.2
408.56,189.0,-1396.6
408.76,184.0,-1253.9
408.96,176.0,-1169.1
409.16,169.0,-1159.5
409.36,161.0,-997.3
409.56,155.0,-916.9
409.76,150.0,-844.9
409.96,143.0,-878.6
410.16,137.0,-857.2
410.36,129.0,-796.9
410.56,124.0,-767.4
410.76,117.0,-707.7
411.16,104.0,-631.7
411.36,97.0,-490.6
411.56,92.0,-375.4
411.76,88.0,-238.2
411.96,87.0,-115.6
412.16,85.0,-12.6
412.36,86.0,12.8
412.56,87.0,30.2
412.76,86.0,55.2
412.96,86.0,156.9
413.16,89.0,311.9
413.36,94.0,459.9
413.56,99.0,534.0
413.76,105.0,588.2
414.56,114.0,-33.6
414.76,112.0,-33.5
414.96,113.0,-33.6
415.56,116.0,-262.4
415.76,118.0,-161.8
415.96,111.0,-361.7
416.16,113.0,-534.8
416.36,101.0,-530.1
416.56,98.0,-582.5
416.76,91.0,-407.4
416.96,87.0,-364.3
417.16,83.0,-258.0
417.36,80.0,-170.2
417.56,78.0,-50.8
417.76,78.0,87.6
417.96,80.0,184.7
418.16,84.0,227.5
418.36,86.0,250.1
418.56,88.0,290.9
418.76,92.0,386.4
418.96,97.0,456.0
419.16,102.0,490.4
419.36,106.0,489.5
420.76,138.0,-33.4
420.96,137.0,-33.5
421.16,137.0,-33.5
