t_s,speed_kmh,accel_m_s2,power_kW
1.28,113.0,0.000,19.9
2.28,143.0,8.333,878.8
3.28,167.0,6.667,837.7
4.28,157.0,-2.778,-268.5
5.28,124.0,-9.167,-782.6
6.28,96.0,-7.778,-515.5
7.28,81.0,-4.167,-228.9
8.28,79.0,-0.556,-21.0
9.28,96.0,4.722,336.1
10.28,126.0,8.333,770.2
11.28,158.0,8.889,1038.4
12.28,177.0,5.278,717.8
13.28,181.0,1.111,200.7
14.28,181.0,0.000,57.9
15.28,159.0,-6.111,-647.3
16.28,162.0,0.833,140.0
17.28,174.0,3.333,464.2
18.28,189.0,4.167,623.4
19.28,200.0,3.056,508.2
20.28,201.0,0.278,115.1
21.28,200.0,-0.278,35.0
22.28,173.0,-7.500,-869.0
23.28,140.0,-9.167,-879.3
24.28,125.0,-4.167,-345.1
25.28,103.0,-6.111,-430.2
26.28,105.0,0.556,58.5
27.28,123.0,5.000,460.2
28.28,146.0,6.389,696.7
29.28,152.0,1.667,217.9
30.28,148.0,-1.111,-80.9
31.28,125.0,-6.389,-542.2
32.28,115.0,-2.778,-206.1
33.28,116.0,0.278,43.8
34.28,110.0,-1.667,-111.3
35.28,125.0,4.167,394.2
36.28,152.0,7.500,847.1
37.28,140.0,-3.333,-299.7
38.28,112.0,-7.778,-598.7
39.28,96.0,-4.444,-288.4
40.28,102.0,1.667,136.8
41.28,125.0,6.389,591.3
42.28,146.0,5.833,639.1
43.28,169.0,6.389,815.3
44.28,191.0,6.111,894.7
45.28,223.0,8.889,1505.5
46.28,251.0,7.778,1520.7
47.28,264.0,3.611,831.5
48.28,269.0,1.389,428.2
49.28,278.0,2.500,671.6
50.28,261.0,-4.722,-724.6
51.28,225.0,-10.000,-1495.8
52.28,200.0,-6.944,-911.3
53.28,174.0,-7.222,-839.3
54.28,178.0,1.111,196.0
55.28,190.0,3.333,514.9
56.28,199.0,2.500,426.6
57.28,212.0,3.611,629.8
58.28,227.0,4.167,774.7
59.28,234.0,1.944,435.0
60.28,245.0,3.056,658.0
61.28,258.0,3.611,806.8
62.28,269.0,3.056,746.4
63.28,280.0,3.056,789.1
64.28,291.0,3.056,833.3
65.28,301.0,2.778,815.5
66.28,314.0,3.611,1054.5
67.28,295.0,-5.278,-895.0
68.28,280.0,-4.167,-646.1
69.28,246.0,-9.444,-1520.9
70.28,213.0,-9.167,-1298.2
71.28,208.0,-1.389,-122.7
72.28,207.0,-0.278,40.5
73.28,218.0,3.056,565.8
74.28,221.0,0.833,227.1
75.28,184.0,-10.278,-1281.8
76.28,141.0,-11.944,-1163.3
77.28,111.0,-8.333,-637.3
78.28,97.0,-3.889,-253.0
79.28,105.0,2.222,182.7
80.28,106.0,0.278,38.4
81.28,125.0,5.278,492.8
82.28,149.0,6.667,741.3
83.28,174.0,6.944,910.2
84.28,201.0,7.500,1145.3
85.28,220.0,5.278,919.3
86.28,237.0,4.722,910.2
87.28,253.0,4.444,936.1
88.28,268.0,4.167,953.9
89.28,278.0,2.778,726.4
90.28,291.0,3.611,948.0
91.28,277.0,-3.889,-587.9
92.28,248.0,-8.056,-1287.0
93.28,242.0,-1.667,-163.7
94.28,240.0,-0.556,25.2
95.28,210.0,-8.333,-1157.6
96.28,176.0,-9.444,-1125.6
97.28,176.0,0.000,54.1
98.28,170.0,-1.667,-151.4
99.28,129.0,-11.389,-1016.4
100.28,128.0,-0.278,0.6
101.28,133.0,1.389,159.2
102.28,128.0,-1.389,-100.3
103.28,95.0,-9.167,-603.9
104.28,84.0,-3.056,-170.9
105.28,82.0,-0.556,-21.5
106.28,96.0,3.889,279.4
107.28,88.0,-2.222,-126.5
108.28,100.0,3.333,252.1
109.28,127.0,7.500,701.4
110.28,154.0,7.500,859.0
111.28,188.0,9.444,1323.8
112.28,225.0,10.278,1742.3
113.28,251.0,7.222,1421.7
114.28,278.0,7.500,1658.1
115.28,261.0,-4.722,-724.6
116.28,229.0,-8.889,-1338.8
117.28,206.0,-6.389,-853.7
118.28,181.0,-6.944,-834.1
119.28,165.0,-4.444,-474.2
120.28,171.0,1.667,252.7
121.28,179.0,2.222,338.7
122.28,191.0,3.333,518.1
123.28,150.0,-11.389,-1175.5
124.28,115.0,-9.722,-772.9
125.28,105.0,-2.778,-189.9
126.28,111.0,1.667,150.4
127.28,134.0,6.389,636.2
128.28,151.0,4.722,543.5
129.28,174.0,6.389,841.5
130.28,152.0,-6.111,-621.2
131.28,120.0,-8.889,-734.5
132.28,94.0,-7.222,-468.0
133.28,91.0,-0.833,-40.8
134.28,98.0,1.944,150.2
135.28,124.0,7.222,659.7
136.28,154.0,8.333,950.0
137.28,180.0,7.222,979.8
138.28,168.0,-3.333,-349.2
139.28,151.0,-4.722,-468.6
140.28,157.0,1.667,226.8
141.28,166.0,2.500,341.4
142.28,182.0,4.444,632.8
143.28,166.0,-4.444,-476.7
144.28,144.0,-6.111,-591.0
145.28,145.0,0.278,62.7
146.28,148.0,0.833,123.3
147.28,154.0,1.667,221.4
148.28,170.0,4.444,585.9
149.28,188.0,5.000,730.8
150.28,205.0,4.722,766.4
151.28,162.0,-11.944,-1329.1
152.28,132.0,-8.333,-753.1
153.28,119.0,-3.611,-282.9
154.28,97.0,-6.111,-406.0
155.28,80.0,-4.722,-257.7
156.28,64.0,-4.444,-194.6
157.28,77.0,3.611,207.1
158.28,114.0,10.278,851.8
159.28,129.0,4.167,407.8
160.28,150.0,5.833,657.9
161.28,175.0,6.944,915.8
162.28,198.0,6.389,970.4
163.28,215.0,4.722,810.3
164.28,192.0,-6.389,-803.4
165.28,160.0,-8.889,-966.4
166.28,134.0,-7.222,-658.3
167.28,112.0,-6.111,-466.3
168.28,113.0,0.278,42.1
169.28,123.0,2.778,266.2
170.28,140.0,4.722,500.7
171.28,157.0,4.722,567.2
172.28,145.0,-3.333,-308.9
173.28,115.0,-8.333,-659.6
174.28,111.0,-1.111,-68.4
175.28,126.0,4.167,397.6
176.28,147.0,5.833,643.8
177.28,172.0,6.944,898.8
178.28,197.0,6.944,1042.6
179.28,221.0,6.667,1142.1
180.28,250.0,8.056,1563.0
181.28,237.0,-3.611,-491.5
182.28,215.0,-6.111,-842.8
183.28,202.0,-3.611,-441.3
184.28,206.0,1.111,242.8
185.28,209.0,0.833,207.0
186.28,180.0,-8.056,-971.9
187.28,148.0,-8.889,-897.9
188.28,121.0,-7.500,-621.2
189.28,109.0,-3.333,-239.4
190.28,106.0,-0.833,-45.2
191.28,107.0,0.278,38.9
192.28,126.0,5.278,496.9
193.28,149.0,6.389,711.9
194.28,169.0,5.556,715.3
195.28,188.0,5.278,767.9
196.28,205.0,4.722,766.4
197.28,220.0,4.167,745.8
198.28,218.0,-0.556,7.1
199.28,217.0,-0.278,49.1
200.28,219.0,0.556,180.5
201.28,227.0,2.222,461.4
202.28,237.0,2.778,583.2
203.28,245.0,2.222,513.1
204.28,244.0,-0.278,77.2
205.28,240.0,-1.111,-69.4
206.28,232.0,-2.222,-256.4
207.28,234.0,0.556,204.3
208.28,243.0,2.500,555.1
209.28,254.0,3.056,690.4
210.28,263.0,2.500,620.0
211.28,272.0,2.500,650.6
212.28,279.0,1.944,565.1
213.28,277.0,-0.556,67.4
214.28,257.0,-5.556,-869.3
215.28,255.0,-0.556,40.5
216.28,251.0,-1.111,-62.8
217.28,252.0,0.278,186.3
218.28,231.0,-5.833,-848.0
219.28,201.0,-8.333,-1113.4
220.28,173.0,-7.778,-903.1
221.28,175.0,0.556,122.3
222.28,181.0,1.667,272.0
223.28,195.0,3.889,608.0
224.28,210.0,4.167,705.4
225.28,224.0,3.889,718.1
226.28,221.0,-0.833,-34.3
227.28,197.0,-6.667,-860.4
228.28,187.0,-2.778,-305.8
229.28,190.0,0.833,177.8
230.28,203.0,3.611,597.6
231.28,216.0,3.611,644.4
232.28,186.0,-8.333,-1038.1
233.28,158.0,-7.778,-830.5
234.28,121.0,-10.278,-859.7
235.28,92.0,-8.056,-512.7
236.28,80.0,-3.333,-178.9
237.28,82.0,0.556,43.2
238.28,100.0,5.000,370.4
239.28,122.0,6.111,552.4
240.28,144.0,6.111,658.1
241.28,167.0,6.389,804.8
242.28,180.0,3.611,518.5
243.28,198.0,5.000,775.2
244.28,167.0,-8.611,-973.0
245.28,134.0,-9.167,-843.2
246.28,100.0,-9.444,-654.7
247.28,86.0,-3.889,-225.6
248.28,85.0,-0.278,-5.2
249.28,83.0,-0.556,-21.7
250.28,84.0,0.278,27.9
251.28,92.0,2.222,158.4
252.28,113.0,5.833,487.7
253.28,138.0,6.944,710.7
254.28,162.0,6.667,810.7
255.28,188.0,7.222,1027.3
256.28,215.0,7.500,1234.1
257.28,238.0,6.389,1196.4
258.28,208.0,-8.333,-1147.8
259.28,174.0,-9.444,-1113.7
260.28,170.0,-1.111,-84.4
261.28,185.0,4.167,608.3
262.28,201.0,4.444,709.4
263.28,175.0,-7.222,-843.7
264.28,144.0,-8.611,-846.5
265.28,142.0,-0.556,-23.5
266.28,140.0,-0.556,-23.7
267.28,133.0,-1.944,-155.4
268.28,136.0,0.833,110.0
269.28,152.0,4.444,517.5
270.28,126.0,-7.222,-620.9
271.28,116.0,-2.778,-207.7
272.28,109.0,-1.944,-132.0
273.28,125.0,4.444,418.8
274.28,152.0,7.500,847.1
275.28,175.0,6.389,846.8
276.28,191.0,4.444,668.7
277.28,169.0,-6.111,-684.0
278.28,163.0,-1.667,-147.9
279.28,166.0,0.833,145.1
280.28,163.0,-0.833,-51.5
281.28,142.0,-5.833,-555.3
282.28,145.0,0.833,119.9
283.28,147.0,0.556,93.2
284.28,136.0,-3.056,-265.4
285.28,146.0,2.778,322.5
286.28,168.0,6.111,776.9
287.28,171.0,0.833,151.5
288.28,127.0,-12.222,-1076.2
289.28,122.0,-1.389,-97.0
290.28,131.0,2.500,259.6
291.28,152.0,5.833,667.3
292.28,169.0,4.722,615.4
293.28,140.0,-8.056,-768.9
294.28,121.0,-5.278,-430.3
295.28,120.0,-0.278,-1.2
296.28,132.0,3.333,339.9
297.28,141.0,2.500,282.2
298.28,149.0,2.222,271.3
299.28,121.0,-7.778,-645.0
300.28,109.0,-3.333,-239.4
301.28,118.0,2.500,231.1
302.28,140.0,6.111,638.7
303.28,167.0,7.500,936.5
304.28,158.0,-2.500,-238.7
305.28,116.0,-11.667,-939.5
306.28,104.0,-3.333,-229.2
307.28,112.0,2.222,196.1
308.28,120.0,2.222,211.8
309.28,137.0,4.722,489.2
310.28,162.0,6.944,842.7
311.28,172.0,2.778,390.2
312.28,129.0,-11.944,-1067.3
313.28,109.0,-5.556,-411.3
314.28,104.0,-1.389,-85.7
315.28,110.0,1.667,148.9
316.28,135.0,6.944,694.4
317.28,155.0,5.556,651.0
318.28,173.0,5.000,665.7
319.28,181.0,2.222,343.4
320.28,184.0,0.833,169.2
321.28,193.0,2.500,410.5
322.28,207.0,3.889,652.7
323.28,220.0,3.611,659.1
324.28,190.0,-8.333,-1058.3
325.28,163.0,-7.500,-822.7
326.28,145.0,-5.000,-480.4
327.28,149.0,1.111,153.8
328.28,153.0,1.111,159.3
329.28,152.0,-0.278,8.1
330.28,159.0,1.944,261.7
331.28,162.0,0.833,140.0
332.28,168.0,1.667,247.0
333.28,188.0,5.556,804.9
334.28,198.0,2.778,462.9
335.28,200.0,0.556,153.3
336.28,202.0,0.556,156.0
337.28,191.0,-3.056,-347.9
338.28,190.0,-0.278,27.9
339.28,196.0,1.667,302.6
340.28,208.0,3.333,574.4
341.28,218.0,2.778,522.8
342.28,220.0,0.556,182.0
343.28,229.0,2.500,512.2
344.28,243.0,3.889,794.6
345.28,255.0,3.333,744.3
346.28,228.0,-7.500,-1109.0
347.28,193.0,-9.722,-1263.7
348.28,166.0,-7.500,-836.7
349.28,157.0,-2.500,-237.5
350.28,162.0,1.389,203.9
351.28,170.0,2.222,317.8
352.28,136.0,-9.444,-882.1
353.28,121.0,-4.167,-334.9
354.28,121.0,0.000,22.9
355.28,138.0,4.722,493.0
356.28,156.0,5.000,594.0
357.28,178.0,6.111,827.6
358.28,139.0,-10.833,-1037.7
359.28,109.0,-8.333,-626.2
360.28,97.0,-3.333,-214.8
361.28,101.0,1.111,95.5
362.28,120.0,5.278,472.0
363.28,145.0,6.944,748.8
364.28,164.0,5.278,659.9
365.28,187.0,6.389,910.8
366.28,203.0,4.444,717.7
367.28,158.0,-12.500,-1360.0
368.28,138.0,-5.556,-513.6
369.28,139.0,0.278,58.4
370.28,153.0,3.889,460.9
371.28,168.0,4.167,545.1
372.28,154.0,-3.889,-385.8
373.28,152.0,-0.556,-21.9
374.28,157.0,1.389,195.8
375.28,163.0,1.667,237.7
376.28,181.0,5.000,700.2
377.28,199.0,5.000,779.7
378.28,220.0,5.833,1006.1
379.28,247.0,7.500,1444.2
380.28,268.0,5.833,1270.9
381.28,288.0,5.556,1332.1
382.28,307.0,5.278,1384.5
383.28,324.0,4.722,1358.5
384.28,340.0,4.444,1384.7
385.28,345.0,1.389,665.4
386.28,345.0,0.000,325.3
387.28,348.0,0.833,539.2
388.28,348.0,0.000,333.4
389.28,348.0,0.000,333.4
390.28,348.0,0.000,333.4
391.28,349.0,0.278,404.9
392.28,349.0,0.000,336.1
393.28,349.0,0.000,336.1
394.28,348.0,-0.278,264.8
395.28,347.0,-0.278,262.3
396.28,347.0,0.000,330.7
397.28,339.0,-2.222,-225.0
398.28,318.0,-5.833,-1057.8
399.28,304.0,-3.889,-610.8
400.28,304.0,0.000,228.3
401.28,303.0,-0.278,166.4
402.28,308.0,1.389,540.3
403.28,311.0,0.833,427.1
404.28,278.0,-9.167,-1630.3
405.28,252.0,-7.222,-1155.1
406.28,242.0,-2.778,-354.5
407.28,230.0,-3.333,-437.1
408.28,232.0,0.556,201.0
409.28,199.0,-9.167,-1221.1
410.28,161.0,-10.556,-1162.5
411.28,129.0,-8.889,-787.5
412.28,97.0,-8.889,-597.2
413.28,86.0,-3.056,-174.7
414.28,94.0,2.222,162.1
415.28,115.0,5.833,496.7
416.28,115.0,0.000,20.6
417.28,107.0,-2.222,-151.0
418.28,80.0,-7.500,-415.5
419.28,86.0,1.667,113.5
